/*******************************************************************************
 * Size: 24 px
 * Bpp: 4
 * Opts: --bpp 4 --size 24 --font C:/Users/heman/Downloads/Documents/SEM 8/Techno/Spotify_Controller_7Inch/assets/Noto_Sans_JP/static/NotoSansJP-Bold.ttf -o C:/Users/heman/Downloads/Documents/SEM 8/Techno/Spotify_Controller_7Inch/assets/Noto_Sans_JP/static\ui_font_FontJepang24.c --format lvgl -r 0x0020-0x007F -r 0x3040-0x309F -r 0x30A0-0x30FF --no-compress --no-prefilter
 ******************************************************************************/

#include "ui.h"

#ifndef UI_FONT_FONTJEPANG24
#define UI_FONT_FONTJEPANG24 1
#endif

#if UI_FONT_FONTJEPANG24

/*-----------------
 *    BITMAPS
 *----------------*/

/*Store the image of the glyphs*/
static LV_ATTRIBUTE_LARGE_CONST const uint8_t glyph_bitmap[] = {
    /* U+0020 " " */

    /* U+0021 "!" */
    0x5f, 0xff, 0x34, 0xff, 0xf2, 0x4f, 0xff, 0x23,
    0xff, 0xf1, 0x2f, 0xff, 0x1, 0xff, 0xf0, 0xf,
    0xfe, 0x0, 0xff, 0xd0, 0xf, 0xfc, 0x0, 0xef,
    0xc0, 0xd, 0xfb, 0x0, 0xcf, 0xa0, 0x4, 0x63,
    0x0, 0x7a, 0x60, 0x7f, 0xff, 0x5b, 0xff, 0xf9,
    0x9f, 0xff, 0x71, 0xcf, 0xb0,

    /* U+0022 "\"" */
    0xef, 0xfa, 0x0, 0xef, 0xfa, 0xdf, 0xfa, 0x0,
    0xdf, 0xfa, 0xdf, 0xf9, 0x0, 0xdf, 0xf9, 0xcf,
    0xf8, 0x0, 0xcf, 0xf8, 0xaf, 0xf6, 0x0, 0xaf,
    0xf6, 0x8f, 0xf4, 0x0, 0x8f, 0xf4, 0x6f, 0xf2,
    0x0, 0x6f, 0xf2, 0x4f, 0xf0, 0x0, 0x4f, 0xf0,
    0x1a, 0x90, 0x0, 0x1a, 0x90,

    /* U+0023 "#" */
    0x0, 0x0, 0x8f, 0x80, 0x6, 0xfa, 0x0, 0x0,
    0x0, 0xaf, 0x60, 0x8, 0xf8, 0x0, 0x0, 0x0,
    0xdf, 0x40, 0xb, 0xf6, 0x0, 0x0, 0x0, 0xff,
    0x10, 0xd, 0xf4, 0x0, 0x8, 0xff, 0xff, 0xff,
    0xff, 0xff, 0xf5, 0x8, 0xff, 0xff, 0xff, 0xff,
    0xff, 0xf5, 0x2, 0x58, 0xfd, 0x55, 0x7f, 0xe5,
    0x51, 0x0, 0x7, 0xfa, 0x0, 0x5f, 0xc0, 0x0,
    0x0, 0x8, 0xf9, 0x0, 0x6f, 0xb0, 0x0, 0x0,
    0xa, 0xf7, 0x0, 0x8f, 0x90, 0x0, 0x5, 0x5c,
    0xf9, 0x55, 0xbf, 0xa5, 0x40, 0x1f, 0xff, 0xff,
    0xff, 0xff, 0xff, 0xc0, 0x1f, 0xff, 0xff, 0xff,
    0xff, 0xff, 0xc0, 0x0, 0x1f, 0xf0, 0x0, 0xff,
    0x20, 0x0, 0x0, 0x3f, 0xe0, 0x1, 0xff, 0x0,
    0x0, 0x0, 0x5f, 0xc0, 0x3, 0xfe, 0x0, 0x0,
    0x0, 0x7f, 0xa0, 0x5, 0xfc, 0x0, 0x0, 0x0,
    0x9f, 0x80, 0x7, 0xfa, 0x0, 0x0,

    /* U+0024 "$" */
    0x0, 0x0, 0x1f, 0xf4, 0x0, 0x0, 0x0, 0x0,
    0x1f, 0xf4, 0x0, 0x0, 0x0, 0x0, 0x1f, 0xf4,
    0x0, 0x0, 0x0, 0x6, 0xcf, 0xfe, 0xa3, 0x0,
    0x0, 0xbf, 0xff, 0xff, 0xff, 0x70, 0x8, 0xff,
    0xff, 0xef, 0xff, 0xe1, 0xe, 0xff, 0xb0, 0x1,
    0x8f, 0x30, 0x2f, 0xff, 0x40, 0x0, 0x1, 0x0,
    0x2f, 0xff, 0x50, 0x0, 0x0, 0x0, 0xe, 0xff,
    0xf5, 0x0, 0x0, 0x0, 0x6, 0xff, 0xff, 0xc4,
    0x0, 0x0, 0x0, 0x6f, 0xff, 0xff, 0xb2, 0x0,
    0x0, 0x2, 0xaf, 0xff, 0xff, 0x40, 0x0, 0x0,
    0x3, 0xcf, 0xff, 0xe0, 0x0, 0x0, 0x0, 0x8,
    0xff, 0xf5, 0x0, 0x0, 0x0, 0x0, 0xff, 0xf7,
    0x3, 0x10, 0x0, 0x0, 0xff, 0xf7, 0x1e, 0xe6,
    0x10, 0x7, 0xff, 0xf3, 0x9f, 0xff, 0xfe, 0xff,
    0xff, 0xc0, 0x2c, 0xff, 0xff, 0xff, 0xfd, 0x20,
    0x0, 0x4a, 0xef, 0xfd, 0x70, 0x0, 0x0, 0x0,
    0x1f, 0xf4, 0x0, 0x0, 0x0, 0x0, 0x1f, 0xf4,
    0x0, 0x0, 0x0, 0x0, 0x8, 0x82, 0x0, 0x0,

    /* U+0025 "%" */
    0x0, 0x2a, 0xff, 0xc3, 0x0, 0x0, 0x0, 0xe,
    0xf2, 0x0, 0x0, 0x0, 0x2e, 0xff, 0xff, 0xf4,
    0x0, 0x0, 0x7, 0xf9, 0x0, 0x0, 0x0, 0xa,
    0xfe, 0x32, 0xdf, 0xd0, 0x0, 0x1, 0xef, 0x10,
    0x0, 0x0, 0x0, 0xff, 0x70, 0x5, 0xff, 0x30,
    0x0, 0x8f, 0x80, 0x0, 0x0, 0x0, 0x2f, 0xf4,
    0x0, 0x1f, 0xf6, 0x0, 0x1f, 0xf1, 0x0, 0x0,
    0x0, 0x3, 0xff, 0x30, 0x1, 0xff, 0x60, 0x9,
    0xf7, 0x0, 0x0, 0x0, 0x0, 0x2f, 0xf4, 0x0,
    0x1f, 0xf5, 0x2, 0xfe, 0x0, 0x0, 0x0, 0x0,
    0x0, 0xff, 0x70, 0x5, 0xff, 0x30, 0xbf, 0x60,
    0x3c, 0xff, 0xc3, 0x0, 0xa, 0xfe, 0x32, 0xdf,
    0xd0, 0x3f, 0xd0, 0x3f, 0xff, 0xff, 0xf3, 0x0,
    0x1e, 0xff, 0xff, 0xf4, 0xc, 0xf5, 0xc, 0xfd,
    0x21, 0xdf, 0xc0, 0x0, 0x2a, 0xff, 0xc3, 0x4,
    0xfc, 0x1, 0xff, 0x60, 0x5, 0xff, 0x10, 0x0,
    0x0, 0x0, 0x0, 0xdf, 0x40, 0x4f, 0xf3, 0x0,
    0x3f, 0xf4, 0x0, 0x0, 0x0, 0x0, 0x6f, 0xb0,
    0x4, 0xff, 0x20, 0x2, 0xff, 0x50, 0x0, 0x0,
    0x0, 0xe, 0xf3, 0x0, 0x3f, 0xf3, 0x0, 0x3f,
    0xf4, 0x0, 0x0, 0x0, 0x7, 0xfa, 0x0, 0x1,
    0xff, 0x60, 0x6, 0xff, 0x10, 0x0, 0x0, 0x1,
    0xef, 0x20, 0x0, 0xb, 0xfe, 0x32, 0xef, 0xb0,
    0x0, 0x0, 0x0, 0x8f, 0x90, 0x0, 0x0, 0x2e,
    0xff, 0xff, 0xf2, 0x0, 0x0, 0x0, 0x1f, 0xf1,
    0x0, 0x0, 0x0, 0x2b, 0xff, 0xb2, 0x0,

    /* U+0026 "&" */
    0x0, 0x0, 0x18, 0xef, 0xea, 0x10, 0x0, 0x0,
    0x0, 0x0, 0x1, 0xdf, 0xff, 0xff, 0xe1, 0x0,
    0x0, 0x0, 0x0, 0x9, 0xff, 0xc6, 0xbf, 0xf8,
    0x0, 0x0, 0x0, 0x0, 0xf, 0xff, 0x10, 0x1f,
    0xfb, 0x0, 0x0, 0x0, 0x0, 0xf, 0xfe, 0x0,
    0x2f, 0xfa, 0x0, 0x0, 0x0, 0x0, 0xe, 0xff,
    0x0, 0xbf, 0xf4, 0x0, 0x0, 0x0, 0x0, 0xa,
    0xff, 0x8c, 0xff, 0x90, 0x0, 0x0, 0x0, 0x0,
    0x4, 0xff, 0xff, 0xf8, 0x0, 0x0, 0x0, 0x0,
    0x0, 0x6, 0xff, 0xff, 0x50, 0x0, 0x4, 0xff,
    0xf0, 0x0, 0xaf, 0xff, 0xff, 0x80, 0x0, 0xa,
    0xff, 0x90, 0x8, 0xff, 0xfa, 0xff, 0xf8, 0x0,
    0x1f, 0xff, 0x20, 0xf, 0xff, 0x70, 0x8f, 0xff,
    0xa0, 0xaf, 0xfa, 0x0, 0x3f, 0xff, 0x10, 0x9,
    0xff, 0xfe, 0xff, 0xf2, 0x0, 0x4f, 0xff, 0x30,
    0x0, 0x9f, 0xff, 0xff, 0x70, 0x0, 0x1f, 0xff,
    0xc1, 0x0, 0x1d, 0xff, 0xff, 0xe7, 0x10, 0x9,
    0xff, 0xff, 0xdd, 0xff, 0xff, 0xff, 0xff, 0xf1,
    0x0, 0xbf, 0xff, 0xff, 0xff, 0xf7, 0x7f, 0xff,
    0xd0, 0x0, 0x5, 0xbe, 0xff, 0xc8, 0x10, 0x0,
    0x6c, 0x80,

    /* U+0027 "'" */
    0xef, 0xfa, 0xdf, 0xfa, 0xdf, 0xf9, 0xcf, 0xf8,
    0xaf, 0xf6, 0x8f, 0xf4, 0x6f, 0xf2, 0x4f, 0xf0,
    0x1a, 0x90,

    /* U+0028 "(" */
    0x0, 0x1, 0x0, 0x0, 0xd, 0xe6, 0x0, 0x5f,
    0xf6, 0x0, 0xdf, 0xe0, 0x4, 0xff, 0x70, 0xa,
    0xff, 0x20, 0xf, 0xfd, 0x0, 0x4f, 0xf9, 0x0,
    0x7f, 0xf5, 0x0, 0xaf, 0xf3, 0x0, 0xcf, 0xf0,
    0x0, 0xef, 0xf0, 0x0, 0xef, 0xe0, 0x0, 0xff,
    0xe0, 0x0, 0xef, 0xe0, 0x0, 0xdf, 0xf0, 0x0,
    0xbf, 0xf1, 0x0, 0x9f, 0xf3, 0x0, 0x6f, 0xf6,
    0x0, 0x2f, 0xfa, 0x0, 0xd, 0xfe, 0x0, 0x7,
    0xff, 0x40, 0x1, 0xff, 0xa0, 0x0, 0xaf, 0xf1,
    0x0, 0x2f, 0xf9, 0x0, 0x8, 0x82,

    /* U+0029 ")" */
    0x0, 0x10, 0x0, 0x5, 0xed, 0x0, 0x0, 0x4f,
    0xf6, 0x0, 0x0, 0xdf, 0xe0, 0x0, 0x6, 0xff,
    0x50, 0x0, 0x1f, 0xfb, 0x0, 0x0, 0xcf, 0xf1,
    0x0, 0x8, 0xff, 0x50, 0x0, 0x4f, 0xf8, 0x0,
    0x2, 0xff, 0xb0, 0x0, 0xf, 0xfd, 0x0, 0x0,
    0xef, 0xf0, 0x0, 0xd, 0xff, 0x0, 0x0, 0xdf,
    0xf0, 0x0, 0xd, 0xff, 0x0, 0x0, 0xef, 0xe0,
    0x0, 0xf, 0xfd, 0x0, 0x2, 0xff, 0xa0, 0x0,
    0x5f, 0xf7, 0x0, 0x9, 0xff, 0x30, 0x0, 0xdf,
    0xe0, 0x0, 0x2f, 0xf9, 0x0, 0x8, 0xff, 0x20,
    0x0, 0xff, 0xb0, 0x0, 0x8f, 0xf3, 0x0, 0x1,
    0x89, 0x0, 0x0,

    /* U+002A "*" */
    0x0, 0x0, 0xef, 0x10, 0x0, 0x0, 0x0, 0xff,
    0x20, 0x0, 0x25, 0x12, 0xff, 0x41, 0x43, 0x8f,
    0xfe, 0xff, 0xef, 0xfb, 0x6e, 0xff, 0xff, 0xff,
    0xe7, 0x0, 0x6f, 0xff, 0xf8, 0x0, 0x0, 0x7f,
    0xff, 0xf9, 0x0, 0x1, 0xff, 0xb8, 0xff, 0x30,
    0x4, 0xfc, 0x0, 0xaf, 0x60, 0x0, 0x31, 0x0,
    0x4, 0x0,

    /* U+002B "+" */
    0x0, 0x0, 0x3, 0xee, 0x50, 0x0, 0x0, 0x0,
    0x0, 0x3, 0xff, 0x60, 0x0, 0x0, 0x0, 0x0,
    0x3, 0xff, 0x60, 0x0, 0x0, 0x0, 0x0, 0x3,
    0xff, 0x60, 0x0, 0x0, 0x0, 0x0, 0x3, 0xff,
    0x60, 0x0, 0x0, 0x9, 0x99, 0x9a, 0xff, 0xb9,
    0x99, 0x92, 0x1f, 0xff, 0xff, 0xff, 0xff, 0xff,
    0xf3, 0x1f, 0xff, 0xff, 0xff, 0xff, 0xff, 0xf3,
    0x0, 0x0, 0x3, 0xff, 0x60, 0x0, 0x0, 0x0,
    0x0, 0x3, 0xff, 0x60, 0x0, 0x0, 0x0, 0x0,
    0x3, 0xff, 0x60, 0x0, 0x0, 0x0, 0x0, 0x3,
    0xff, 0x60, 0x0, 0x0, 0x0, 0x0, 0x3, 0xff,
    0x60, 0x0, 0x0,

    /* U+002C "," */
    0x0, 0x22, 0x0, 0xb, 0xff, 0xa0, 0x3f, 0xff,
    0xf4, 0x2f, 0xff, 0xf7, 0x7, 0xff, 0xf8, 0x0,
    0xe, 0xf7, 0x0, 0x5f, 0xf2, 0x4, 0xff, 0xb0,
    0x8f, 0xfd, 0x10, 0x4f, 0xa1, 0x0, 0x2, 0x0,
    0x0,

    /* U+002D "-" */
    0x79, 0x99, 0x99, 0x6d, 0xff, 0xff, 0xfb, 0xdf,
    0xff, 0xff, 0xb0,

    /* U+002E "." */
    0x3, 0xa9, 0x10, 0x1e, 0xff, 0xc0, 0x4f, 0xff,
    0xf1, 0x2f, 0xff, 0xe0, 0x6, 0xfe, 0x40,

    /* U+002F "/" */
    0x0, 0x0, 0x0, 0xdf, 0x80, 0x0, 0x0, 0x1f,
    0xf4, 0x0, 0x0, 0x5, 0xff, 0x0, 0x0, 0x0,
    0x9f, 0xc0, 0x0, 0x0, 0xd, 0xf8, 0x0, 0x0,
    0x1, 0xff, 0x40, 0x0, 0x0, 0x4f, 0xf0, 0x0,
    0x0, 0x8, 0xfc, 0x0, 0x0, 0x0, 0xcf, 0x80,
    0x0, 0x0, 0xf, 0xf4, 0x0, 0x0, 0x4, 0xff,
    0x0, 0x0, 0x0, 0x8f, 0xc0, 0x0, 0x0, 0xc,
    0xf8, 0x0, 0x0, 0x0, 0xff, 0x40, 0x0, 0x0,
    0x4f, 0xf0, 0x0, 0x0, 0x8, 0xfc, 0x0, 0x0,
    0x0, 0xcf, 0x80, 0x0, 0x0, 0xf, 0xf4, 0x0,
    0x0, 0x4, 0xff, 0x0, 0x0, 0x0, 0x8f, 0xc0,
    0x0, 0x0, 0xc, 0xf8, 0x0, 0x0, 0x0, 0xff,
    0x50, 0x0, 0x0, 0x4f, 0xf1, 0x0, 0x0, 0x8,
    0xfd, 0x0, 0x0, 0x0,

    /* U+0030 "0" */
    0x0, 0x5, 0xcf, 0xfd, 0x60, 0x0, 0x0, 0xa,
    0xff, 0xff, 0xff, 0xc0, 0x0, 0x7, 0xff, 0xfe,
    0xdf, 0xff, 0x90, 0x0, 0xef, 0xf9, 0x0, 0x6f,
    0xff, 0x20, 0x5f, 0xff, 0x0, 0x0, 0xdf, 0xf8,
    0x9, 0xff, 0xb0, 0x0, 0x8, 0xff, 0xc0, 0xcf,
    0xf8, 0x0, 0x0, 0x6f, 0xff, 0xe, 0xff, 0x60,
    0x0, 0x4, 0xff, 0xf0, 0xef, 0xf6, 0x0, 0x0,
    0x4f, 0xff, 0x1e, 0xff, 0x60, 0x0, 0x4, 0xff,
    0xf1, 0xdf, 0xf7, 0x0, 0x0, 0x4f, 0xff, 0xc,
    0xff, 0x80, 0x0, 0x6, 0xff, 0xe0, 0x9f, 0xfb,
    0x0, 0x0, 0x8f, 0xfc, 0x5, 0xff, 0xf1, 0x0,
    0xd, 0xff, 0x70, 0xe, 0xff, 0xa0, 0x7, 0xff,
    0xf1, 0x0, 0x6f, 0xff, 0xee, 0xff, 0xf9, 0x0,
    0x0, 0x9f, 0xff, 0xff, 0xfb, 0x0, 0x0, 0x0,
    0x5c, 0xff, 0xd6, 0x0, 0x0,

    /* U+0031 "1" */
    0x0, 0x0, 0x5d, 0xff, 0x50, 0x0, 0x3, 0xbf,
    0xff, 0xff, 0x50, 0x0, 0x7, 0xff, 0xff, 0xff,
    0x50, 0x0, 0x5, 0xbb, 0xcf, 0xff, 0x50, 0x0,
    0x0, 0x0, 0x3f, 0xff, 0x50, 0x0, 0x0, 0x0,
    0x3f, 0xff, 0x50, 0x0, 0x0, 0x0, 0x3f, 0xff,
    0x50, 0x0, 0x0, 0x0, 0x3f, 0xff, 0x50, 0x0,
    0x0, 0x0, 0x3f, 0xff, 0x50, 0x0, 0x0, 0x0,
    0x3f, 0xff, 0x50, 0x0, 0x0, 0x0, 0x3f, 0xff,
    0x50, 0x0, 0x0, 0x0, 0x3f, 0xff, 0x50, 0x0,
    0x0, 0x0, 0x3f, 0xff, 0x50, 0x0, 0x0, 0x0,
    0x3f, 0xff, 0x50, 0x0, 0x0, 0x0, 0x3f, 0xff,
    0x50, 0x0, 0xe, 0xee, 0xff, 0xff, 0xfe, 0xe9,
    0xf, 0xff, 0xff, 0xff, 0xff, 0xfa, 0xf, 0xff,
    0xff, 0xff, 0xff, 0xfa,

    /* U+0032 "2" */
    0x0, 0x5, 0xbe, 0xfe, 0xb4, 0x0, 0x0, 0x1b,
    0xff, 0xff, 0xff, 0xf8, 0x0, 0xd, 0xff, 0xfe,
    0xdf, 0xff, 0xf5, 0x0, 0x6f, 0xe4, 0x0, 0x3e,
    0xff, 0xc0, 0x0, 0x51, 0x0, 0x0, 0x7f, 0xff,
    0x0, 0x0, 0x0, 0x0, 0x4, 0xff, 0xf1, 0x0,
    0x0, 0x0, 0x0, 0x6f, 0xff, 0x0, 0x0, 0x0,
    0x0, 0xa, 0xff, 0xb0, 0x0, 0x0, 0x0, 0x2,
    0xff, 0xf5, 0x0, 0x0, 0x0, 0x0, 0xcf, 0xfd,
    0x0, 0x0, 0x0, 0x0, 0x8f, 0xff, 0x30, 0x0,
    0x0, 0x0, 0x6f, 0xff, 0x80, 0x0, 0x0, 0x0,
    0x5f, 0xff, 0xb0, 0x0, 0x0, 0x0, 0x5f, 0xff,
    0xc0, 0x0, 0x0, 0x0, 0x6f, 0xff, 0xc1, 0x0,
    0x0, 0x0, 0x7f, 0xff, 0xfe, 0xff, 0xff, 0xff,
    0xf, 0xff, 0xff, 0xff, 0xff, 0xff, 0xf0, 0xff,
    0xff, 0xff, 0xff, 0xff, 0xff,

    /* U+0033 "3" */
    0x0, 0x5, 0xbe, 0xff, 0xc7, 0x0, 0x0, 0x2c,
    0xff, 0xff, 0xff, 0xfe, 0x20, 0x8, 0xff, 0xfe,
    0xdf, 0xff, 0xfc, 0x0, 0xa, 0xc3, 0x0, 0x1c,
    0xff, 0xf2, 0x0, 0x0, 0x0, 0x0, 0x5f, 0xff,
    0x30, 0x0, 0x0, 0x0, 0x8, 0xff, 0xf1, 0x0,
    0x0, 0x0, 0x38, 0xff, 0xf8, 0x0, 0x0, 0x9,
    0xff, 0xff, 0xf7, 0x0, 0x0, 0x0, 0x9f, 0xff,
    0xfc, 0x40, 0x0, 0x0, 0x5, 0xab, 0xff, 0xff,
    0x80, 0x0, 0x0, 0x0, 0x0, 0x9f, 0xff, 0x40,
    0x0, 0x0, 0x0, 0x0, 0xef, 0xfa, 0x0, 0x0,
    0x0, 0x0, 0xc, 0xff, 0xc0, 0x18, 0x0, 0x0,
    0x0, 0xef, 0xfb, 0xa, 0xfd, 0x40, 0x1, 0xaf,
    0xff, 0x72, 0xff, 0xff, 0xff, 0xff, 0xff, 0xe1,
    0x4, 0xef, 0xff, 0xff, 0xff, 0xd2, 0x0, 0x1,
    0x7c, 0xff, 0xec, 0x60, 0x0,

    /* U+0034 "4" */
    0x0, 0x0, 0x0, 0x3f, 0xff, 0xf6, 0x0, 0x0,
    0x0, 0x0, 0xcf, 0xff, 0xf6, 0x0, 0x0, 0x0,
    0x7, 0xff, 0xff, 0xf6, 0x0, 0x0, 0x0, 0x1f,
    0xfe, 0xdf, 0xf6, 0x0, 0x0, 0x0, 0xbf, 0xf7,
    0xdf, 0xf6, 0x0, 0x0, 0x5, 0xff, 0xe0, 0xef,
    0xf6, 0x0, 0x0, 0xe, 0xff, 0x50, 0xef, 0xf6,
    0x0, 0x0, 0x9f, 0xfb, 0x0, 0xef, 0xf6, 0x0,
    0x3, 0xff, 0xf1, 0x0, 0xef, 0xf6, 0x0, 0xd,
    0xff, 0x60, 0x0, 0xef, 0xf6, 0x0, 0x6f, 0xff,
    0xbb, 0xbb, 0xff, 0xfd, 0xb5, 0x8f, 0xff, 0xff,
    0xff, 0xff, 0xff, 0xf7, 0x8f, 0xff, 0xff, 0xff,
    0xff, 0xff, 0xf7, 0x0, 0x0, 0x0, 0x0, 0xef,
    0xf6, 0x0, 0x0, 0x0, 0x0, 0x0, 0xef, 0xf6,
    0x0, 0x0, 0x0, 0x0, 0x0, 0xef, 0xf6, 0x0,
    0x0, 0x0, 0x0, 0x0, 0xef, 0xf6, 0x0, 0x0,
    0x0, 0x0, 0x0, 0xef, 0xf6, 0x0,

    /* U+0035 "5" */
    0x0, 0x8f, 0xff, 0xff, 0xff, 0xff, 0x0, 0x9,
    0xff, 0xff, 0xff, 0xff, 0xf0, 0x0, 0xaf, 0xff,
    0xff, 0xff, 0xff, 0x0, 0xa, 0xff, 0x80, 0x0,
    0x0, 0x0, 0x0, 0xbf, 0xf6, 0x0, 0x0, 0x0,
    0x0, 0xc, 0xff, 0x50, 0x0, 0x0, 0x0, 0x0,
    0xdf, 0xfc, 0xef, 0xea, 0x30, 0x0, 0xe, 0xff,
    0xff, 0xff, 0xff, 0x50, 0x0, 0xaf, 0xea, 0x8c,
    0xff, 0xff, 0x20, 0x0, 0x40, 0x0, 0x7, 0xff,
    0xf8, 0x0, 0x0, 0x0, 0x0, 0xe, 0xff, 0xc0,
    0x0, 0x0, 0x0, 0x0, 0xbf, 0xfd, 0x0, 0x0,
    0x0, 0x0, 0xc, 0xff, 0xc0, 0x7, 0x0, 0x0,
    0x1, 0xff, 0xf9, 0xa, 0xfb, 0x30, 0x3, 0xdf,
    0xff, 0x42, 0xff, 0xff, 0xff, 0xff, 0xff, 0xa0,
    0x4, 0xef, 0xff, 0xff, 0xff, 0xb0, 0x0, 0x0,
    0x6c, 0xef, 0xeb, 0x50, 0x0,

    /* U+0036 "6" */
    0x0, 0x0, 0x7c, 0xff, 0xd9, 0x10, 0x0, 0x2,
    0xdf, 0xff, 0xff, 0xff, 0x50, 0x1, 0xef, 0xff,
    0xfe, 0xff, 0xf7, 0x0, 0x9f, 0xff, 0x60, 0x1,
    0x98, 0x0, 0x1f, 0xff, 0x60, 0x0, 0x0, 0x0,
    0x5, 0xff, 0xe0, 0x0, 0x0, 0x0, 0x0, 0x9f,
    0xfa, 0x2, 0x78, 0x50, 0x0, 0xb, 0xff, 0x89,
    0xff, 0xff, 0xf5, 0x0, 0xcf, 0xff, 0xff, 0xff,
    0xff, 0xf4, 0xc, 0xff, 0xfb, 0x20, 0x4e, 0xff,
    0xc0, 0xbf, 0xfc, 0x0, 0x0, 0x5f, 0xff, 0xa,
    0xff, 0x90, 0x0, 0x1, 0xff, 0xf2, 0x7f, 0xfc,
    0x0, 0x0, 0x1f, 0xff, 0x22, 0xff, 0xf2, 0x0,
    0x4, 0xff, 0xf0, 0xc, 0xff, 0xb0, 0x0, 0xcf,
    0xfb, 0x0, 0x3f, 0xff, 0xeb, 0xef, 0xff, 0x30,
    0x0, 0x5f, 0xff, 0xff, 0xff, 0x50, 0x0, 0x0,
    0x29, 0xef, 0xea, 0x20, 0x0,

    /* U+0037 "7" */
    0xcf, 0xff, 0xff, 0xff, 0xff, 0xff, 0xc, 0xff,
    0xff, 0xff, 0xff, 0xff, 0xf0, 0xcf, 0xff, 0xff,
    0xff, 0xff, 0xfc, 0x0, 0x0, 0x0, 0x0, 0x3f,
    0xfe, 0x10, 0x0, 0x0, 0x0, 0xc, 0xff, 0x50,
    0x0, 0x0, 0x0, 0x6, 0xff, 0xb0, 0x0, 0x0,
    0x0, 0x0, 0xef, 0xf3, 0x0, 0x0, 0x0, 0x0,
    0x6f, 0xfb, 0x0, 0x0, 0x0, 0x0, 0xc, 0xff,
    0x50, 0x0, 0x0, 0x0, 0x2, 0xff, 0xf1, 0x0,
    0x0, 0x0, 0x0, 0x7f, 0xfd, 0x0, 0x0, 0x0,
    0x0, 0xb, 0xff, 0x90, 0x0, 0x0, 0x0, 0x0,
    0xef, 0xf7, 0x0, 0x0, 0x0, 0x0, 0x1f, 0xff,
    0x50, 0x0, 0x0, 0x0, 0x3, 0xff, 0xf4, 0x0,
    0x0, 0x0, 0x0, 0x5f, 0xff, 0x20, 0x0, 0x0,
    0x0, 0x7, 0xff, 0xf1, 0x0, 0x0, 0x0, 0x0,
    0x8f, 0xff, 0x0, 0x0, 0x0,

    /* U+0038 "8" */
    0x0, 0x7, 0xcf, 0xfe, 0x91, 0x0, 0x0, 0x1d,
    0xff, 0xff, 0xff, 0xf3, 0x0, 0xa, 0xff, 0xf9,
    0x8e, 0xff, 0xd0, 0x0, 0xff, 0xf4, 0x0, 0x1e,
    0xff, 0x30, 0x2f, 0xff, 0x0, 0x0, 0x9f, 0xf5,
    0x1, 0xff, 0xf1, 0x0, 0x9, 0xff, 0x30, 0xb,
    0xff, 0xa0, 0x0, 0xdf, 0xd0, 0x0, 0x2f, 0xff,
    0xc4, 0x6f, 0xf3, 0x0, 0x0, 0x3f, 0xff, 0xff,
    0xf5, 0x0, 0x0, 0x1c, 0xfe, 0xff, 0xff, 0xe4,
    0x0, 0xd, 0xff, 0x21, 0x7f, 0xff, 0xf3, 0x7,
    0xff, 0x70, 0x0, 0x1d, 0xff, 0xb0, 0xcf, 0xf3,
    0x0, 0x0, 0x5f, 0xff, 0xd, 0xff, 0x40, 0x0,
    0x4, 0xff, 0xf0, 0xbf, 0xfc, 0x0, 0x0, 0xaf,
    0xfe, 0x4, 0xff, 0xfe, 0x98, 0xdf, 0xff, 0x60,
    0x6, 0xff, 0xff, 0xff, 0xff, 0x80, 0x0, 0x2,
    0x9d, 0xff, 0xea, 0x30, 0x0,

    /* U+0039 "9" */
    0x0, 0x2, 0xae, 0xfe, 0xa3, 0x0, 0x0, 0x5,
    0xff, 0xff, 0xff, 0xf7, 0x0, 0x2, 0xff, 0xff,
    0xbe, 0xff, 0xf5, 0x0, 0xaf, 0xfd, 0x10, 0x9,
    0xff, 0xe0, 0xf, 0xff, 0x50, 0x0, 0xe, 0xff,
    0x50, 0xff, 0xf3, 0x0, 0x0, 0x9f, 0xf9, 0xf,
    0xff, 0x40, 0x0, 0x7, 0xff, 0xc0, 0xdf, 0xfb,
    0x0, 0x2, 0xef, 0xfe, 0x7, 0xff, 0xfd, 0x9a,
    0xff, 0xff, 0xe0, 0xb, 0xff, 0xff, 0xff, 0x9f,
    0xfe, 0x0, 0x6, 0xcf, 0xfa, 0x26, 0xff, 0xd0,
    0x0, 0x0, 0x0, 0x0, 0x8f, 0xfb, 0x0, 0x0,
    0x0, 0x0, 0xd, 0xff, 0x70, 0x0, 0x0, 0x0,
    0x5, 0xff, 0xf2, 0x0, 0x7c, 0x30, 0x5, 0xff,
    0xfa, 0x0, 0x5f, 0xff, 0xff, 0xff, 0xfe, 0x10,
    0x3, 0xef, 0xff, 0xff, 0xfe, 0x30, 0x0, 0x0,
    0x7d, 0xff, 0xd8, 0x10, 0x0,

    /* U+003A ":" */
    0x7, 0xfe, 0x40, 0x2f, 0xff, 0xe0, 0x4f, 0xff,
    0xf1, 0x1e, 0xff, 0xc0, 0x2, 0x98, 0x10, 0x0,
    0x0, 0x0, 0x0, 0x0, 0x0, 0x0, 0x0, 0x0,
    0x0, 0x0, 0x0, 0x3, 0xa9, 0x10, 0x1e, 0xff,
    0xc0, 0x4f, 0xff, 0xf1, 0x2f, 0xff, 0xe0, 0x6,
    0xfe, 0x40,

    /* U+003B ";" */
    0x7, 0xfe, 0x40, 0x2f, 0xff, 0xe0, 0x4f, 0xff,
    0xf1, 0x1e, 0xff, 0xc0, 0x2, 0x98, 0x10, 0x0,
    0x0, 0x0, 0x0, 0x0, 0x0, 0x0, 0x0, 0x0,
    0x0, 0x0, 0x0, 0x0, 0x22, 0x0, 0xb, 0xff,
    0xa0, 0x3f, 0xff, 0xf4, 0x2f, 0xff, 0xf7, 0x7,
    0xff, 0xf8, 0x0, 0xe, 0xf7, 0x0, 0x5f, 0xf2,
    0x4, 0xff, 0xb0, 0x8f, 0xfd, 0x10, 0x4f, 0xa1,
    0x0, 0x2, 0x0, 0x0,

    /* U+003C "<" */
    0x0, 0x0, 0x0, 0x0, 0x0, 0x0, 0x0, 0x0,
    0x0, 0x0, 0x0, 0x0, 0x39, 0xf3, 0x0, 0x0,
    0x0, 0x1, 0x6d, 0xff, 0xf3, 0x0, 0x0, 0x3,
    0xaf, 0xff, 0xff, 0xe2, 0x0, 0x17, 0xdf, 0xff,
    0xff, 0xa4, 0x0, 0xa, 0xff, 0xff, 0xfa, 0x50,
    0x0, 0x0, 0x1f, 0xff, 0xd6, 0x10, 0x0, 0x0,
    0x0, 0x1f, 0xff, 0xfc, 0x61, 0x0, 0x0, 0x0,
    0x4, 0xbf, 0xff, 0xff, 0xb5, 0x0, 0x0, 0x0,
    0x1, 0x7d, 0xff, 0xff, 0xfa, 0x40, 0x0, 0x0,
    0x0, 0x4a, 0xff, 0xff, 0xf3, 0x0, 0x0, 0x0,
    0x0, 0x17, 0xdf, 0xf3, 0x0, 0x0, 0x0, 0x0,
    0x0, 0x3, 0xa3,

    /* U+003D "=" */
    0x1f, 0xff, 0xff, 0xff, 0xff, 0xff, 0xf3, 0x1f,
    0xff, 0xff, 0xff, 0xff, 0xff, 0xf3, 0x8, 0x88,
    0x88, 0x88, 0x88, 0x88, 0x81, 0x0, 0x0, 0x0,
    0x0, 0x0, 0x0, 0x0, 0x0, 0x0, 0x0, 0x0,
    0x0, 0x0, 0x0, 0x0, 0x0, 0x0, 0x0, 0x0,
    0x0, 0x0, 0x9, 0x99, 0x99, 0x99, 0x99, 0x99,
    0x92, 0x1f, 0xff, 0xff, 0xff, 0xff, 0xff, 0xf3,
    0x1f, 0xff, 0xff, 0xff, 0xff, 0xff, 0xf3,

    /* U+003E ">" */
    0x1, 0x0, 0x0, 0x0, 0x0, 0x0, 0x0, 0x1f,
    0xa4, 0x0, 0x0, 0x0, 0x0, 0x0, 0x1f, 0xff,
    0xd7, 0x10, 0x0, 0x0, 0x0, 0xe, 0xff, 0xff,
    0xfb, 0x40, 0x0, 0x0, 0x0, 0x39, 0xef, 0xff,
    0xfe, 0x82, 0x0, 0x0, 0x0, 0x4, 0x9f, 0xff,
    0xff, 0xb1, 0x0, 0x0, 0x0, 0x0, 0x5c, 0xff,
    0xf3, 0x0, 0x0, 0x0, 0x5, 0xbf, 0xff, 0xf3,
    0x0, 0x0, 0x4a, 0xff, 0xff, 0xfc, 0x50, 0x3,
    0x9e, 0xff, 0xff, 0xe8, 0x20, 0x0, 0x1f, 0xff,
    0xff, 0xb5, 0x0, 0x0, 0x0, 0x1f, 0xfe, 0x82,
    0x0, 0x0, 0x0, 0x0, 0xb, 0x40, 0x0, 0x0,
    0x0, 0x0, 0x0,

    /* U+003F "?" */
    0x0, 0x6c, 0xff, 0xd9, 0x20, 0x1, 0xcf, 0xff,
    0xff, 0xff, 0x30, 0xaf, 0xff, 0xef, 0xff, 0xfd,
    0x0, 0xac, 0x20, 0xb, 0xff, 0xf1, 0x0, 0x0,
    0x0, 0x4f, 0xff, 0x20, 0x0, 0x0, 0x7, 0xff,
    0xe0, 0x0, 0x0, 0x3, 0xff, 0xf6, 0x0, 0x0,
    0x2, 0xef, 0xf9, 0x0, 0x0, 0x0, 0xdf, 0xfa,
    0x0, 0x0, 0x0, 0x7f, 0xfd, 0x0, 0x0, 0x0,
    0xc, 0xff, 0x60, 0x0, 0x0, 0x0, 0x8b, 0xb3,
    0x0, 0x0, 0x0, 0x0, 0x0, 0x0, 0x0, 0x0,
    0x0, 0x4a, 0x81, 0x0, 0x0, 0x0, 0x2f, 0xff,
    0xb0, 0x0, 0x0, 0x6, 0xff, 0xff, 0x0, 0x0,
    0x0, 0x3f, 0xff, 0xd0, 0x0, 0x0, 0x0, 0x8f,
    0xd3, 0x0, 0x0,

    /* U+0040 "@" */
    0x0, 0x0, 0x0, 0x0, 0x5a, 0xdf, 0xff, 0xc9,
    0x30, 0x0, 0x0, 0x0, 0x0, 0x0, 0x7e, 0xff,
    0xff, 0xff, 0xff, 0xfa, 0x10, 0x0, 0x0, 0x0,
    0x2d, 0xff, 0xf9, 0x53, 0x34, 0x7d, 0xff, 0xe2,
    0x0, 0x0, 0x2, 0xef, 0xf8, 0x10, 0x0, 0x0,
    0x0, 0x5f, 0xfd, 0x0, 0x0, 0x1e, 0xff, 0x40,
    0x0, 0x0, 0x0, 0x0, 0x3, 0xff, 0x80, 0x0,
    0xbf, 0xf4, 0x0, 0x0, 0x0, 0x0, 0x0, 0x0,
    0x7f, 0xf1, 0x4, 0xff, 0x80, 0x0, 0x18, 0xef,
    0xa4, 0xff, 0x0, 0xf, 0xf5, 0xb, 0xfe, 0x0,
    0x1, 0xdf, 0xff, 0xfe, 0xfc, 0x0, 0xb, 0xf9,
    0x1f, 0xf7, 0x0, 0xb, 0xff, 0xa5, 0xcf, 0xf9,
    0x0, 0x8, 0xfb, 0x5f, 0xf2, 0x0, 0x4f, 0xf9,
    0x0, 0x3f, 0xf6, 0x0, 0x7, 0xfc, 0x8f, 0xe0,
    0x0, 0xbf, 0xf1, 0x0, 0x5f, 0xf3, 0x0, 0x7,
    0xfc, 0xaf, 0xc0, 0x0, 0xff, 0xb0, 0x0, 0x8f,
    0xf0, 0x0, 0x9, 0xfa, 0xaf, 0xc0, 0x0, 0xff,
    0x90, 0x0, 0xaf, 0xd0, 0x0, 0xe, 0xf6, 0xaf,
    0xc0, 0x0, 0xff, 0xb0, 0x1, 0xef, 0xb0, 0x0,
    0x7f, 0xf1, 0x9f, 0xe0, 0x0, 0xdf, 0xf7, 0x5d,
    0xff, 0xf2, 0x7, 0xff, 0x80, 0x6f, 0xf2, 0x0,
    0x5f, 0xff, 0xff, 0x8f, 0xff, 0xff, 0xfb, 0x0,
    0x1f, 0xf8, 0x0, 0x6, 0xdf, 0xc4, 0x6, 0xff,
    0xfe, 0x70, 0x0, 0xb, 0xff, 0x10, 0x0, 0x0,
    0x0, 0x0, 0x3, 0x30, 0x0, 0x0, 0x3, 0xff,
    0xc1, 0x0, 0x0, 0x0, 0x0, 0x0, 0x0, 0x0,
    0x0, 0x0, 0x7f, 0xfd, 0x40, 0x0, 0x0, 0x0,
    0x10, 0x0, 0x0, 0x0, 0x0, 0x8, 0xff, 0xfc,
    0x74, 0x34, 0x6b, 0xf4, 0x0, 0x0, 0x0, 0x0,
    0x0, 0x5d, 0xff, 0xff, 0xff, 0xff, 0xf8, 0x0,
    0x0, 0x0, 0x0, 0x0, 0x0, 0x5a, 0xdf, 0xff,
    0xd9, 0x30, 0x0, 0x0, 0x0,

    /* U+0041 "A" */
    0x0, 0x0, 0x0, 0x9f, 0xff, 0xe0, 0x0, 0x0,
    0x0, 0x0, 0x0, 0xe, 0xff, 0xff, 0x40, 0x0,
    0x0, 0x0, 0x0, 0x3, 0xff, 0xff, 0xf9, 0x0,
    0x0, 0x0, 0x0, 0x0, 0x8f, 0xf7, 0xff, 0xe0,
    0x0, 0x0, 0x0, 0x0, 0xd, 0xff, 0x1d, 0xff,
    0x30, 0x0, 0x0, 0x0, 0x2, 0xff, 0xd0, 0x9f,
    0xf8, 0x0, 0x0, 0x0, 0x0, 0x7f, 0xf9, 0x5,
    0xff, 0xd0, 0x0, 0x0, 0x0, 0xc, 0xff, 0x50,
    0x1f, 0xff, 0x20, 0x0, 0x0, 0x1, 0xff, 0xf1,
    0x0, 0xcf, 0xf7, 0x0, 0x0, 0x0, 0x6f, 0xfc,
    0x0, 0x8, 0xff, 0xc0, 0x0, 0x0, 0xb, 0xff,
    0xfd, 0xdd, 0xef, 0xff, 0x10, 0x0, 0x1, 0xff,
    0xff, 0xff, 0xff, 0xff, 0xf6, 0x0, 0x0, 0x5f,
    0xff, 0xff, 0xff, 0xff, 0xff, 0xb0, 0x0, 0xa,
    0xff, 0xb0, 0x0, 0x0, 0x7f, 0xff, 0x10, 0x0,
    0xff, 0xf7, 0x0, 0x0, 0x3, 0xff, 0xf6, 0x0,
    0x4f, 0xff, 0x20, 0x0, 0x0, 0xe, 0xff, 0xb0,
    0x9, 0xff, 0xe0, 0x0, 0x0, 0x0, 0xaf, 0xff,
    0x0, 0xef, 0xfa, 0x0, 0x0, 0x0, 0x6, 0xff,
    0xf5,

    /* U+0042 "B" */
    0xdf, 0xff, 0xff, 0xfe, 0xc8, 0x20, 0x0, 0xdf,
    0xff, 0xff, 0xff, 0xff, 0xf5, 0x0, 0xdf, 0xff,
    0xcc, 0xdf, 0xff, 0xff, 0x10, 0xdf, 0xfb, 0x0,
    0x0, 0x8f, 0xff, 0x60, 0xdf, 0xfb, 0x0, 0x0,
    0xf, 0xff, 0x70, 0xdf, 0xfb, 0x0, 0x0, 0xf,
    0xff, 0x50, 0xdf, 0xfb, 0x0, 0x0, 0x9f, 0xfe,
    0x0, 0xdf, 0xfe, 0xaa, 0xbe, 0xff, 0xf5, 0x0,
    0xdf, 0xff, 0xff, 0xff, 0xff, 0x90, 0x0, 0xdf,
    0xff, 0xff, 0xff, 0xff, 0xfe, 0x20, 0xdf, 0xfb,
    0x0, 0x1, 0x6e, 0xff, 0xd0, 0xdf, 0xfb, 0x0,
    0x0, 0x4, 0xff, 0xf3, 0xdf, 0xfb, 0x0, 0x0,
    0x1, 0xff, 0xf5, 0xdf, 0xfb, 0x0, 0x0, 0x4,
    0xff, 0xf5, 0xdf, 0xfb, 0x0, 0x0, 0x3d, 0xff,
    0xf1, 0xdf, 0xff, 0xcc, 0xce, 0xff, 0xff, 0x90,
    0xdf, 0xff, 0xff, 0xff, 0xff, 0xf9, 0x0, 0xdf,
    0xff, 0xff, 0xff, 0xd9, 0x30, 0x0,

    /* U+0043 "C" */
    0x0, 0x0, 0x6, 0xbe, 0xfe, 0xb5, 0x0, 0x0,
    0x0, 0x4e, 0xff, 0xff, 0xff, 0xfb, 0x10, 0x0,
    0x5f, 0xff, 0xff, 0xff, 0xff, 0xf8, 0x0, 0x2f,
    0xff, 0xfa, 0x42, 0x38, 0xfc, 0x0, 0xb, 0xff,
    0xf6, 0x0, 0x0, 0x3, 0x10, 0x2, 0xff, 0xfb,
    0x0, 0x0, 0x0, 0x0, 0x0, 0x6f, 0xff, 0x40,
    0x0, 0x0, 0x0, 0x0, 0x9, 0xff, 0xf0, 0x0,
    0x0, 0x0, 0x0, 0x0, 0xaf, 0xff, 0x0, 0x0,
    0x0, 0x0, 0x0, 0xb, 0xff, 0xf0, 0x0, 0x0,
    0x0, 0x0, 0x0, 0x9f, 0xff, 0x10, 0x0, 0x0,
    0x0, 0x0, 0x7, 0xff, 0xf4, 0x0, 0x0, 0x0,
    0x0, 0x0, 0x3f, 0xff, 0xb0, 0x0, 0x0, 0x0,
    0x0, 0x0, 0xcf, 0xff, 0x60, 0x0, 0x0, 0x36,
    0x0, 0x4, 0xff, 0xff, 0xa4, 0x23, 0x9f, 0xf5,
    0x0, 0x7, 0xff, 0xff, 0xff, 0xff, 0xff, 0xd0,
    0x0, 0x6, 0xff, 0xff, 0xff, 0xff, 0xc1, 0x0,
    0x0, 0x1, 0x7c, 0xff, 0xeb, 0x50, 0x0,

    /* U+0044 "D" */
    0xdf, 0xff, 0xff, 0xec, 0x82, 0x0, 0x0, 0xdf,
    0xff, 0xff, 0xff, 0xff, 0x90, 0x0, 0xdf, 0xff,
    0xee, 0xff, 0xff, 0xfb, 0x0, 0xdf, 0xfb, 0x0,
    0x16, 0xef, 0xff, 0x80, 0xdf, 0xfb, 0x0, 0x0,
    0x2e, 0xff, 0xf1, 0xdf, 0xfb, 0x0, 0x0, 0x6,
    0xff, 0xf6, 0xdf, 0xfb, 0x0, 0x0, 0x1, 0xff,
    0xfa, 0xdf, 0xfb, 0x0, 0x0, 0x0, 0xef, 0xfc,
    0xdf, 0xfb, 0x0, 0x0, 0x0, 0xcf, 0xfd, 0xdf,
    0xfb, 0x0, 0x0, 0x0, 0xcf, 0xfd, 0xdf, 0xfb,
    0x0, 0x0, 0x0, 0xef, 0xfc, 0xdf, 0xfb, 0x0,
    0x0, 0x1, 0xff, 0xf9, 0xdf, 0xfb, 0x0, 0x0,
    0x7, 0xff, 0xf5, 0xdf, 0xfb, 0x0, 0x0, 0x2f,
    0xff, 0xf0, 0xdf, 0xfb, 0x0, 0x17, 0xff, 0xff,
    0x70, 0xdf, 0xff, 0xef, 0xff, 0xff, 0xfa, 0x0,
    0xdf, 0xff, 0xff, 0xff, 0xff, 0x80, 0x0, 0xdf,
    0xff, 0xff, 0xec, 0x82, 0x0, 0x0,

    /* U+0045 "E" */
    0xdf, 0xff, 0xff, 0xff, 0xff, 0xf1, 0xdf, 0xff,
    0xff, 0xff, 0xff, 0xf1, 0xdf, 0xff, 0xff, 0xff,
    0xff, 0xf1, 0xdf, 0xfb, 0x0, 0x0, 0x0, 0x0,
    0xdf, 0xfb, 0x0, 0x0, 0x0, 0x0, 0xdf, 0xfb,
    0x0, 0x0, 0x0, 0x0, 0xdf, 0xfb, 0x0, 0x0,
    0x0, 0x0, 0xdf, 0xff, 0xff, 0xff, 0xff, 0x0,
    0xdf, 0xff, 0xff, 0xff, 0xff, 0x0, 0xdf, 0xff,
    0xff, 0xff, 0xff, 0x0, 0xdf, 0xfb, 0x0, 0x0,
    0x0, 0x0, 0xdf, 0xfb, 0x0, 0x0, 0x0, 0x0,
    0xdf, 0xfb, 0x0, 0x0, 0x0, 0x0, 0xdf, 0xfb,
    0x0, 0x0, 0x0, 0x0, 0xdf, 0xfb, 0x0, 0x0,
    0x0, 0x0, 0xdf, 0xff, 0xff, 0xff, 0xff, 0xf5,
    0xdf, 0xff, 0xff, 0xff, 0xff, 0xf5, 0xdf, 0xff,
    0xff, 0xff, 0xff, 0xf5,

    /* U+0046 "F" */
    0xdf, 0xff, 0xff, 0xff, 0xff, 0xf2, 0xdf, 0xff,
    0xff, 0xff, 0xff, 0xf2, 0xdf, 0xff, 0xff, 0xff,
    0xff, 0xf2, 0xdf, 0xfb, 0x0, 0x0, 0x0, 0x0,
    0xdf, 0xfb, 0x0, 0x0, 0x0, 0x0, 0xdf, 0xfb,
    0x0, 0x0, 0x0, 0x0, 0xdf, 0xfb, 0x0, 0x0,
    0x0, 0x0, 0xdf, 0xfb, 0x0, 0x0, 0x0, 0x0,
    0xdf, 0xff, 0xff, 0xff, 0xff, 0x0, 0xdf, 0xff,
    0xff, 0xff, 0xff, 0x0, 0xdf, 0xff, 0xff, 0xff,
    0xff, 0x0, 0xdf, 0xfb, 0x0, 0x0, 0x0, 0x0,
    0xdf, 0xfb, 0x0, 0x0, 0x0, 0x0, 0xdf, 0xfb,
    0x0, 0x0, 0x0, 0x0, 0xdf, 0xfb, 0x0, 0x0,
    0x0, 0x0, 0xdf, 0xfb, 0x0, 0x0, 0x0, 0x0,
    0xdf, 0xfb, 0x0, 0x0, 0x0, 0x0, 0xdf, 0xfb,
    0x0, 0x0, 0x0, 0x0,

    /* U+0047 "G" */
    0x0, 0x0, 0x5, 0xbe, 0xff, 0xd8, 0x10, 0x0,
    0x0, 0x3d, 0xff, 0xff, 0xff, 0xff, 0x50, 0x0,
    0x4f, 0xff, 0xff, 0xff, 0xff, 0xff, 0x10, 0x2f,
    0xff, 0xfb, 0x52, 0x25, 0xdf, 0x40, 0xb, 0xff,
    0xf7, 0x0, 0x0, 0x0, 0x40, 0x2, 0xff, 0xfb,
    0x0, 0x0, 0x0, 0x0, 0x0, 0x6f, 0xff, 0x40,
    0x0, 0x0, 0x0, 0x0, 0x9, 0xff, 0xf1, 0x0,
    0x0, 0x0, 0x0, 0x0, 0xaf, 0xff, 0x0, 0x0,
    0xbf, 0xff, 0xff, 0x9b, 0xff, 0xf0, 0x0, 0xb,
    0xff, 0xff, 0xf9, 0x9f, 0xff, 0x10, 0x0, 0xbf,
    0xff, 0xff, 0x97, 0xff, 0xf4, 0x0, 0x0, 0x0,
    0x9f, 0xf9, 0x3f, 0xff, 0xb0, 0x0, 0x0, 0x9,
    0xff, 0x90, 0xcf, 0xff, 0x70, 0x0, 0x0, 0x9f,
    0xf9, 0x3, 0xff, 0xff, 0xb5, 0x22, 0x5d, 0xff,
    0x90, 0x6, 0xff, 0xff, 0xff, 0xff, 0xff, 0xf9,
    0x0, 0x5, 0xef, 0xff, 0xff, 0xff, 0xfa, 0x10,
    0x0, 0x0, 0x6b, 0xef, 0xfd, 0x93, 0x0,

    /* U+0048 "H" */
    0xdf, 0xfb, 0x0, 0x0, 0x0, 0x8f, 0xff, 0xdf,
    0xfb, 0x0, 0x0, 0x0, 0x8f, 0xff, 0xdf, 0xfb,
    0x0, 0x0, 0x0, 0x8f, 0xff, 0xdf, 0xfb, 0x0,
    0x0, 0x0, 0x8f, 0xff, 0xdf, 0xfb, 0x0, 0x0,
    0x0, 0x8f, 0xff, 0xdf, 0xfb, 0x0, 0x0, 0x0,
    0x8f, 0xff, 0xdf, 0xfb, 0x0, 0x0, 0x0, 0x8f,
    0xff, 0xdf, 0xff, 0xff, 0xff, 0xff, 0xff, 0xff,
    0xdf, 0xff, 0xff, 0xff, 0xff, 0xff, 0xff, 0xdf,
    0xff, 0xff, 0xff, 0xff, 0xff, 0xff, 0xdf, 0xfc,
    0x22, 0x22, 0x22, 0x9f, 0xff, 0xdf, 0xfb, 0x0,
    0x0, 0x0, 0x8f, 0xff, 0xdf, 0xfb, 0x0, 0x0,
    0x0, 0x8f, 0xff, 0xdf, 0xfb, 0x0, 0x0, 0x0,
    0x8f, 0xff, 0xdf, 0xfb, 0x0, 0x0, 0x0, 0x8f,
    0xff, 0xdf, 0xfb, 0x0, 0x0, 0x0, 0x8f, 0xff,
    0xdf, 0xfb, 0x0, 0x0, 0x0, 0x8f, 0xff, 0xdf,
    0xfb, 0x0, 0x0, 0x0, 0x8f, 0xff,

    /* U+0049 "I" */
    0xdf, 0xfb, 0xdf, 0xfb, 0xdf, 0xfb, 0xdf, 0xfb,
    0xdf, 0xfb, 0xdf, 0xfb, 0xdf, 0xfb, 0xdf, 0xfb,
    0xdf, 0xfb, 0xdf, 0xfb, 0xdf, 0xfb, 0xdf, 0xfb,
    0xdf, 0xfb, 0xdf, 0xfb, 0xdf, 0xfb, 0xdf, 0xfb,
    0xdf, 0xfb, 0xdf, 0xfb,

    /* U+004A "J" */
    0x0, 0x0, 0x0, 0x0, 0xff, 0xf8, 0x0, 0x0,
    0x0, 0x0, 0xff, 0xf8, 0x0, 0x0, 0x0, 0x0,
    0xff, 0xf8, 0x0, 0x0, 0x0, 0x0, 0xff, 0xf8,
    0x0, 0x0, 0x0, 0x0, 0xff, 0xf8, 0x0, 0x0,
    0x0, 0x0, 0xff, 0xf8, 0x0, 0x0, 0x0, 0x0,
    0xff, 0xf8, 0x0, 0x0, 0x0, 0x0, 0xff, 0xf8,
    0x0, 0x0, 0x0, 0x0, 0xff, 0xf8, 0x0, 0x0,
    0x0, 0x0, 0xff, 0xf8, 0x0, 0x0, 0x0, 0x0,
    0xff, 0xf8, 0x0, 0x0, 0x0, 0x0, 0xff, 0xf8,
    0x0, 0x0, 0x0, 0x1, 0xff, 0xf8, 0x0, 0x94,
    0x0, 0x4, 0xff, 0xf6, 0x2d, 0xff, 0x62, 0x4d,
    0xff, 0xf2, 0x1e, 0xff, 0xff, 0xff, 0xff, 0xb0,
    0x3, 0xef, 0xff, 0xff, 0xfd, 0x10, 0x0, 0x18,
    0xdf, 0xfd, 0x81, 0x0,

    /* U+004B "K" */
    0xdf, 0xfb, 0x0, 0x0, 0xa, 0xff, 0xf3, 0xd,
    0xff, 0xb0, 0x0, 0x7, 0xff, 0xf7, 0x0, 0xdf,
    0xfb, 0x0, 0x3, 0xff, 0xfa, 0x0, 0xd, 0xff,
    0xb0, 0x1, 0xdf, 0xfd, 0x0, 0x0, 0xdf, 0xfb,
    0x0, 0xaf, 0xff, 0x30, 0x0, 0xd, 0xff, 0xb0,
    0x7f, 0xff, 0x60, 0x0, 0x0, 0xdf, 0xfb, 0x3f,
    0xff, 0xa0, 0x0, 0x0, 0xd, 0xff, 0xcd, 0xff,
    0xf6, 0x0, 0x0, 0x0, 0xdf, 0xff, 0xff, 0xff,
    0xe1, 0x0, 0x0, 0xd, 0xff, 0xff, 0xff, 0xff,
    0x90, 0x0, 0x0, 0xdf, 0xff, 0xf9, 0x9f, 0xff,
    0x20, 0x0, 0xd, 0xff, 0xfc, 0x1, 0xff, 0xfc,
    0x0, 0x0, 0xdf, 0xff, 0x20, 0x7, 0xff, 0xf5,
    0x0, 0xd, 0xff, 0xb0, 0x0, 0xd, 0xff, 0xe0,
    0x0, 0xdf, 0xfb, 0x0, 0x0, 0x5f, 0xff, 0x80,
    0xd, 0xff, 0xb0, 0x0, 0x0, 0xcf, 0xff, 0x20,
    0xdf, 0xfb, 0x0, 0x0, 0x3, 0xff, 0xfa, 0xd,
    0xff, 0xb0, 0x0, 0x0, 0x9, 0xff, 0xf4,

    /* U+004C "L" */
    0xdf, 0xfb, 0x0, 0x0, 0x0, 0xd, 0xff, 0xb0,
    0x0, 0x0, 0x0, 0xdf, 0xfb, 0x0, 0x0, 0x0,
    0xd, 0xff, 0xb0, 0x0, 0x0, 0x0, 0xdf, 0xfb,
    0x0, 0x0, 0x0, 0xd, 0xff, 0xb0, 0x0, 0x0,
    0x0, 0xdf, 0xfb, 0x0, 0x0, 0x0, 0xd, 0xff,
    0xb0, 0x0, 0x0, 0x0, 0xdf, 0xfb, 0x0, 0x0,
    0x0, 0xd, 0xff, 0xb0, 0x0, 0x0, 0x0, 0xdf,
    0xfb, 0x0, 0x0, 0x0, 0xd, 0xff, 0xb0, 0x0,
    0x0, 0x0, 0xdf, 0xfb, 0x0, 0x0, 0x0, 0xd,
    0xff, 0xb0, 0x0, 0x0, 0x0, 0xdf, 0xfb, 0x0,
    0x0, 0x0, 0xd, 0xff, 0xff, 0xff, 0xff, 0xff,
    0xdf, 0xff, 0xff, 0xff, 0xff, 0xfd, 0xff, 0xff,
    0xff, 0xff, 0xff,

    /* U+004D "M" */
    0xdf, 0xff, 0x40, 0x0, 0x0, 0x0, 0xcf, 0xff,
    0x5d, 0xff, 0xfa, 0x0, 0x0, 0x0, 0x2f, 0xff,
    0xf5, 0xdf, 0xff, 0xf0, 0x0, 0x0, 0x8, 0xff,
    0xff, 0x5d, 0xff, 0xff, 0x50, 0x0, 0x0, 0xdf,
    0xff, 0xf5, 0xdf, 0xff, 0xfb, 0x0, 0x0, 0x3f,
    0xff, 0xff, 0x5d, 0xff, 0xbf, 0xf1, 0x0, 0x8,
    0xff, 0xbf, 0xf5, 0xdf, 0xf7, 0xff, 0x70, 0x0,
    0xef, 0xca, 0xff, 0x5d, 0xff, 0x3f, 0xfc, 0x0,
    0x4f, 0xf6, 0xcf, 0xf5, 0xdf, 0xf4, 0xaf, 0xf2,
    0x9, 0xff, 0x1d, 0xff, 0x5d, 0xff, 0x55, 0xff,
    0x70, 0xef, 0xb0, 0xef, 0xf5, 0xdf, 0xf5, 0xe,
    0xfc, 0x3f, 0xf5, 0xe, 0xff, 0x5d, 0xff, 0x60,
    0x9f, 0xfa, 0xff, 0x0, 0xef, 0xf5, 0xdf, 0xf6,
    0x3, 0xff, 0xff, 0xa0, 0xe, 0xff, 0x5d, 0xff,
    0x60, 0xd, 0xff, 0xf4, 0x0, 0xef, 0xf5, 0xdf,
    0xf6, 0x0, 0x7f, 0xfe, 0x0, 0xe, 0xff, 0x5d,
    0xff, 0x60, 0x2, 0xff, 0x80, 0x0, 0xef, 0xf5,
    0xdf, 0xf6, 0x0, 0x5, 0x51, 0x0, 0xe, 0xff,
    0x5d, 0xff, 0x60, 0x0, 0x0, 0x0, 0x0, 0xef,
    0xf5,

    /* U+004E "N" */
    0xdf, 0xff, 0x10, 0x0, 0x0, 0x9f, 0xfc, 0xdf,
    0xff, 0x90, 0x0, 0x0, 0x9f, 0xfc, 0xdf, 0xff,
    0xf2, 0x0, 0x0, 0x9f, 0xfc, 0xdf, 0xff, 0xfb,
    0x0, 0x0, 0x9f, 0xfc, 0xdf, 0xfe, 0xff, 0x30,
    0x0, 0x9f, 0xfc, 0xdf, 0xf8, 0xff, 0xc0, 0x0,
    0x9f, 0xfc, 0xdf, 0xf4, 0xdf, 0xf4, 0x0, 0x9f,
    0xfc, 0xdf, 0xf6, 0x6f, 0xfd, 0x0, 0x9f, 0xfc,
    0xdf, 0xf7, 0xe, 0xff, 0x60, 0x8f, 0xfc, 0xdf,
    0xf8, 0x6, 0xff, 0xe0, 0x7f, 0xfc, 0xdf, 0xf8,
    0x0, 0xdf, 0xf6, 0x6f, 0xfc, 0xdf, 0xf9, 0x0,
    0x4f, 0xfd, 0x5f, 0xfc, 0xdf, 0xf9, 0x0, 0xc,
    0xff, 0x8f, 0xfc, 0xdf, 0xf9, 0x0, 0x4, 0xff,
    0xef, 0xfc, 0xdf, 0xf9, 0x0, 0x0, 0xbf, 0xff,
    0xfc, 0xdf, 0xf9, 0x0, 0x0, 0x3f, 0xff, 0xfc,
    0xdf, 0xf9, 0x0, 0x0, 0xa, 0xff, 0xfc, 0xdf,
    0xf9, 0x0, 0x0, 0x2, 0xff, 0xfc,

    /* U+004F "O" */
    0x0, 0x0, 0x29, 0xdf, 0xfe, 0xb6, 0x0, 0x0,
    0x0, 0x0, 0x8f, 0xff, 0xff, 0xff, 0xfd, 0x20,
    0x0, 0x0, 0x9f, 0xff, 0xff, 0xff, 0xff, 0xfe,
    0x20, 0x0, 0x5f, 0xff, 0xf8, 0x32, 0x5c, 0xff,
    0xfc, 0x0, 0xd, 0xff, 0xf4, 0x0, 0x0, 0xb,
    0xff, 0xf5, 0x3, 0xff, 0xf9, 0x0, 0x0, 0x0,
    0x2f, 0xff, 0xb0, 0x7f, 0xff, 0x30, 0x0, 0x0,
    0x0, 0xbf, 0xff, 0x9, 0xff, 0xf0, 0x0, 0x0,
    0x0, 0x8, 0xff, 0xf1, 0xaf, 0xff, 0x0, 0x0,
    0x0, 0x0, 0x7f, 0xff, 0x2a, 0xff, 0xf0, 0x0,
    0x0, 0x0, 0x7, 0xff, 0xf2, 0x9f, 0xff, 0x10,
    0x0, 0x0, 0x0, 0x9f, 0xff, 0x17, 0xff, 0xf4,
    0x0, 0x0, 0x0, 0xc, 0xff, 0xe0, 0x2f, 0xff,
    0xa0, 0x0, 0x0, 0x2, 0xff, 0xfa, 0x0, 0xcf,
    0xff, 0x40, 0x0, 0x0, 0xcf, 0xff, 0x40, 0x4,
    0xff, 0xff, 0x83, 0x25, 0xdf, 0xff, 0xc0, 0x0,
    0x8, 0xff, 0xff, 0xff, 0xff, 0xff, 0xe1, 0x0,
    0x0, 0x7, 0xff, 0xff, 0xff, 0xff, 0xc2, 0x0,
    0x0, 0x0, 0x2, 0x9d, 0xff, 0xeb, 0x50, 0x0,
    0x0,

    /* U+0050 "P" */
    0xdf, 0xff, 0xff, 0xfe, 0xb7, 0x10, 0xd, 0xff,
    0xff, 0xff, 0xff, 0xff, 0x40, 0xdf, 0xff, 0xee,
    0xef, 0xff, 0xff, 0x2d, 0xff, 0xb0, 0x0, 0x18,
    0xff, 0xf9, 0xdf, 0xfb, 0x0, 0x0, 0xb, 0xff,
    0xdd, 0xff, 0xb0, 0x0, 0x0, 0x8f, 0xff, 0xdf,
    0xfb, 0x0, 0x0, 0x9, 0xff, 0xed, 0xff, 0xb0,
    0x0, 0x0, 0xef, 0xfc, 0xdf, 0xfb, 0x0, 0x3,
    0xbf, 0xff, 0x6d, 0xff, 0xff, 0xff, 0xff, 0xff,
    0xc0, 0xdf, 0xff, 0xff, 0xff, 0xff, 0xb1, 0xd,
    0xff, 0xfd, 0xdd, 0xc9, 0x30, 0x0, 0xdf, 0xfb,
    0x0, 0x0, 0x0, 0x0, 0xd, 0xff, 0xb0, 0x0,
    0x0, 0x0, 0x0, 0xdf, 0xfb, 0x0, 0x0, 0x0,
    0x0, 0xd, 0xff, 0xb0, 0x0, 0x0, 0x0, 0x0,
    0xdf, 0xfb, 0x0, 0x0, 0x0, 0x0, 0xd, 0xff,
    0xb0, 0x0, 0x0, 0x0, 0x0,

    /* U+0051 "Q" */
    0x0, 0x0, 0x29, 0xdf, 0xfe, 0xb6, 0x0, 0x0,
    0x0, 0x0, 0x8f, 0xff, 0xff, 0xff, 0xfd, 0x20,
    0x0, 0x0, 0x9f, 0xff, 0xff, 0xff, 0xff, 0xfe,
    0x20, 0x0, 0x5f, 0xff, 0xf8, 0x32, 0x5c, 0xff,
    0xfc, 0x0, 0xd, 0xff, 0xf4, 0x0, 0x0, 0xb,
    0xff, 0xf5, 0x3, 0xff, 0xf9, 0x0, 0x0, 0x0,
    0x2f, 0xff, 0xb0, 0x7f, 0xff, 0x30, 0x0, 0x0,
    0x0, 0xbf, 0xff, 0x9, 0xff, 0xf0, 0x0, 0x0,
    0x0, 0x8, 0xff, 0xf1, 0xaf, 0xff, 0x0, 0x0,
    0x0, 0x0, 0x7f, 0xff, 0x2a, 0xff, 0xf0, 0x0,
    0x0, 0x0, 0x7, 0xff, 0xf2, 0x9f, 0xff, 0x0,
    0x0, 0x0, 0x0, 0x8f, 0xff, 0x17, 0xff, 0xf3,
    0x0, 0x0, 0x0, 0xc, 0xff, 0xe0, 0x2f, 0xff,
    0x90, 0x0, 0x0, 0x1, 0xff, 0xfa, 0x0, 0xcf,
    0xff, 0x30, 0x0, 0x0, 0xbf, 0xff, 0x40, 0x4,
    0xff, 0xfe, 0x50, 0x2, 0xbf, 0xff, 0xc0, 0x0,
    0x8, 0xff, 0xff, 0xff, 0xff, 0xff, 0xe1, 0x0,
    0x0, 0x7, 0xff, 0xff, 0xff, 0xff, 0xc2, 0x0,
    0x0, 0x0, 0x2, 0x9e, 0xff, 0xfc, 0x50, 0x0,
    0x0, 0x0, 0x0, 0x0, 0x1f, 0xff, 0xc0, 0x0,
    0x0, 0x0, 0x0, 0x0, 0x0, 0x8f, 0xff, 0xc4,
    0x0, 0x1, 0x0, 0x0, 0x0, 0x0, 0xbf, 0xff,
    0xff, 0xef, 0x80, 0x0, 0x0, 0x0, 0x0, 0x9f,
    0xff, 0xff, 0xfb, 0x0, 0x0, 0x0, 0x0, 0x0,
    0x39, 0xdf, 0xfe, 0x90,

    /* U+0052 "R" */
    0xdf, 0xff, 0xff, 0xff, 0xc9, 0x30, 0x0, 0xdf,
    0xff, 0xff, 0xff, 0xff, 0xf8, 0x0, 0xdf, 0xff,
    0xee, 0xef, 0xff, 0xff, 0x50, 0xdf, 0xfb, 0x0,
    0x0, 0x5f, 0xff, 0xc0, 0xdf, 0xfb, 0x0, 0x0,
    0x9, 0xff, 0xf0, 0xdf, 0xfb, 0x0, 0x0, 0x7,
    0xff, 0xf0, 0xdf, 0xfb, 0x0, 0x0, 0xa, 0xff,
    0xf0, 0xdf, 0xfb, 0x0, 0x0, 0x7f, 0xff, 0xb0,
    0xdf, 0xff, 0xdd, 0xdf, 0xff, 0xff, 0x30, 0xdf,
    0xff, 0xff, 0xff, 0xff, 0xf5, 0x0, 0xdf, 0xff,
    0xff, 0xff, 0xfd, 0x10, 0x0, 0xdf, 0xfb, 0x0,
    0x8f, 0xff, 0x30, 0x0, 0xdf, 0xfb, 0x0, 0x1f,
    0xff, 0xc0, 0x0, 0xdf, 0xfb, 0x0, 0x8, 0xff,
    0xf5, 0x0, 0xdf, 0xfb, 0x0, 0x1, 0xef, 0xfd,
    0x0, 0xdf, 0xfb, 0x0, 0x0, 0x7f, 0xff, 0x60,
    0xdf, 0xfb, 0x0, 0x0, 0xe, 0xff, 0xe0, 0xdf,
    0xfb, 0x0, 0x0, 0x7, 0xff, 0xf8,

    /* U+0053 "S" */
    0x0, 0x3, 0xae, 0xff, 0xd8, 0x20, 0x0, 0x0,
    0x9f, 0xff, 0xff, 0xff, 0xf7, 0x0, 0x7, 0xff,
    0xff, 0xff, 0xff, 0xff, 0x30, 0xf, 0xff, 0xe5,
    0x22, 0x5c, 0xf8, 0x0, 0x3f, 0xff, 0x70, 0x0,
    0x0, 0x40, 0x0, 0x3f, 0xff, 0x80, 0x0, 0x0,
    0x0, 0x0, 0xf, 0xff, 0xf8, 0x10, 0x0, 0x0,
    0x0, 0x7, 0xff, 0xff, 0xfa, 0x40, 0x0, 0x0,
    0x0, 0x8f, 0xff, 0xff, 0xfd, 0x60, 0x0, 0x0,
    0x2, 0xaf, 0xff, 0xff, 0xfa, 0x0, 0x0, 0x0,
    0x1, 0x7e, 0xff, 0xff, 0x70, 0x0, 0x0, 0x0,
    0x0, 0x7f, 0xff, 0xd0, 0x0, 0x0, 0x0, 0x0,
    0xa, 0xff, 0xf0, 0x6, 0xa0, 0x0, 0x0, 0xb,
    0xff, 0xf0, 0x4f, 0xfe, 0x83, 0x23, 0x9f, 0xff,
    0xa0, 0xbf, 0xff, 0xff, 0xff, 0xff, 0xff, 0x20,
    0x8, 0xff, 0xff, 0xff, 0xff, 0xe4, 0x0, 0x0,
    0x17, 0xce, 0xff, 0xc7, 0x10, 0x0,

    /* U+0054 "T" */
    0x4f, 0xff, 0xff, 0xff, 0xff, 0xff, 0xff, 0x44,
    0xff, 0xff, 0xff, 0xff, 0xff, 0xff, 0xf4, 0x4f,
    0xff, 0xff, 0xff, 0xff, 0xff, 0xff, 0x40, 0x0,
    0x0, 0x4f, 0xff, 0x40, 0x0, 0x0, 0x0, 0x0,
    0x4, 0xff, 0xf4, 0x0, 0x0, 0x0, 0x0, 0x0,
    0x4f, 0xff, 0x40, 0x0, 0x0, 0x0, 0x0, 0x4,
    0xff, 0xf4, 0x0, 0x0, 0x0, 0x0, 0x0, 0x4f,
    0xff, 0x40, 0x0, 0x0, 0x0, 0x0, 0x4, 0xff,
    0xf4, 0x0, 0x0, 0x0, 0x0, 0x0, 0x4f, 0xff,
    0x40, 0x0, 0x0, 0x0, 0x0, 0x4, 0xff, 0xf4,
    0x0, 0x0, 0x0, 0x0, 0x0, 0x4f, 0xff, 0x40,
    0x0, 0x0, 0x0, 0x0, 0x4, 0xff, 0xf4, 0x0,
    0x0, 0x0, 0x0, 0x0, 0x4f, 0xff, 0x40, 0x0,
    0x0, 0x0, 0x0, 0x4, 0xff, 0xf4, 0x0, 0x0,
    0x0, 0x0, 0x0, 0x4f, 0xff, 0x40, 0x0, 0x0,
    0x0, 0x0, 0x4, 0xff, 0xf4, 0x0, 0x0, 0x0,
    0x0, 0x0, 0x4f, 0xff, 0x40, 0x0, 0x0,

    /* U+0055 "U" */
    0xef, 0xfa, 0x0, 0x0, 0x0, 0x8f, 0xfd, 0xef,
    0xfa, 0x0, 0x0, 0x0, 0x8f, 0xfd, 0xef, 0xfa,
    0x0, 0x0, 0x0, 0x8f, 0xfd, 0xef, 0xfa, 0x0,
    0x0, 0x0, 0x8f, 0xfd, 0xef, 0xfa, 0x0, 0x0,
    0x0, 0x8f, 0xfd, 0xef, 0xfa, 0x0, 0x0, 0x0,
    0x8f, 0xfd, 0xef, 0xfa, 0x0, 0x0, 0x0, 0x8f,
    0xfd, 0xef, 0xfa, 0x0, 0x0, 0x0, 0x8f, 0xfd,
    0xef, 0xfa, 0x0, 0x0, 0x0, 0x8f, 0xfd, 0xef,
    0xfa, 0x0, 0x0, 0x0, 0x8f, 0xfd, 0xdf, 0xfa,
    0x0, 0x0, 0x0, 0x9f, 0xfd, 0xcf, 0xfb, 0x0,
    0x0, 0x0, 0xaf, 0xfc, 0xaf, 0xfe, 0x0, 0x0,
    0x0, 0xdf, 0xfa, 0x6f, 0xff, 0x50, 0x0, 0x4,
    0xff, 0xf6, 0x1f, 0xff, 0xf7, 0x22, 0x6f, 0xff,
    0xf1, 0x7, 0xff, 0xff, 0xff, 0xff, 0xff, 0x70,
    0x0, 0x9f, 0xff, 0xff, 0xff, 0xf9, 0x0, 0x0,
    0x4, 0xae, 0xff, 0xea, 0x40, 0x0,

    /* U+0056 "V" */
    0xf, 0xff, 0xc0, 0x0, 0x0, 0x0, 0xcf, 0xfd,
    0xa, 0xff, 0xf0, 0x0, 0x0, 0x0, 0xff, 0xf8,
    0x5, 0xff, 0xf4, 0x0, 0x0, 0x4, 0xff, 0xf3,
    0x1, 0xff, 0xf8, 0x0, 0x0, 0x8, 0xff, 0xe0,
    0x0, 0xcf, 0xfd, 0x0, 0x0, 0xc, 0xff, 0x90,
    0x0, 0x7f, 0xff, 0x10, 0x0, 0x1f, 0xff, 0x50,
    0x0, 0x2f, 0xff, 0x50, 0x0, 0x5f, 0xff, 0x0,
    0x0, 0xd, 0xff, 0x90, 0x0, 0x9f, 0xfb, 0x0,
    0x0, 0x9, 0xff, 0xe0, 0x0, 0xdf, 0xf6, 0x0,
    0x0, 0x4, 0xff, 0xf2, 0x1, 0xff, 0xf1, 0x0,
    0x0, 0x0, 0xff, 0xf6, 0x6, 0xff, 0xc0, 0x0,
    0x0, 0x0, 0xaf, 0xfa, 0xa, 0xff, 0x80, 0x0,
    0x0, 0x0, 0x5f, 0xfe, 0xe, 0xff, 0x30, 0x0,
    0x0, 0x0, 0x1f, 0xff, 0x4f, 0xfe, 0x0, 0x0,
    0x0, 0x0, 0xc, 0xff, 0xdf, 0xf9, 0x0, 0x0,
    0x0, 0x0, 0x7, 0xff, 0xff, 0xf4, 0x0, 0x0,
    0x0, 0x0, 0x2, 0xff, 0xff, 0xf0, 0x0, 0x0,
    0x0, 0x0, 0x0, 0xdf, 0xff, 0xb0, 0x0, 0x0,

    /* U+0057 "W" */
    0x7f, 0xff, 0x20, 0x0, 0x9, 0xff, 0xb0, 0x0,
    0x0, 0xff, 0xf6, 0x4f, 0xff, 0x50, 0x0, 0xc,
    0xff, 0xf0, 0x0, 0x1, 0xff, 0xf3, 0x1f, 0xff,
    0x70, 0x0, 0xf, 0xff, 0xf2, 0x0, 0x4, 0xff,
    0xf0, 0xe, 0xff, 0xa0, 0x0, 0x4f, 0xff, 0xf6,
    0x0, 0x7, 0xff, 0xd0, 0xb, 0xff, 0xc0, 0x0,
    0x7f, 0xff, 0xfa, 0x0, 0x9, 0xff, 0xa0, 0x8,
    0xff, 0xf0, 0x0, 0xbf, 0xdd, 0xfe, 0x0, 0xc,
    0xff, 0x70, 0x5, 0xff, 0xf1, 0x0, 0xff, 0xab,
    0xff, 0x10, 0xe, 0xff, 0x40, 0x2, 0xff, 0xf4,
    0x2, 0xff, 0x78, 0xff, 0x50, 0x1f, 0xff, 0x10,
    0x0, 0xff, 0xf6, 0x6, 0xff, 0x45, 0xff, 0x90,
    0x4f, 0xfe, 0x0, 0x0, 0xbf, 0xf9, 0x9, 0xff,
    0x12, 0xff, 0xc0, 0x6f, 0xfb, 0x0, 0x0, 0x8f,
    0xfb, 0xd, 0xfd, 0x0, 0xef, 0xf0, 0x8f, 0xf8,
    0x0, 0x0, 0x5f, 0xfd, 0xf, 0xfa, 0x0, 0xaf,
    0xf3, 0xaf, 0xf6, 0x0, 0x0, 0x2f, 0xff, 0x3f,
    0xf6, 0x0, 0x7f, 0xf6, 0xdf, 0xf3, 0x0, 0x0,
    0xf, 0xff, 0x8f, 0xf3, 0x0, 0x3f, 0xf9, 0xff,
    0xf0, 0x0, 0x0, 0xc, 0xff, 0xef, 0xf0, 0x0,
    0xf, 0xfe, 0xff, 0xd0, 0x0, 0x0, 0x9, 0xff,
    0xff, 0xc0, 0x0, 0xc, 0xff, 0xff, 0xa0, 0x0,
    0x0, 0x6, 0xff, 0xff, 0x80, 0x0, 0x8, 0xff,
    0xff, 0x70, 0x0, 0x0, 0x3, 0xff, 0xff, 0x50,
    0x0, 0x5, 0xff, 0xff, 0x40, 0x0,

    /* U+0058 "X" */
    0x2f, 0xff, 0xd0, 0x0, 0x0, 0x9f, 0xff, 0x20,
    0x9f, 0xff, 0x40, 0x0, 0x1f, 0xff, 0x90, 0x1,
    0xff, 0xfc, 0x0, 0x7, 0xff, 0xf1, 0x0, 0x7,
    0xff, 0xf3, 0x0, 0xef, 0xf8, 0x0, 0x0, 0xe,
    0xff, 0xb0, 0x5f, 0xff, 0x10, 0x0, 0x0, 0x6f,
    0xff, 0x3c, 0xff, 0x80, 0x0, 0x0, 0x0, 0xdf,
    0xfc, 0xff, 0xe0, 0x0, 0x0, 0x0, 0x5, 0xff,
    0xff, 0xf7, 0x0, 0x0, 0x0, 0x0, 0xd, 0xff,
    0xfe, 0x0, 0x0, 0x0, 0x0, 0x1, 0xff, 0xff,
    0xf1, 0x0, 0x0, 0x0, 0x0, 0x9f, 0xff, 0xff,
    0x90, 0x0, 0x0, 0x0, 0x2f, 0xff, 0x8f, 0xff,
    0x20, 0x0, 0x0, 0xb, 0xff, 0xb0, 0xef, 0xfb,
    0x0, 0x0, 0x3, 0xff, 0xf3, 0x7, 0xff, 0xf4,
    0x0, 0x0, 0xcf, 0xfc, 0x0, 0xe, 0xff, 0xc0,
    0x0, 0x4f, 0xff, 0x40, 0x0, 0x7f, 0xff, 0x50,
    0xd, 0xff, 0xd0, 0x0, 0x0, 0xef, 0xfd, 0x6,
    0xff, 0xf5, 0x0, 0x0, 0x7, 0xff, 0xf7,

    /* U+0059 "Y" */
    0xe, 0xff, 0xd0, 0x0, 0x0, 0xd, 0xff, 0xd0,
    0x6, 0xff, 0xf3, 0x0, 0x0, 0x3f, 0xff, 0x60,
    0x0, 0xef, 0xfa, 0x0, 0x0, 0xaf, 0xfe, 0x0,
    0x0, 0x8f, 0xff, 0x10, 0x1, 0xff, 0xf7, 0x0,
    0x0, 0x1f, 0xff, 0x70, 0x6, 0xff, 0xe0, 0x0,
    0x0, 0x9, 0xff, 0xd0, 0xd, 0xff, 0x80, 0x0,
    0x0, 0x1, 0xff, 0xf3, 0x3f, 0xff, 0x10, 0x0,
    0x0, 0x0, 0xaf, 0xf9, 0xaf, 0xf9, 0x0, 0x0,
    0x0, 0x0, 0x2f, 0xff, 0xff, 0xf1, 0x0, 0x0,
    0x0, 0x0, 0xb, 0xff, 0xff, 0xa0, 0x0, 0x0,
    0x0, 0x0, 0x3, 0xff, 0xff, 0x20, 0x0, 0x0,
    0x0, 0x0, 0x0, 0xdf, 0xfc, 0x0, 0x0, 0x0,
    0x0, 0x0, 0x0, 0xcf, 0xfb, 0x0, 0x0, 0x0,
    0x0, 0x0, 0x0, 0xcf, 0xfb, 0x0, 0x0, 0x0,
    0x0, 0x0, 0x0, 0xcf, 0xfb, 0x0, 0x0, 0x0,
    0x0, 0x0, 0x0, 0xcf, 0xfb, 0x0, 0x0, 0x0,
    0x0, 0x0, 0x0, 0xcf, 0xfb, 0x0, 0x0, 0x0,
    0x0, 0x0, 0x0, 0xcf, 0xfb, 0x0, 0x0, 0x0,

    /* U+005A "Z" */
    0x3f, 0xff, 0xff, 0xff, 0xff, 0xff, 0xb3, 0xff,
    0xff, 0xff, 0xff, 0xff, 0xfb, 0x3f, 0xff, 0xff,
    0xff, 0xff, 0xff, 0x70, 0x0, 0x0, 0x0, 0x1e,
    0xff, 0xd0, 0x0, 0x0, 0x0, 0xa, 0xff, 0xf3,
    0x0, 0x0, 0x0, 0x4, 0xff, 0xf8, 0x0, 0x0,
    0x0, 0x0, 0xef, 0xfd, 0x0, 0x0, 0x0, 0x0,
    0x9f, 0xff, 0x30, 0x0, 0x0, 0x0, 0x3f, 0xff,
    0x90, 0x0, 0x0, 0x0, 0xd, 0xff, 0xe0, 0x0,
    0x0, 0x0, 0x8, 0xff, 0xf4, 0x0, 0x0, 0x0,
    0x3, 0xff, 0xfa, 0x0, 0x0, 0x0, 0x0, 0xcf,
    0xfe, 0x10, 0x0, 0x0, 0x0, 0x7f, 0xff, 0x50,
    0x0, 0x0, 0x0, 0x2f, 0xff, 0xb0, 0x0, 0x0,
    0x0, 0xc, 0xff, 0xff, 0xff, 0xff, 0xff, 0xfc,
    0xff, 0xff, 0xff, 0xff, 0xff, 0xff, 0xcf, 0xff,
    0xff, 0xff, 0xff, 0xff, 0xfc,

    /* U+005B "[" */
    0x9f, 0xff, 0xfe, 0x9f, 0xfe, 0xed, 0x9f, 0xf1,
    0x0, 0x9f, 0xf1, 0x0, 0x9f, 0xf1, 0x0, 0x9f,
    0xf1, 0x0, 0x9f, 0xf1, 0x0, 0x9f, 0xf1, 0x0,
    0x9f, 0xf1, 0x0, 0x9f, 0xf1, 0x0, 0x9f, 0xf1,
    0x0, 0x9f, 0xf1, 0x0, 0x9f, 0xf1, 0x0, 0x9f,
    0xf1, 0x0, 0x9f, 0xf1, 0x0, 0x9f, 0xf1, 0x0,
    0x9f, 0xf1, 0x0, 0x9f, 0xf1, 0x0, 0x9f, 0xf1,
    0x0, 0x9f, 0xf1, 0x0, 0x9f, 0xf1, 0x0, 0x9f,
    0xf1, 0x0, 0x9f, 0xff, 0xfe, 0x8e, 0xee, 0xed,

    /* U+005C "\\" */
    0x3f, 0xf2, 0x0, 0x0, 0x0, 0xff, 0x60, 0x0,
    0x0, 0xb, 0xfa, 0x0, 0x0, 0x0, 0x7f, 0xe0,
    0x0, 0x0, 0x3, 0xff, 0x20, 0x0, 0x0, 0xf,
    0xf5, 0x0, 0x0, 0x0, 0xbf, 0x90, 0x0, 0x0,
    0x7, 0xfd, 0x0, 0x0, 0x0, 0x3f, 0xf1, 0x0,
    0x0, 0x0, 0xff, 0x50, 0x0, 0x0, 0xb, 0xf9,
    0x0, 0x0, 0x0, 0x7f, 0xd0, 0x0, 0x0, 0x3,
    0xff, 0x10, 0x0, 0x0, 0xf, 0xf5, 0x0, 0x0,
    0x0, 0xbf, 0x90, 0x0, 0x0, 0x7, 0xfd, 0x0,
    0x0, 0x0, 0x3f, 0xf1, 0x0, 0x0, 0x0, 0xff,
    0x50, 0x0, 0x0, 0xb, 0xf9, 0x0, 0x0, 0x0,
    0x7f, 0xd0, 0x0, 0x0, 0x4, 0xff, 0x10, 0x0,
    0x0, 0xf, 0xf5, 0x0, 0x0, 0x0, 0xcf, 0x90,
    0x0, 0x0, 0x8, 0xfd,

    /* U+005D "]" */
    0xdf, 0xff, 0xfa, 0xce, 0xef, 0xfa, 0x0, 0xf,
    0xfa, 0x0, 0xf, 0xfa, 0x0, 0xf, 0xfa, 0x0,
    0xf, 0xfa, 0x0, 0xf, 0xfa, 0x0, 0xf, 0xfa,
    0x0, 0xf, 0xfa, 0x0, 0xf, 0xfa, 0x0, 0xf,
    0xfa, 0x0, 0xf, 0xfa, 0x0, 0xf, 0xfa, 0x0,
    0xf, 0xfa, 0x0, 0xf, 0xfa, 0x0, 0xf, 0xfa,
    0x0, 0xf, 0xfa, 0x0, 0xf, 0xfa, 0x0, 0xf,
    0xfa, 0x0, 0xf, 0xfa, 0x0, 0xf, 0xfa, 0x0,
    0xf, 0xfa, 0xdf, 0xff, 0xfa, 0xce, 0xee, 0xe8,

    /* U+005E "^" */
    0x0, 0x0, 0x8f, 0xfb, 0x0, 0x0, 0x0, 0x0,
    0xef, 0xff, 0x10, 0x0, 0x0, 0x5, 0xff, 0xff,
    0x70, 0x0, 0x0, 0xb, 0xfe, 0xdf, 0xd0, 0x0,
    0x0, 0x1f, 0xf9, 0x7f, 0xf3, 0x0, 0x0, 0x7f,
    0xf4, 0x2f, 0xf9, 0x0, 0x0, 0xdf, 0xe0, 0xc,
    0xff, 0x0, 0x3, 0xff, 0x90, 0x7, 0xff, 0x50,
    0x9, 0xff, 0x40, 0x1, 0xff, 0xc0, 0xf, 0xfe,
    0x0, 0x0, 0xcf, 0xf2, 0x5f, 0xf8, 0x0, 0x0,
    0x6f, 0xf8,

    /* U+005F "_" */
    0x1, 0x11, 0x11, 0x11, 0x11, 0x11, 0x10, 0xaf,
    0xff, 0xff, 0xff, 0xff, 0xff, 0xf4, 0xaf, 0xff,
    0xff, 0xff, 0xff, 0xff, 0xf4,

    /* U+0060 "`" */
    0x0, 0x12, 0x0, 0x0, 0x1, 0xdd, 0x10, 0x0,
    0x1d, 0xff, 0xb0, 0x0, 0x9, 0xff, 0xf8, 0x0,
    0x0, 0x8f, 0xff, 0x60, 0x0, 0x6, 0xff, 0xe0,
    0x0, 0x0, 0x5e, 0x20, 0x0, 0x0, 0x0, 0x0,

    /* U+0061 "a" */
    0x0, 0x28, 0xcf, 0xfe, 0x92, 0x0, 0x1a, 0xff,
    0xff, 0xff, 0xff, 0x20, 0xd, 0xff, 0xfe, 0xff,
    0xff, 0xc0, 0x5, 0xd5, 0x0, 0xa, 0xff, 0xf2,
    0x0, 0x0, 0x0, 0x2, 0xff, 0xf5, 0x0, 0x0,
    0x37, 0xad, 0xff, 0xf7, 0x0, 0x8e, 0xff, 0xff,
    0xff, 0xf7, 0xc, 0xff, 0xfc, 0x86, 0xff, 0xf7,
    0x7f, 0xff, 0x40, 0x0, 0xff, 0xf7, 0xbf, 0xfa,
    0x0, 0x0, 0xff, 0xf7, 0xbf, 0xfc, 0x0, 0x1b,
    0xff, 0xf7, 0x8f, 0xff, 0xfd, 0xff, 0xff, 0xf7,
    0x1e, 0xff, 0xff, 0xfd, 0xbf, 0xf7, 0x2, 0xaf,
    0xfd, 0x70, 0x7f, 0xf7,

    /* U+0062 "b" */
    0x1f, 0xff, 0x60, 0x0, 0x0, 0x0, 0x0, 0x1f,
    0xff, 0x60, 0x0, 0x0, 0x0, 0x0, 0x1f, 0xff,
    0x60, 0x0, 0x0, 0x0, 0x0, 0x1f, 0xff, 0x60,
    0x0, 0x0, 0x0, 0x0, 0x1f, 0xff, 0x60, 0x0,
    0x0, 0x0, 0x0, 0x1f, 0xff, 0x53, 0xbf, 0xfc,
    0x60, 0x0, 0x1f, 0xff, 0xcf, 0xff, 0xff, 0xf9,
    0x0, 0x1f, 0xff, 0xff, 0xff, 0xff, 0xff, 0x50,
    0x1f, 0xff, 0xf7, 0x0, 0x6f, 0xff, 0xd0, 0x1f,
    0xff, 0x70, 0x0, 0xa, 0xff, 0xf1, 0x1f, 0xff,
    0x60, 0x0, 0x5, 0xff, 0xf4, 0x1f, 0xff, 0x60,
    0x0, 0x4, 0xff, 0xf5, 0x1f, 0xff, 0x60, 0x0,
    0x4, 0xff, 0xf5, 0x1f, 0xff, 0x60, 0x0, 0x7,
    0xff, 0xf3, 0x1f, 0xff, 0x60, 0x0, 0xd, 0xff,
    0xf0, 0x1f, 0xff, 0xd4, 0x1, 0x9f, 0xff, 0x90,
    0x1f, 0xff, 0xff, 0xff, 0xff, 0xfe, 0x10, 0x1f,
    0xfe, 0xbf, 0xff, 0xff, 0xf4, 0x0, 0x1f, 0xfb,
    0x6, 0xdf, 0xe9, 0x20, 0x0,

    /* U+0063 "c" */
    0x0, 0x2, 0x9d, 0xff, 0xc6, 0x0, 0x7, 0xff,
    0xff, 0xff, 0xf9, 0x7, 0xff, 0xff, 0xff, 0xff,
    0x22, 0xff, 0xff, 0x50, 0x5, 0x50, 0x8f, 0xff,
    0x40, 0x0, 0x0, 0xc, 0xff, 0xe0, 0x0, 0x0,
    0x0, 0xef, 0xfb, 0x0, 0x0, 0x0, 0xe, 0xff,
    0xb0, 0x0, 0x0, 0x0, 0xdf, 0xfe, 0x0, 0x0,
    0x0, 0x9, 0xff, 0xf4, 0x0, 0x0, 0x0, 0x3f,
    0xff, 0xe4, 0x0, 0x4b, 0x0, 0x9f, 0xff, 0xff,
    0xff, 0xf7, 0x0, 0xaf, 0xff, 0xff, 0xff, 0xa0,
    0x0, 0x4a, 0xef, 0xeb, 0x50,

    /* U+0064 "d" */
    0x0, 0x0, 0x0, 0x0, 0xf, 0xff, 0x90, 0x0,
    0x0, 0x0, 0x0, 0xff, 0xf9, 0x0, 0x0, 0x0,
    0x0, 0xf, 0xff, 0x90, 0x0, 0x0, 0x0, 0x0,
    0xff, 0xf9, 0x0, 0x0, 0x0, 0x0, 0xe, 0xff,
    0x90, 0x0, 0x6c, 0xff, 0xa2, 0xef, 0xf9, 0x0,
    0xbf, 0xff, 0xff, 0xfe, 0xff, 0x90, 0x9f, 0xff,
    0xff, 0xff, 0xff, 0xf9, 0x2f, 0xff, 0xe3, 0x1,
    0x8f, 0xff, 0x98, 0xff, 0xf4, 0x0, 0x0, 0xff,
    0xf9, 0xcf, 0xfe, 0x0, 0x0, 0xf, 0xff, 0x9d,
    0xff, 0xc0, 0x0, 0x0, 0xff, 0xf9, 0xdf, 0xfc,
    0x0, 0x0, 0xf, 0xff, 0x9c, 0xff, 0xe0, 0x0,
    0x0, 0xff, 0xf9, 0x9f, 0xff, 0x30, 0x0, 0xf,
    0xff, 0x94, 0xff, 0xfd, 0x20, 0x2b, 0xff, 0xf9,
    0xd, 0xff, 0xff, 0xff, 0xff, 0xff, 0x90, 0x2e,
    0xff, 0xff, 0xfe, 0xcf, 0xf9, 0x0, 0x19, 0xef,
    0xe9, 0x16, 0xff, 0x90,

    /* U+0065 "e" */
    0x0, 0x4, 0xbe, 0xfe, 0x92, 0x0, 0x0, 0x8f,
    0xff, 0xff, 0xff, 0x40, 0x8, 0xff, 0xfe, 0xcf,
    0xff, 0xe1, 0x2f, 0xff, 0x70, 0x0, 0xcf, 0xf7,
    0x8f, 0xfb, 0x0, 0x0, 0x4f, 0xfb, 0xcf, 0xfb,
    0x66, 0x66, 0x7f, 0xfe, 0xef, 0xff, 0xff, 0xff,
    0xff, 0xfe, 0xef, 0xff, 0xff, 0xff, 0xff, 0xfd,
    0xcf, 0xf9, 0x0, 0x0, 0x0, 0x0, 0x9f, 0xfe,
    0x10, 0x0, 0x0, 0x0, 0x2f, 0xff, 0xc2, 0x0,
    0x4, 0x40, 0x8, 0xff, 0xff, 0xdc, 0xff, 0xd0,
    0x0, 0x9f, 0xff, 0xff, 0xff, 0xf3, 0x0, 0x3,
    0xae, 0xff, 0xc7, 0x10,

    /* U+0066 "f" */
    0x0, 0x0, 0x5c, 0xff, 0xd6, 0x0, 0x7, 0xff,
    0xff, 0xf7, 0x0, 0x1f, 0xff, 0xfd, 0xe3, 0x0,
    0x5f, 0xff, 0x50, 0x0, 0x0, 0x7f, 0xff, 0x0,
    0x0, 0x4e, 0xff, 0xff, 0xff, 0x90, 0x5f, 0xff,
    0xff, 0xff, 0x90, 0x4d, 0xef, 0xff, 0xdd, 0x70,
    0x0, 0x8f, 0xff, 0x0, 0x0, 0x0, 0x8f, 0xff,
    0x0, 0x0, 0x0, 0x8f, 0xff, 0x0, 0x0, 0x0,
    0x8f, 0xff, 0x0, 0x0, 0x0, 0x8f, 0xff, 0x0,
    0x0, 0x0, 0x8f, 0xff, 0x0, 0x0, 0x0, 0x8f,
    0xff, 0x0, 0x0, 0x0, 0x8f, 0xff, 0x0, 0x0,
    0x0, 0x8f, 0xff, 0x0, 0x0, 0x0, 0x8f, 0xff,
    0x0, 0x0, 0x0, 0x8f, 0xff, 0x0, 0x0,

    /* U+0067 "g" */
    0x0, 0x29, 0xdf, 0xff, 0xff, 0xff, 0xb0, 0x5f,
    0xff, 0xff, 0xff, 0xff, 0xfb, 0x1f, 0xff, 0xd8,
    0x9f, 0xff, 0xda, 0x77, 0xff, 0xe1, 0x0, 0x5f,
    0xfd, 0x0, 0x9f, 0xfc, 0x0, 0x1, 0xff, 0xf0,
    0x7, 0xff, 0xe0, 0x0, 0x3f, 0xff, 0x0, 0x1e,
    0xff, 0xb4, 0x5e, 0xff, 0x90, 0x0, 0x3f, 0xff,
    0xff, 0xff, 0xd1, 0x0, 0x6, 0xff, 0xcf, 0xfc,
    0x70, 0x0, 0x1, 0xff, 0x90, 0x0, 0x0, 0x0,
    0x0, 0x3f, 0xfb, 0x0, 0x0, 0x0, 0x0, 0x2,
    0xff, 0xfe, 0xcc, 0xcc, 0xa7, 0x10, 0x9, 0xff,
    0xff, 0xff, 0xff, 0xff, 0x40, 0x9f, 0xfe, 0xff,
    0xff, 0xff, 0xfc, 0x9f, 0xf3, 0x0, 0x0, 0x1b,
    0xff, 0xee, 0xff, 0x10, 0x0, 0x0, 0x9f, 0xfb,
    0xdf, 0xfd, 0x75, 0x46, 0xbf, 0xff, 0x34, 0xff,
    0xff, 0xff, 0xff, 0xfe, 0x40, 0x2, 0x9d, 0xff,
    0xfd, 0xa6, 0x0, 0x0,

    /* U+0068 "h" */
    0x1f, 0xff, 0x60, 0x0, 0x0, 0x0, 0x1, 0xff,
    0xf6, 0x0, 0x0, 0x0, 0x0, 0x1f, 0xff, 0x60,
    0x0, 0x0, 0x0, 0x1, 0xff, 0xf6, 0x0, 0x0,
    0x0, 0x0, 0x1f, 0xff, 0x60, 0x0, 0x0, 0x0,
    0x1, 0xff, 0xf5, 0x19, 0xef, 0xe8, 0x0, 0x1f,
    0xff, 0x8e, 0xff, 0xff, 0xfa, 0x1, 0xff, 0xff,
    0xff, 0xff, 0xff, 0xf2, 0x1f, 0xff, 0xfa, 0x21,
    0x9f, 0xff, 0x71, 0xff, 0xf9, 0x0, 0x0, 0xff,
    0xf9, 0x1f, 0xff, 0x60, 0x0, 0xe, 0xff, 0x91,
    0xff, 0xf6, 0x0, 0x0, 0xef, 0xfa, 0x1f, 0xff,
    0x60, 0x0, 0xe, 0xff, 0xa1, 0xff, 0xf6, 0x0,
    0x0, 0xef, 0xfa, 0x1f, 0xff, 0x60, 0x0, 0xe,
    0xff, 0xa1, 0xff, 0xf6, 0x0, 0x0, 0xef, 0xfa,
    0x1f, 0xff, 0x60, 0x0, 0xe, 0xff, 0xa1, 0xff,
    0xf6, 0x0, 0x0, 0xef, 0xfa, 0x1f, 0xff, 0x60,
    0x0, 0xe, 0xff, 0xa0,

    /* U+0069 "i" */
    0xa, 0xfd, 0x24, 0xff, 0xfa, 0x4f, 0xff, 0x90,
    0x9d, 0xb1, 0x0, 0x0, 0x1, 0xff, 0xf6, 0x1f,
    0xff, 0x61, 0xff, 0xf6, 0x1f, 0xff, 0x61, 0xff,
    0xf6, 0x1f, 0xff, 0x61, 0xff, 0xf6, 0x1f, 0xff,
    0x61, 0xff, 0xf6, 0x1f, 0xff, 0x61, 0xff, 0xf6,
    0x1f, 0xff, 0x61, 0xff, 0xf6, 0x1f, 0xff, 0x60,

    /* U+006A "j" */
    0x0, 0x0, 0xaf, 0xd2, 0x0, 0x4, 0xff, 0xfa,
    0x0, 0x4, 0xff, 0xfa, 0x0, 0x0, 0x8d, 0xb2,
    0x0, 0x0, 0x0, 0x0, 0x0, 0x1, 0xff, 0xf7,
    0x0, 0x1, 0xff, 0xf7, 0x0, 0x1, 0xff, 0xf7,
    0x0, 0x1, 0xff, 0xf7, 0x0, 0x1, 0xff, 0xf7,
    0x0, 0x1, 0xff, 0xf7, 0x0, 0x1, 0xff, 0xf7,
    0x0, 0x1, 0xff, 0xf7, 0x0, 0x1, 0xff, 0xf7,
    0x0, 0x1, 0xff, 0xf7, 0x0, 0x1, 0xff, 0xf7,
    0x0, 0x1, 0xff, 0xf7, 0x0, 0x1, 0xff, 0xf7,
    0x0, 0x1, 0xff, 0xf7, 0x0, 0x1, 0xff, 0xf7,
    0x0, 0x6, 0xff, 0xf4, 0xc, 0xdf, 0xff, 0xf0,
    0xf, 0xff, 0xff, 0x70, 0x2d, 0xff, 0xc5, 0x0,

    /* U+006B "k" */
    0x1f, 0xff, 0x60, 0x0, 0x0, 0x0, 0x0, 0x1f,
    0xff, 0x60, 0x0, 0x0, 0x0, 0x0, 0x1f, 0xff,
    0x60, 0x0, 0x0, 0x0, 0x0, 0x1f, 0xff, 0x60,
    0x0, 0x0, 0x0, 0x0, 0x1f, 0xff, 0x60, 0x0,
    0x0, 0x0, 0x0, 0x1f, 0xff, 0x60, 0x0, 0x5f,
    0xff, 0x80, 0x1f, 0xff, 0x60, 0x2, 0xff, 0xfb,
    0x0, 0x1f, 0xff, 0x60, 0xd, 0xff, 0xd1, 0x0,
    0x1f, 0xff, 0x60, 0x9f, 0xff, 0x20, 0x0, 0x1f,
    0xff, 0x66, 0xff, 0xf5, 0x0, 0x0, 0x1f, 0xff,
    0x8f, 0xff, 0x90, 0x0, 0x0, 0x1f, 0xff, 0xff,
    0xff, 0xb0, 0x0, 0x0, 0x1f, 0xff, 0xff, 0xff,
    0xf5, 0x0, 0x0, 0x1f, 0xff, 0xfe, 0xaf, 0xfe,
    0x10, 0x0, 0x1f, 0xff, 0xf3, 0x1e, 0xff, 0x90,
    0x0, 0x1f, 0xff, 0x70, 0x7, 0xff, 0xf3, 0x0,
    0x1f, 0xff, 0x60, 0x0, 0xdf, 0xfd, 0x0, 0x1f,
    0xff, 0x60, 0x0, 0x5f, 0xff, 0x70, 0x1f, 0xff,
    0x60, 0x0, 0xc, 0xff, 0xf1,

    /* U+006C "l" */
    0x1f, 0xff, 0x60, 0x1, 0xff, 0xf6, 0x0, 0x1f,
    0xff, 0x60, 0x1, 0xff, 0xf6, 0x0, 0x1f, 0xff,
    0x60, 0x1, 0xff, 0xf6, 0x0, 0x1f, 0xff, 0x60,
    0x1, 0xff, 0xf6, 0x0, 0x1f, 0xff, 0x60, 0x1,
    0xff, 0xf6, 0x0, 0x1f, 0xff, 0x60, 0x1, 0xff,
    0xf6, 0x0, 0x1f, 0xff, 0x60, 0x1, 0xff, 0xf6,
    0x0, 0x1f, 0xff, 0x60, 0x1, 0xff, 0xf7, 0x0,
    0xf, 0xff, 0xf8, 0x0, 0x9f, 0xff, 0xd0, 0x0,
    0x9f, 0xfd, 0x0,

    /* U+006D "m" */
    0x1f, 0xfd, 0x2, 0xae, 0xfd, 0x60, 0x1, 0xae,
    0xfd, 0x60, 0x1, 0xff, 0xf4, 0xff, 0xff, 0xff,
    0x64, 0xef, 0xff, 0xff, 0x60, 0x1f, 0xff, 0xff,
    0xff, 0xff, 0xff, 0xff, 0xff, 0xff, 0xfe, 0x1,
    0xff, 0xff, 0xa2, 0x2c, 0xff, 0xff, 0xa2, 0x2c,
    0xff, 0xf2, 0x1f, 0xff, 0x90, 0x0, 0x4f, 0xff,
    0x90, 0x0, 0x4f, 0xff, 0x51, 0xff, 0xf6, 0x0,
    0x2, 0xff, 0xf6, 0x0, 0x2, 0xff, 0xf5, 0x1f,
    0xff, 0x60, 0x0, 0x2f, 0xff, 0x60, 0x0, 0x2f,
    0xff, 0x51, 0xff, 0xf6, 0x0, 0x2, 0xff, 0xf6,
    0x0, 0x2, 0xff, 0xf5, 0x1f, 0xff, 0x60, 0x0,
    0x2f, 0xff, 0x60, 0x0, 0x2f, 0xff, 0x51, 0xff,
    0xf6, 0x0, 0x2, 0xff, 0xf6, 0x0, 0x2, 0xff,
    0xf5, 0x1f, 0xff, 0x60, 0x0, 0x2f, 0xff, 0x60,
    0x0, 0x2f, 0xff, 0x51, 0xff, 0xf6, 0x0, 0x2,
    0xff, 0xf6, 0x0, 0x2, 0xff, 0xf5, 0x1f, 0xff,
    0x60, 0x0, 0x2f, 0xff, 0x60, 0x0, 0x2f, 0xff,
    0x51, 0xff, 0xf6, 0x0, 0x2, 0xff, 0xf6, 0x0,
    0x2, 0xff, 0xf5,

    /* U+006E "n" */
    0x1f, 0xfd, 0x1, 0x9e, 0xfe, 0x80, 0x1, 0xff,
    0xf5, 0xff, 0xff, 0xff, 0xa0, 0x1f, 0xff, 0xff,
    0xff, 0xff, 0xff, 0x21, 0xff, 0xff, 0xa2, 0x19,
    0xff, 0xf7, 0x1f, 0xff, 0x90, 0x0, 0xf, 0xff,
    0x91, 0xff, 0xf6, 0x0, 0x0, 0xef, 0xf9, 0x1f,
    0xff, 0x60, 0x0, 0xe, 0xff, 0xa1, 0xff, 0xf6,
    0x0, 0x0, 0xef, 0xfa, 0x1f, 0xff, 0x60, 0x0,
    0xe, 0xff, 0xa1, 0xff, 0xf6, 0x0, 0x0, 0xef,
    0xfa, 0x1f, 0xff, 0x60, 0x0, 0xe, 0xff, 0xa1,
    0xff, 0xf6, 0x0, 0x0, 0xef, 0xfa, 0x1f, 0xff,
    0x60, 0x0, 0xe, 0xff, 0xa1, 0xff, 0xf6, 0x0,
    0x0, 0xef, 0xfa,

    /* U+006F "o" */
    0x0, 0x3, 0xae, 0xfe, 0xa3, 0x0, 0x0, 0x8,
    0xff, 0xff, 0xff, 0xf9, 0x0, 0x8, 0xff, 0xff,
    0xff, 0xff, 0xf8, 0x2, 0xff, 0xfd, 0x20, 0x2c,
    0xff, 0xf2, 0x9f, 0xff, 0x20, 0x0, 0x2f, 0xff,
    0x9c, 0xff, 0xd0, 0x0, 0x0, 0xcf, 0xfd, 0xef,
    0xfb, 0x0, 0x0, 0xa, 0xff, 0xfe, 0xff, 0xb0,
    0x0, 0x0, 0xaf, 0xff, 0xcf, 0xfd, 0x0, 0x0,
    0xc, 0xff, 0xd9, 0xff, 0xf2, 0x0, 0x2, 0xff,
    0xf9, 0x2f, 0xff, 0xc2, 0x2, 0xcf, 0xff, 0x30,
    0x8f, 0xff, 0xff, 0xff, 0xff, 0x80, 0x0, 0x9f,
    0xff, 0xff, 0xff, 0x90, 0x0, 0x0, 0x3a, 0xef,
    0xea, 0x30, 0x0,

    /* U+0070 "p" */
    0x1f, 0xfd, 0x4, 0xbf, 0xfc, 0x60, 0x0, 0x1f,
    0xff, 0xbf, 0xff, 0xff, 0xf9, 0x0, 0x1f, 0xff,
    0xff, 0xff, 0xff, 0xff, 0x50, 0x1f, 0xff, 0xf7,
    0x0, 0x6f, 0xff, 0xd0, 0x1f, 0xff, 0x70, 0x0,
    0xa, 0xff, 0xf1, 0x1f, 0xff, 0x60, 0x0, 0x5,
    0xff, 0xf4, 0x1f, 0xff, 0x60, 0x0, 0x4, 0xff,
    0xf5, 0x1f, 0xff, 0x60, 0x0, 0x4, 0xff, 0xf5,
    0x1f, 0xff, 0x60, 0x0, 0x7, 0xff, 0xf3, 0x1f,
    0xff, 0x60, 0x0, 0xd, 0xff, 0xf0, 0x1f, 0xff,
    0xd4, 0x1, 0x9f, 0xff, 0x90, 0x1f, 0xff, 0xff,
    0xff, 0xff, 0xfe, 0x10, 0x1f, 0xff, 0xdf, 0xff,
    0xff, 0xf4, 0x0, 0x1f, 0xff, 0x56, 0xdf, 0xe9,
    0x20, 0x0, 0x1f, 0xff, 0x60, 0x0, 0x0, 0x0,
    0x0, 0x1f, 0xff, 0x60, 0x0, 0x0, 0x0, 0x0,
    0x1f, 0xff, 0x60, 0x0, 0x0, 0x0, 0x0, 0x1f,
    0xff, 0x60, 0x0, 0x0, 0x0, 0x0, 0x1f, 0xff,
    0x60, 0x0, 0x0, 0x0, 0x0,

    /* U+0071 "q" */
    0x0, 0x6, 0xcf, 0xfb, 0x34, 0xff, 0x90, 0xb,
    0xff, 0xff, 0xff, 0xcf, 0xf9, 0x9, 0xff, 0xff,
    0xff, 0xff, 0xff, 0x92, 0xff, 0xfe, 0x30, 0x18,
    0xff, 0xf9, 0x8f, 0xff, 0x40, 0x0, 0xf, 0xff,
    0x9c, 0xff, 0xe0, 0x0, 0x0, 0xff, 0xf9, 0xdf,
    0xfc, 0x0, 0x0, 0xf, 0xff, 0x9d, 0xff, 0xc0,
    0x0, 0x0, 0xff, 0xf9, 0xcf, 0xfe, 0x0, 0x0,
    0xf, 0xff, 0x99, 0xff, 0xf3, 0x0, 0x0, 0xff,
    0xf9, 0x4f, 0xff, 0xd2, 0x2, 0xbf, 0xff, 0x90,
    0xdf, 0xff, 0xff, 0xff, 0xff, 0xf9, 0x2, 0xef,
    0xff, 0xff, 0xee, 0xff, 0x90, 0x1, 0x9e, 0xfe,
    0x81, 0xef, 0xf9, 0x0, 0x0, 0x0, 0x0, 0xe,
    0xff, 0x90, 0x0, 0x0, 0x0, 0x0, 0xff, 0xf9,
    0x0, 0x0, 0x0, 0x0, 0xf, 0xff, 0x90, 0x0,
    0x0, 0x0, 0x0, 0xff, 0xf9, 0x0, 0x0, 0x0,
    0x0, 0xf, 0xff, 0x90,

    /* U+0072 "r" */
    0x1f, 0xfd, 0x1, 0xaf, 0xf6, 0x1f, 0xfe, 0x1e,
    0xff, 0xf3, 0x1f, 0xff, 0xcf, 0xff, 0xf0, 0x1f,
    0xff, 0xfe, 0x63, 0x40, 0x1f, 0xff, 0xf3, 0x0,
    0x0, 0x1f, 0xff, 0x90, 0x0, 0x0, 0x1f, 0xff,
    0x60, 0x0, 0x0, 0x1f, 0xff, 0x60, 0x0, 0x0,
    0x1f, 0xff, 0x60, 0x0, 0x0, 0x1f, 0xff, 0x60,
    0x0, 0x0, 0x1f, 0xff, 0x60, 0x0, 0x0, 0x1f,
    0xff, 0x60, 0x0, 0x0, 0x1f, 0xff, 0x60, 0x0,
    0x0, 0x1f, 0xff, 0x60, 0x0, 0x0,

    /* U+0073 "s" */
    0x0, 0x5, 0xbf, 0xfe, 0xa3, 0x0, 0x0, 0x9f,
    0xff, 0xff, 0xff, 0x90, 0x4, 0xff, 0xfd, 0xbd,
    0xff, 0x50, 0x9, 0xff, 0xd0, 0x0, 0x47, 0x0,
    0x9, 0xff, 0xd0, 0x0, 0x0, 0x0, 0x4, 0xff,
    0xfe, 0x82, 0x0, 0x0, 0x0, 0x8f, 0xff, 0xff,
    0xb2, 0x0, 0x0, 0x3, 0xbf, 0xff, 0xff, 0x40,
    0x0, 0x0, 0x2, 0x9f, 0xff, 0xd0, 0x0, 0x0,
    0x0, 0x5, 0xff, 0xf1, 0x3, 0xd5, 0x0, 0x6,
    0xff, 0xf0, 0x1e, 0xff, 0xeb, 0xcf, 0xff, 0xb0,
    0x1b, 0xff, 0xff, 0xff, 0xfd, 0x10, 0x0, 0x3a,
    0xef, 0xfd, 0x81, 0x0,

    /* U+0074 "t" */
    0x0, 0x8, 0x87, 0x0, 0x0, 0x0, 0x1f, 0xfe,
    0x0, 0x0, 0x0, 0x3f, 0xfe, 0x0, 0x0, 0x0,
    0x5f, 0xfe, 0x0, 0x0, 0x6e, 0xff, 0xff, 0xff,
    0xf3, 0x8f, 0xff, 0xff, 0xff, 0xf3, 0x6d, 0xef,
    0xff, 0xdd, 0xd3, 0x0, 0x9f, 0xfe, 0x0, 0x0,
    0x0, 0x9f, 0xfe, 0x0, 0x0, 0x0, 0x9f, 0xfe,
    0x0, 0x0, 0x0, 0x9f, 0xfe, 0x0, 0x0, 0x0,
    0x9f, 0xfe, 0x0, 0x0, 0x0, 0x9f, 0xfe, 0x0,
    0x0, 0x0, 0x9f, 0xff, 0x0, 0x0, 0x0, 0x7f,
    0xff, 0x50, 0x0, 0x0, 0x2f, 0xff, 0xfd, 0xf3,
    0x0, 0xa, 0xff, 0xff, 0xf7, 0x0, 0x0, 0x7d,
    0xff, 0xc5,

    /* U+0075 "u" */
    0x4f, 0xff, 0x40, 0x0, 0x1f, 0xff, 0x64, 0xff,
    0xf4, 0x0, 0x1, 0xff, 0xf6, 0x4f, 0xff, 0x40,
    0x0, 0x1f, 0xff, 0x64, 0xff, 0xf4, 0x0, 0x1,
    0xff, 0xf6, 0x4f, 0xff, 0x40, 0x0, 0x1f, 0xff,
    0x64, 0xff, 0xf4, 0x0, 0x1, 0xff, 0xf6, 0x4f,
    0xff, 0x40, 0x0, 0x1f, 0xff, 0x64, 0xff, 0xf4,
    0x0, 0x1, 0xff, 0xf6, 0x4f, 0xff, 0x40, 0x0,
    0x1f, 0xff, 0x63, 0xff, 0xf6, 0x0, 0x5, 0xff,
    0xf6, 0x1f, 0xff, 0xd3, 0x17, 0xff, 0xff, 0x60,
    0xcf, 0xff, 0xff, 0xff, 0xff, 0xf6, 0x4, 0xff,
    0xff, 0xff, 0x7a, 0xff, 0x60, 0x5, 0xcf, 0xfb,
    0x40, 0x8f, 0xf6,

    /* U+0076 "v" */
    0x7f, 0xff, 0x0, 0x0, 0x0, 0xff, 0xf5, 0x2f,
    0xff, 0x40, 0x0, 0x5, 0xff, 0xf0, 0xd, 0xff,
    0x90, 0x0, 0x9, 0xff, 0xa0, 0x8, 0xff, 0xd0,
    0x0, 0xe, 0xff, 0x50, 0x2, 0xff, 0xf2, 0x0,
    0x2f, 0xff, 0x10, 0x0, 0xdf, 0xf6, 0x0, 0x7f,
    0xfb, 0x0, 0x0, 0x8f, 0xfb, 0x0, 0xbf, 0xf6,
    0x0, 0x0, 0x3f, 0xff, 0x0, 0xff, 0xf1, 0x0,
    0x0, 0xe, 0xff, 0x34, 0xff, 0xc0, 0x0, 0x0,
    0x8, 0xff, 0x88, 0xff, 0x70, 0x0, 0x0, 0x3,
    0xff, 0xcc, 0xff, 0x10, 0x0, 0x0, 0x0, 0xef,
    0xff, 0xfc, 0x0, 0x0, 0x0, 0x0, 0x9f, 0xff,
    0xf7, 0x0, 0x0, 0x0, 0x0, 0x3f, 0xff, 0xf2,
    0x0, 0x0,

    /* U+0077 "w" */
    0x3f, 0xff, 0x40, 0x0, 0x3f, 0xff, 0x20, 0x0,
    0x5f, 0xfe, 0x0, 0xff, 0xf7, 0x0, 0x7, 0xff,
    0xf5, 0x0, 0x8, 0xff, 0xb0, 0xb, 0xff, 0xb0,
    0x0, 0xbf, 0xff, 0x90, 0x0, 0xcf, 0xf7, 0x0,
    0x7f, 0xfe, 0x0, 0xf, 0xff, 0xfd, 0x0, 0xf,
    0xff, 0x30, 0x3, 0xff, 0xf2, 0x2, 0xff, 0xaf,
    0xf1, 0x2, 0xff, 0xf0, 0x0, 0xf, 0xff, 0x50,
    0x6f, 0xf5, 0xff, 0x50, 0x5f, 0xfb, 0x0, 0x0,
    0xbf, 0xf9, 0xa, 0xfc, 0x2f, 0xf9, 0x9, 0xff,
    0x80, 0x0, 0x7, 0xff, 0xc0, 0xef, 0x90, 0xef,
    0xd0, 0xcf, 0xf4, 0x0, 0x0, 0x3f, 0xfe, 0x1f,
    0xf6, 0xb, 0xff, 0xf, 0xff, 0x0, 0x0, 0x0,
    0xff, 0xf5, 0xff, 0x20, 0x7f, 0xf5, 0xff, 0xc0,
    0x0, 0x0, 0xb, 0xff, 0xbf, 0xf0, 0x3, 0xff,
    0xbf, 0xf9, 0x0, 0x0, 0x0, 0x7f, 0xff, 0xfb,
    0x0, 0xf, 0xff, 0xff, 0x50, 0x0, 0x0, 0x4,
    0xff, 0xff, 0x70, 0x0, 0xcf, 0xff, 0xf1, 0x0,
    0x0, 0x0, 0xf, 0xff, 0xf4, 0x0, 0x8, 0xff,
    0xfd, 0x0, 0x0,

    /* U+0078 "x" */
    0x1f, 0xff, 0xb0, 0x0, 0x1f, 0xff, 0x90, 0x7,
    0xff, 0xf4, 0x0, 0x7f, 0xff, 0x10, 0x0, 0xdf,
    0xfc, 0x0, 0xef, 0xf7, 0x0, 0x0, 0x4f, 0xff,
    0x45, 0xff, 0xe0, 0x0, 0x0, 0xb, 0xff, 0xcc,
    0xff, 0x50, 0x0, 0x0, 0x2, 0xff, 0xff, 0xfc,
    0x0, 0x0, 0x0, 0x0, 0x9f, 0xff, 0xf4, 0x0,
    0x0, 0x0, 0x0, 0xdf, 0xff, 0xf2, 0x0, 0x0,
    0x0, 0x7, 0xff, 0xff, 0xfb, 0x0, 0x0, 0x0,
    0x1f, 0xff, 0x6f, 0xff, 0x50, 0x0, 0x0, 0x9f,
    0xfb, 0xa, 0xff, 0xe1, 0x0, 0x2, 0xff, 0xf3,
    0x2, 0xff, 0xf9, 0x0, 0xb, 0xff, 0xc0, 0x0,
    0x8f, 0xff, 0x30, 0x5f, 0xff, 0x40, 0x0, 0xe,
    0xff, 0xc0,

    /* U+0079 "y" */
    0x7f, 0xff, 0x10, 0x0, 0x1, 0xff, 0xf4, 0x1f,
    0xff, 0x60, 0x0, 0x5, 0xff, 0xe0, 0xa, 0xff,
    0xb0, 0x0, 0xa, 0xff, 0x90, 0x4, 0xff, 0xf1,
    0x0, 0xe, 0xff, 0x40, 0x0, 0xef, 0xf6, 0x0,
    0x3f, 0xfe, 0x0, 0x0, 0x7f, 0xfc, 0x0, 0x8f,
    0xf9, 0x0, 0x0, 0x1f, 0xff, 0x10, 0xdf, 0xf3,
    0x0, 0x0, 0xb, 0xff, 0x61, 0xff, 0xe0, 0x0,
    0x0, 0x5, 0xff, 0xb5, 0xff, 0x90, 0x0, 0x0,
    0x0, 0xef, 0xf9, 0xff, 0x30, 0x0, 0x0, 0x0,
    0x8f, 0xff, 0xfe, 0x0, 0x0, 0x0, 0x0, 0x2f,
    0xff, 0xf8, 0x0, 0x0, 0x0, 0x0, 0xc, 0xff,
    0xf3, 0x0, 0x0, 0x0, 0x0, 0x8, 0xff, 0xd0,
    0x0, 0x0, 0x0, 0x0, 0xd, 0xff, 0x70, 0x0,
    0x0, 0x0, 0x0, 0x8f, 0xff, 0x10, 0x0, 0x0,
    0x3, 0xee, 0xff, 0xf7, 0x0, 0x0, 0x0, 0x7,
    0xff, 0xff, 0xb0, 0x0, 0x0, 0x0, 0x9, 0xff,
    0xd7, 0x0, 0x0, 0x0, 0x0,

    /* U+007A "z" */
    0x5, 0xff, 0xff, 0xff, 0xff, 0xf6, 0x5, 0xff,
    0xff, 0xff, 0xff, 0xf6, 0x4, 0xdd, 0xdd, 0xdf,
    0xff, 0xf1, 0x0, 0x0, 0x0, 0x6f, 0xff, 0x60,
    0x0, 0x0, 0x1, 0xff, 0xfb, 0x0, 0x0, 0x0,
    0xb, 0xff, 0xf1, 0x0, 0x0, 0x0, 0x6f, 0xff,
    0x60, 0x0, 0x0, 0x1, 0xef, 0xfc, 0x0, 0x0,
    0x0, 0xa, 0xff, 0xf2, 0x0, 0x0, 0x0, 0x5f,
    0xff, 0x70, 0x0, 0x0, 0x1, 0xef, 0xfc, 0x0,
    0x0, 0x0, 0xa, 0xff, 0xfe, 0xdd, 0xdd, 0xd8,
    0xf, 0xff, 0xff, 0xff, 0xff, 0xf9, 0xf, 0xff,
    0xff, 0xff, 0xff, 0xf9,

    /* U+007B "{" */
    0x0, 0x1, 0xae, 0xfe, 0x0, 0xa, 0xff, 0xfd,
    0x0, 0xf, 0xff, 0x20, 0x0, 0xf, 0xfd, 0x0,
    0x0, 0xf, 0xfd, 0x0, 0x0, 0xf, 0xfd, 0x0,
    0x0, 0xe, 0xfd, 0x0, 0x0, 0xd, 0xfe, 0x0,
    0x0, 0xd, 0xfe, 0x0, 0x0, 0xe, 0xfd, 0x0,
    0x3, 0xaf, 0xf9, 0x0, 0x1f, 0xff, 0xa1, 0x0,
    0x1f, 0xff, 0xd2, 0x0, 0x1, 0x8f, 0xfa, 0x0,
    0x0, 0xe, 0xfd, 0x0, 0x0, 0xd, 0xfe, 0x0,
    0x0, 0xd, 0xfe, 0x0, 0x0, 0xe, 0xfd, 0x0,
    0x0, 0xf, 0xfd, 0x0, 0x0, 0xf, 0xfd, 0x0,
    0x0, 0xf, 0xfd, 0x0, 0x0, 0xe, 0xff, 0x30,
    0x0, 0x9, 0xff, 0xfe, 0x0, 0x0, 0x8d, 0xed,

    /* U+007C "|" */
    0x6a, 0x79, 0xfb, 0x9f, 0xb9, 0xfb, 0x9f, 0xb9,
    0xfb, 0x9f, 0xb9, 0xfb, 0x9f, 0xb9, 0xfb, 0x9f,
    0xb9, 0xfb, 0x9f, 0xb9, 0xfb, 0x9f, 0xb9, 0xfb,
    0x9f, 0xb9, 0xfb, 0x9f, 0xb9, 0xfb, 0x9f, 0xb9,
    0xfb, 0x9f, 0xb9, 0xfb, 0x9f, 0xb9, 0xfb, 0x9f,
    0xb9, 0xfb,

    /* U+007D "}" */
    0xdf, 0xea, 0x10, 0x0, 0xcf, 0xff, 0xb0, 0x0,
    0x1, 0xff, 0xf0, 0x0, 0x0, 0xcf, 0xf1, 0x0,
    0x0, 0xcf, 0xf1, 0x0, 0x0, 0xcf, 0xf1, 0x0,
    0x0, 0xcf, 0xf0, 0x0, 0x0, 0xdf, 0xe0, 0x0,
    0x0, 0xdf, 0xe0, 0x0, 0x0, 0xcf, 0xf0, 0x0,
    0x0, 0x9f, 0xfb, 0x40, 0x0, 0xa, 0xff, 0xf3,
    0x0, 0x1c, 0xff, 0xf3, 0x0, 0xaf, 0xf9, 0x10,
    0x0, 0xdf, 0xf0, 0x0, 0x0, 0xdf, 0xe0, 0x0,
    0x0, 0xdf, 0xe0, 0x0, 0x0, 0xcf, 0xf0, 0x0,
    0x0, 0xcf, 0xf1, 0x0, 0x0, 0xbf, 0xf1, 0x0,
    0x0, 0xcf, 0xf1, 0x0, 0x2, 0xff, 0xf0, 0x0,
    0xdf, 0xff, 0xa0, 0x0, 0xce, 0xd9, 0x0, 0x0,

    /* U+007E "~" */
    0x0, 0x4, 0x87, 0x10, 0x0, 0x0, 0x0, 0x0,
    0xaf, 0xff, 0xf7, 0x0, 0x1c, 0x50, 0xa, 0xff,
    0xff, 0xff, 0xd9, 0xef, 0xf1, 0xa, 0xf8, 0x3,
    0xcf, 0xff, 0xff, 0x50, 0x0, 0x30, 0x0, 0x7,
    0xef, 0xc4, 0x0,

    /* U+3041 "ぁ" */
    0x0, 0x0, 0x0, 0x23, 0x30, 0x0, 0x0, 0x0,
    0x0, 0x0, 0x0, 0x0, 0xaf, 0xf1, 0x0, 0x0,
    0x0, 0x0, 0x0, 0x21, 0x0, 0xbf, 0xe1, 0x24,
    0x68, 0xb6, 0x0, 0x3, 0xff, 0xff, 0xff, 0xff,
    0xff, 0xff, 0xf7, 0x0, 0x3, 0xff, 0xff, 0xff,
    0xff, 0xff, 0xfd, 0xb4, 0x0, 0x0, 0x34, 0x56,
    0xff, 0x93, 0x23, 0x51, 0x0, 0x0, 0x0, 0x0,
    0x2, 0xff, 0x62, 0x4a, 0xff, 0x0, 0x0, 0x0,
    0x0, 0x3, 0xff, 0xff, 0xff, 0xff, 0xa2, 0x0,
    0x0, 0x0, 0x6e, 0xff, 0xff, 0xef, 0xff, 0xff,
    0x40, 0x0, 0x9, 0xff, 0xff, 0x50, 0x9f, 0xe6,
    0xff, 0xf1, 0x0, 0x9f, 0xfc, 0xff, 0x42, 0xff,
    0x70, 0x5f, 0xf8, 0x4, 0xff, 0x83, 0xff, 0x6d,
    0xfe, 0x0, 0xf, 0xfb, 0xb, 0xfc, 0x1, 0xff,
    0xff, 0xf5, 0x0, 0xf, 0xfb, 0xf, 0xf7, 0x0,
    0xff, 0xff, 0x80, 0x0, 0x7f, 0xf9, 0x1f, 0xfb,
    0x48, 0xff, 0xf9, 0x0, 0x4, 0xff, 0xf3, 0xe,
    0xff, 0xff, 0xff, 0xf1, 0x15, 0xbf, 0xff, 0x90,
    0x5, 0xff, 0xfe, 0xbf, 0xd4, 0xef, 0xff, 0xf9,
    0x0, 0x0, 0x3, 0x20, 0x1, 0x0, 0x6f, 0xfa,
    0x30, 0x0, 0x0, 0x0, 0x0, 0x0, 0x0, 0x3,
    0x0, 0x0, 0x0,

    /* U+3042 "あ" */
    0x0, 0x0, 0x0, 0x4, 0x43, 0x0, 0x0, 0x0,
    0x0, 0x0, 0x0, 0x0, 0x0, 0x3, 0xff, 0xb0,
    0x0, 0x0, 0x0, 0x0, 0x0, 0x0, 0x0, 0x0,
    0x4f, 0xf7, 0x0, 0x0, 0x14, 0x74, 0x0, 0x0,
    0xac, 0xa9, 0x9b, 0xff, 0xcb, 0xcd, 0xff, 0xff,
    0x80, 0x0, 0xc, 0xff, 0xff, 0xff, 0xff, 0xff,
    0xff, 0xff, 0xf8, 0x0, 0x0, 0xaf, 0xff, 0xff,
    0xff, 0xed, 0xcb, 0xa8, 0x64, 0x10, 0x0, 0x0,
    0x0, 0x0, 0xbf, 0xf0, 0x0, 0xa, 0x63, 0x0,
    0x0, 0x0, 0x0, 0x0, 0xc, 0xfd, 0x14, 0x57,
    0xff, 0xc0, 0x0, 0x0, 0x0, 0x0, 0x0, 0xef,
    0xff, 0xff, 0xff, 0xff, 0x81, 0x0, 0x0, 0x0,
    0x3, 0xcf, 0xff, 0xff, 0xff, 0xff, 0xff, 0xe3,
    0x0, 0x0, 0x6, 0xff, 0xff, 0xe5, 0x24, 0xff,
    0xcd, 0xff, 0xf2, 0x0, 0x7, 0xff, 0xff, 0xfc,
    0x0, 0xbf, 0xf3, 0xa, 0xff, 0xa0, 0x5, 0xff,
    0xe3, 0xff, 0xc0, 0x5f, 0xfb, 0x0, 0x1f, 0xff,
    0x0, 0xef, 0xf2, 0xd, 0xfd, 0x3f, 0xff, 0x20,
    0x0, 0xdf, 0xf2, 0x6f, 0xf7, 0x0, 0xcf, 0xfe,
    0xff, 0x70, 0x0, 0xe, 0xff, 0x2a, 0xff, 0x10,
    0x9, 0xff, 0xff, 0xb0, 0x0, 0x3, 0xff, 0xf0,
    0xcf, 0xf1, 0x1, 0xbf, 0xff, 0xc0, 0x0, 0x1,
    0xdf, 0xfa, 0xb, 0xff, 0xed, 0xff, 0xff, 0xd0,
    0x0, 0x4, 0xdf, 0xff, 0x30, 0x6f, 0xff, 0xff,
    0xff, 0xfe, 0x14, 0x8d, 0xff, 0xff, 0x70, 0x0,
    0x9f, 0xff, 0xd7, 0xcd, 0x81, 0xdf, 0xff, 0xfe,
    0x50, 0x0, 0x0, 0x2, 0x0, 0x0, 0x0, 0x3,
    0xff, 0xd7, 0x10, 0x0, 0x0, 0x0, 0x0, 0x0,
    0x0, 0x0, 0x3, 0x10, 0x0, 0x0, 0x0,

    /* U+3043 "ぃ" */
    0xcf, 0xf5, 0x0, 0x0, 0x0, 0x0, 0x33, 0x0,
    0x0, 0xbf, 0xf4, 0x0, 0x0, 0x0, 0x2d, 0xfe,
    0x10, 0x0, 0xbf, 0xf3, 0x0, 0x0, 0x0, 0xa,
    0xff, 0x90, 0x0, 0xbf, 0xf3, 0x0, 0x0, 0x0,
    0x1, 0xff, 0xf1, 0x0, 0xaf, 0xf3, 0x0, 0x0,
    0x0, 0x0, 0xaf, 0xf8, 0x0, 0xaf, 0xf3, 0x0,
    0x0, 0x0, 0x0, 0x4f, 0xfd, 0x0, 0x9f, 0xf4,
    0x0, 0x0, 0x0, 0x0, 0xf, 0xff, 0x20, 0x7f,
    0xf5, 0x0, 0x1, 0x0, 0x0, 0xb, 0xff, 0x70,
    0x6f, 0xf8, 0x0, 0xd, 0x30, 0x0, 0x7, 0xff,
    0xb0, 0x3f, 0xfb, 0x0, 0x3f, 0xe1, 0x0, 0x3,
    0xff, 0xe0, 0xf, 0xff, 0x20, 0xaf, 0xf7, 0x0,
    0x1, 0xff, 0xf0, 0xa, 0xff, 0xc7, 0xff, 0xf1,
    0x0, 0x0, 0xeb, 0x50, 0x4, 0xff, 0xff, 0xff,
    0x90, 0x0, 0x0, 0x10, 0x0, 0x0, 0xaf, 0xff,
    0xfe, 0x10, 0x0, 0x0, 0x0, 0x0, 0x0, 0x8,
    0xef, 0xc2, 0x0, 0x0, 0x0, 0x0, 0x0, 0x0,
    0x0, 0x0, 0x0, 0x0, 0x0, 0x0, 0x0, 0x0,

    /* U+3044 "い" */
    0x0, 0x0, 0x0, 0x0, 0x0, 0x0, 0x0, 0x0,
    0x0, 0x0, 0x6, 0xff, 0xf2, 0x0, 0x0, 0x0,
    0x0, 0x0, 0x32, 0x0, 0x0, 0x4f, 0xff, 0x0,
    0x0, 0x0, 0x0, 0x6, 0xef, 0xd0, 0x0, 0x4,
    0xff, 0xf0, 0x0, 0x0, 0x0, 0x0, 0x2f, 0xff,
    0x70, 0x0, 0x4f, 0xff, 0x0, 0x0, 0x0, 0x0,
    0x0, 0x7f, 0xff, 0x0, 0x3, 0xff, 0xf0, 0x0,
    0x0, 0x0, 0x0, 0x0, 0xff, 0xf7, 0x0, 0x3f,
    0xff, 0x0, 0x0, 0x0, 0x0, 0x0, 0x8, 0xff,
    0xd0, 0x2, 0xff, 0xf0, 0x0, 0x0, 0x0, 0x0,
    0x0, 0x2f, 0xff, 0x30, 0x1f, 0xff, 0x10, 0x0,
    0x0, 0x0, 0x0, 0x0, 0xdf, 0xf8, 0x0, 0xff,
    0xf2, 0x0, 0x0, 0x0, 0x0, 0x0, 0x9, 0xff,
    0xc0, 0xe, 0xff, 0x40, 0x0, 0x6, 0x0, 0x0,
    0x0, 0x5f, 0xff, 0x10, 0xcf, 0xf7, 0x0, 0x2,
    0xf5, 0x0, 0x0, 0x1, 0xff, 0xf4, 0x9, 0xff,
    0xb0, 0x0, 0x8f, 0xf3, 0x0, 0x0, 0xe, 0xff,
    0x60, 0x5f, 0xff, 0x10, 0xe, 0xff, 0x60, 0x0,
    0x0, 0xcf, 0xf8, 0x1, 0xff, 0xfb, 0x3a, 0xff,
    0xf0, 0x0, 0x0, 0xa, 0xd6, 0x10, 0xa, 0xff,
    0xff, 0xff, 0xf8, 0x0, 0x0, 0x0, 0x10, 0x0,
    0x0, 0x1f, 0xff, 0xff, 0xfe, 0x0, 0x0, 0x0,
    0x0, 0x0, 0x0, 0x0, 0x4f, 0xff, 0xff, 0x30,
    0x0, 0x0, 0x0, 0x0, 0x0, 0x0, 0x0, 0x18,
    0xb8, 0x20, 0x0, 0x0, 0x0, 0x0, 0x0, 0x0,

    /* U+3045 "ぅ" */
    0x0, 0xa, 0x86, 0x42, 0x10, 0x0, 0x0, 0x0,
    0x0, 0xff, 0xff, 0xff, 0xfe, 0xd3, 0x0, 0x0,
    0x2e, 0xff, 0xff, 0xff, 0xff, 0x10, 0x0, 0x0,
    0x1, 0x34, 0x68, 0xab, 0xc0, 0x0, 0x0, 0x0,
    0x0, 0x0, 0x0, 0x0, 0x0, 0x0, 0x1, 0x47,
    0xad, 0xef, 0xeb, 0x40, 0x0, 0x8e, 0xff, 0xff,
    0xff, 0xff, 0xff, 0xa0, 0x7, 0xff, 0xff, 0xec,
    0xaa, 0xdf, 0xff, 0x60, 0x2f, 0xc7, 0x20, 0x0,
    0x0, 0x8f, 0xfd, 0x0, 0x20, 0x0, 0x0, 0x0,
    0x0, 0xff, 0xf0, 0x0, 0x0, 0x0, 0x0, 0x0,
    0xf, 0xff, 0x0, 0x0, 0x0, 0x0, 0x0, 0x4,
    0xff, 0xd0, 0x0, 0x0, 0x0, 0x0, 0x1, 0xef,
    0xf8, 0x0, 0x0, 0x0, 0x0, 0x6, 0xef, 0xfe,
    0x10, 0x0, 0x0, 0x25, 0x9e, 0xff, 0xfe, 0x30,
    0x0, 0x0, 0xdf, 0xff, 0xff, 0xfc, 0x20, 0x0,
    0x0, 0x5, 0xff, 0xff, 0xc5, 0x0, 0x0, 0x0,
    0x0, 0xa, 0xa6, 0x20, 0x0, 0x0, 0x0,

    /* U+3046 "う" */
    0x0, 0x0, 0x0, 0x0, 0x0, 0x0, 0x0, 0x0,
    0x0, 0x0, 0x1f, 0xeb, 0x98, 0x65, 0x32, 0x10,
    0x0, 0x0, 0x4, 0xff, 0xff, 0xff, 0xff, 0xff,
    0xb0, 0x0, 0x0, 0x5e, 0xff, 0xff, 0xff, 0xff,
    0xf8, 0x0, 0x0, 0x0, 0x0, 0x24, 0x67, 0x9a,
    0xcd, 0x50, 0x0, 0x0, 0x0, 0x0, 0x0, 0x0,
    0x0, 0x0, 0x0, 0x0, 0x0, 0x3, 0x69, 0xac,
    0xcb, 0x82, 0x0, 0x2, 0x68, 0xcf, 0xff, 0xff,
    0xff, 0xff, 0xf9, 0x0, 0x5f, 0xff, 0xff, 0xff,
    0xff, 0xff, 0xff, 0xfa, 0x1, 0xff, 0xff, 0xc8,
    0x53, 0x22, 0x6e, 0xff, 0xf4, 0xc, 0xb6, 0x10,
    0x0, 0x0, 0x0, 0x1f, 0xff, 0x90, 0x0, 0x0,
    0x0, 0x0, 0x0, 0x0, 0xaf, 0xfc, 0x0, 0x0,
    0x0, 0x0, 0x0, 0x0, 0x9, 0xff, 0xc0, 0x0,
    0x0, 0x0, 0x0, 0x0, 0x0, 0xcf, 0xfa, 0x0,
    0x0, 0x0, 0x0, 0x0, 0x0, 0x4f, 0xff, 0x60,
    0x0, 0x0, 0x0, 0x0, 0x0, 0x2e, 0xff, 0xf1,
    0x0, 0x0, 0x0, 0x0, 0x0, 0x7f, 0xff, 0xf6,
    0x0, 0x0, 0x0, 0x1, 0x59, 0xff, 0xff, 0xf8,
    0x0, 0x0, 0x1, 0xbd, 0xff, 0xff, 0xff, 0xf6,
    0x0, 0x0, 0x0, 0xb, 0xff, 0xff, 0xff, 0x91,
    0x0, 0x0, 0x0, 0x0, 0x2f, 0xff, 0xb6, 0x10,
    0x0, 0x0, 0x0, 0x0, 0x0, 0x43, 0x0, 0x0,
    0x0, 0x0, 0x0,

    /* U+3047 "ぇ" */
    0x0, 0x0, 0x10, 0x0, 0x0, 0x0, 0x0, 0x0,
    0x0, 0x0, 0xb, 0xfc, 0xa8, 0x65, 0x42, 0x0,
    0x0, 0x0, 0x0, 0xef, 0xff, 0xff, 0xff, 0xa0,
    0x0, 0x0, 0x0, 0x3, 0x68, 0x9b, 0xdf, 0xf8,
    0x0, 0x0, 0x0, 0x0, 0x0, 0x0, 0x0, 0x0,
    0x0, 0x0, 0x0, 0x26, 0x66, 0x77, 0x89, 0xac,
    0xe5, 0x0, 0x0, 0x4, 0xff, 0xff, 0xff, 0xff,
    0xff, 0xf2, 0x0, 0x0, 0x3f, 0xff, 0xff, 0xff,
    0xff, 0xf6, 0x0, 0x0, 0x1, 0x64, 0x32, 0x14,
    0xff, 0xf4, 0x0, 0x0, 0x0, 0x0, 0x0, 0x3,
    0xff, 0xe3, 0x0, 0x0, 0x0, 0x0, 0x0, 0x2,
    0xef, 0xf6, 0x0, 0x0, 0x0, 0x0, 0x0, 0x2,
    0xef, 0xff, 0xf6, 0x0, 0x0, 0x0, 0x0, 0x1,
    0xdf, 0xfe, 0xff, 0xe0, 0x0, 0x0, 0x0, 0x1,
    0xdf, 0xf7, 0xb, 0xff, 0x20, 0x0, 0x0, 0x1,
    0xdf, 0xf9, 0x0, 0x5f, 0xf7, 0x0, 0x0, 0x11,
    0xdf, 0xfc, 0x0, 0x1, 0xff, 0xfb, 0xbc, 0xf9,
    0x8f, 0xfe, 0x10, 0x0, 0xb, 0xff, 0xff, 0xff,
    0x80, 0x6f, 0x40, 0x0, 0x0, 0x1b, 0xff, 0xff,
    0xe6, 0x0, 0x10, 0x0, 0x0, 0x0, 0x0, 0x0,
    0x0, 0x0,

    /* U+3048 "え" */
    0x0, 0x0, 0x2, 0x20, 0x0, 0x0, 0x0, 0x0,
    0x0, 0x0, 0x0, 0x0, 0x0, 0xaf, 0xfd, 0xb9,
    0x86, 0x53, 0x0, 0x0, 0x0, 0x0, 0x0, 0xd,
    0xff, 0xff, 0xff, 0xff, 0xf3, 0x0, 0x0, 0x0,
    0x0, 0x0, 0x7a, 0xdf, 0xff, 0xff, 0xff, 0x0,
    0x0, 0x0, 0x0, 0x0, 0x0, 0x0, 0x1, 0x35,
    0x68, 0x90, 0x0, 0x0, 0x0, 0x0, 0x0, 0x0,
    0x0, 0x0, 0x0, 0x0, 0x0, 0x0, 0x0, 0x0,
    0x0, 0x0, 0x0, 0x12, 0x34, 0x68, 0x70, 0x0,
    0x0, 0x0, 0xc, 0xef, 0xff, 0xff, 0xff, 0xff,
    0xff, 0x60, 0x0, 0x0, 0x0, 0xbf, 0xff, 0xff,
    0xff, 0xff, 0xff, 0xfb, 0x0, 0x0, 0x0, 0xa,
    0xff, 0xfd, 0xcb, 0xae, 0xff, 0xf9, 0x0, 0x0,
    0x0, 0x0, 0x22, 0x0, 0x0, 0x7, 0xff, 0xf7,
    0x0, 0x0, 0x0, 0x0, 0x0, 0x0, 0x0, 0x7,
    0xff, 0xf5, 0x0, 0x0, 0x0, 0x0, 0x0, 0x0,
    0x0, 0x7, 0xff, 0xf4, 0x0, 0x0, 0x0, 0x0,
    0x0, 0x0, 0x0, 0x7, 0xff, 0xff, 0xb2, 0x0,
    0x0, 0x0, 0x0, 0x0, 0x0, 0x6, 0xff, 0xff,
    0xff, 0xd0, 0x0, 0x0, 0x0, 0x0, 0x0, 0x7,
    0xff, 0xfd, 0xcf, 0xff, 0x30, 0x0, 0x0, 0x0,
    0x0, 0x7, 0xff, 0xfa, 0x0, 0xbf, 0xf8, 0x0,
    0x0, 0x0, 0x0, 0x7, 0xff, 0xfa, 0x0, 0x6,
    0xff, 0xe1, 0x0, 0x0, 0x30, 0x8, 0xff, 0xfb,
    0x0, 0x0, 0x1f, 0xff, 0xfe, 0xef, 0xff, 0x4,
    0xff, 0xfc, 0x0, 0x0, 0x0, 0xcf, 0xff, 0xff,
    0xff, 0xf0, 0x3, 0xde, 0x10, 0x0, 0x0, 0x1,
    0xbf, 0xff, 0xff, 0xfd, 0x0, 0x0, 0x20, 0x0,
    0x0, 0x0, 0x0, 0x2, 0x32, 0x10, 0x0,

    /* U+3049 "ぉ" */
    0x0, 0x0, 0x0, 0x0, 0x0, 0x0, 0x0, 0x0,
    0x0, 0x0, 0x0, 0x0, 0xff, 0xe0, 0x0, 0x0,
    0x0, 0x0, 0x0, 0x0, 0x0, 0xe, 0xfd, 0x0,
    0x0, 0x4, 0x30, 0x0, 0x0, 0x43, 0x22, 0xff,
    0xd7, 0x9c, 0x51, 0xef, 0xb2, 0x0, 0xe, 0xff,
    0xff, 0xff, 0xff, 0xf5, 0x5f, 0xff, 0xf8, 0x0,
    0xef, 0xff, 0xff, 0xff, 0xfd, 0x30, 0x2b, 0xff,
    0xf6, 0x6, 0x88, 0x8f, 0xfc, 0x20, 0x0, 0x0,
    0x4, 0xec, 0x0, 0x0, 0x0, 0xff, 0xa0, 0x13,
    0x32, 0x0, 0x0, 0x10, 0x0, 0x0, 0xf, 0xfe,
    0xef, 0xff, 0xfe, 0x80, 0x0, 0x0, 0x0, 0x18,
    0xff, 0xff, 0xff, 0xff, 0xff, 0xc0, 0x0, 0x0,
    0x4e, 0xff, 0xfe, 0x74, 0x32, 0x5d, 0xff, 0x80,
    0x0, 0x4f, 0xff, 0xff, 0xb0, 0x0, 0x0, 0x1f,
    0xfd, 0x0, 0x1e, 0xfe, 0x3d, 0xfb, 0x0, 0x0,
    0x0, 0xef, 0xe0, 0x6, 0xff, 0x50, 0xdf, 0xb0,
    0x0, 0x0, 0x4f, 0xfd, 0x0, 0x6f, 0xf8, 0xd,
    0xfc, 0x0, 0x1, 0x7f, 0xff, 0x80, 0x1, 0xef,
    0xfe, 0xff, 0xb0, 0xef, 0xff, 0xff, 0xe1, 0x0,
    0x3, 0xef, 0xff, 0xf9, 0xb, 0xff, 0xff, 0xc1,
    0x0, 0x0, 0x1, 0x8d, 0xfc, 0x10, 0x6d, 0xb8,
    0x30, 0x0, 0x0,

    /* U+304A "お" */
    0x0, 0x0, 0x0, 0x9b, 0xb3, 0x0, 0x0, 0x0,
    0x0, 0x0, 0x0, 0x0, 0x0, 0x0, 0xc, 0xff,
    0x30, 0x0, 0x0, 0x0, 0x0, 0x0, 0x0, 0x0,
    0x0, 0x0, 0xcf, 0xf2, 0x0, 0x0, 0x0, 0x0,
    0x0, 0x0, 0x0, 0x0, 0x0, 0xc, 0xff, 0x12,
    0x48, 0x50, 0x1e, 0x80, 0x0, 0x0, 0x5, 0xba,
    0x99, 0xef, 0xff, 0xff, 0xf8, 0xa, 0xff, 0xe6,
    0x0, 0x0, 0x7f, 0xff, 0xff, 0xff, 0xff, 0xff,
    0x90, 0x8f, 0xff, 0xfd, 0x30, 0x7, 0xff, 0xff,
    0xff, 0xfe, 0xb9, 0x62, 0x0, 0x1a, 0xff, 0xff,
    0x0, 0x3, 0x33, 0x3d, 0xff, 0x0, 0x0, 0x0,
    0x0, 0x4, 0xdf, 0x80, 0x0, 0x0, 0x0, 0xcf,
    0xf0, 0x0, 0x0, 0x0, 0x0, 0x0, 0x80, 0x0,
    0x0, 0x0, 0xd, 0xff, 0x2, 0x56, 0x77, 0x41,
    0x0, 0x0, 0x0, 0x0, 0x0, 0x0, 0xcf, 0xff,
    0xff, 0xff, 0xff, 0xf9, 0x10, 0x0, 0x0, 0x0,
    0x1, 0x8f, 0xff, 0xff, 0xff, 0xff, 0xff, 0xfe,
    0x10, 0x0, 0x0, 0x4, 0xef, 0xff, 0xfb, 0x74,
    0x32, 0x37, 0xff, 0xfb, 0x0, 0x0, 0x6, 0xff,
    0xff, 0xff, 0x0, 0x0, 0x0, 0x3, 0xff, 0xf1,
    0x0, 0x4, 0xff, 0xf6, 0xbf, 0xf1, 0x0, 0x0,
    0x0, 0xe, 0xff, 0x30, 0x0, 0xdf, 0xf5, 0xa,
    0xff, 0x10, 0x0, 0x0, 0x0, 0xff, 0xf3, 0x0,
    0xf, 0xff, 0x0, 0xaf, 0xf1, 0x0, 0x0, 0x0,
    0x8f, 0xff, 0x0, 0x0, 0xef, 0xf8, 0x1c, 0xff,
    0x10, 0x0, 0x26, 0xcf, 0xff, 0xa0, 0x0, 0x7,
    0xff, 0xff, 0xff, 0xf0, 0x2f, 0xff, 0xff, 0xff,
    0xe1, 0x0, 0x0, 0x9, 0xff, 0xff, 0xfd, 0x0,
    0xdf, 0xff, 0xff, 0xb1, 0x0, 0x0, 0x0, 0x5,
    0xcf, 0xff, 0x50, 0x7, 0xff, 0xd9, 0x30, 0x0,
    0x0, 0x0, 0x0, 0x0, 0x13, 0x10, 0x0, 0x1,
    0x0, 0x0, 0x0, 0x0, 0x0,

    /* U+304B "か" */
    0x0, 0x0, 0x0, 0x13, 0x20, 0x0, 0x0, 0x0,
    0x0, 0x0, 0x0, 0x0, 0x0, 0x0, 0x4, 0xff,
    0xf3, 0x0, 0x0, 0x0, 0x0, 0x0, 0x0, 0x0,
    0x0, 0x0, 0x5f, 0xff, 0x0, 0x0, 0x0, 0x0,
    0x0, 0x0, 0x0, 0x0, 0x0, 0x7, 0xff, 0xc0,
    0x0, 0x0, 0x0, 0x48, 0x0, 0x0, 0x0, 0x0,
    0x0, 0x9f, 0xf9, 0x0, 0x0, 0x1, 0xdf, 0xf5,
    0x0, 0x0, 0x0, 0x11, 0x3c, 0xff, 0xb9, 0x97,
    0x30, 0x9, 0xff, 0xd0, 0x0, 0x6f, 0xff, 0xff,
    0xff, 0xff, 0xff, 0xff, 0x90, 0x1f, 0xff, 0x60,
    0x4, 0xff, 0xff, 0xff, 0xff, 0xff, 0xff, 0xff,
    0x40, 0x8f, 0xfd, 0x0, 0x3f, 0xfd, 0xbc, 0xff,
    0xb2, 0x24, 0xdf, 0xf9, 0x1, 0xff, 0xf4, 0x0,
    0x10, 0x0, 0xbf, 0xf6, 0x0, 0x5, 0xff, 0xb0,
    0xa, 0xff, 0xb0, 0x0, 0x0, 0xf, 0xff, 0x20,
    0x0, 0x4f, 0xfb, 0x0, 0x3f, 0xff, 0x20, 0x0,
    0x4, 0xff, 0xd0, 0x0, 0x4, 0xff, 0xb0, 0x0,
    0xef, 0xf8, 0x0, 0x0, 0xaf, 0xf8, 0x0, 0x0,
    0x5f, 0xfa, 0x0, 0x9, 0xfd, 0x40, 0x0, 0xf,
    0xff, 0x30, 0x0, 0x7, 0xff, 0x80, 0x0, 0x34,
    0x0, 0x0, 0x6, 0xff, 0xd0, 0x0, 0x0, 0x9f,
    0xf7, 0x0, 0x0, 0x0, 0x0, 0x0, 0xdf, 0xf7,
    0x0, 0x0, 0xc, 0xff, 0x40, 0x0, 0x0, 0x0,
    0x0, 0x4f, 0xff, 0x10, 0x0, 0x1, 0xff, 0xf1,
    0x0, 0x0, 0x0, 0x0, 0xc, 0xff, 0xb0, 0x52,
    0x1, 0xaf, 0xfd, 0x0, 0x0, 0x0, 0x0, 0x5,
    0xff, 0xf4, 0xd, 0xff, 0xff, 0xff, 0x70, 0x0,
    0x0, 0x0, 0x1, 0xef, 0xfc, 0x0, 0xaf, 0xff,
    0xff, 0xe0, 0x0, 0x0, 0x0, 0x0, 0x2, 0x9e,
    0x30, 0x5, 0xdf, 0xfe, 0xa1, 0x0, 0x0, 0x0,
    0x0, 0x0, 0x0, 0x0, 0x0, 0x0, 0x0, 0x0,
    0x0, 0x0, 0x0, 0x0, 0x0,

    /* U+304C "が" */
    0x0, 0x0, 0x0, 0x0, 0x0, 0x0, 0x0, 0x0,
    0x0, 0x18, 0xb0, 0x0, 0x0, 0x0, 0x3, 0x31,
    0x0, 0x0, 0x0, 0x6, 0xb1, 0xef, 0x60, 0x0,
    0x0, 0x0, 0xcf, 0xfb, 0x0, 0x0, 0x0, 0xdf,
    0x75, 0xfe, 0x0, 0x0, 0x0, 0xd, 0xff, 0x70,
    0x0, 0x0, 0x4, 0xff, 0x1c, 0xb2, 0x0, 0x0,
    0x0, 0xef, 0xf4, 0x0, 0x0, 0x0, 0xd, 0xe3,
    0x0, 0x0, 0x0, 0x0, 0xf, 0xff, 0x10, 0x0,
    0x0, 0x5d, 0xfb, 0x0, 0x0, 0x0, 0x1, 0x25,
    0xff, 0xf8, 0x98, 0x60, 0x3, 0xff, 0xf4, 0x0,
    0xe, 0xff, 0xff, 0xff, 0xff, 0xff, 0xff, 0xe2,
    0x9, 0xff, 0xc0, 0x0, 0xcf, 0xff, 0xff, 0xff,
    0xff, 0xff, 0xff, 0xc0, 0x1f, 0xff, 0x40, 0xb,
    0xfe, 0xca, 0xff, 0xf5, 0x23, 0x7f, 0xff, 0x10,
    0x9f, 0xfc, 0x0, 0x11, 0x0, 0x2f, 0xfe, 0x0,
    0x0, 0xdf, 0xf3, 0x2, 0xff, 0xf3, 0x0, 0x0,
    0x7, 0xff, 0xa0, 0x0, 0xb, 0xff, 0x30, 0xc,
    0xff, 0xa0, 0x0, 0x0, 0xcf, 0xf5, 0x0, 0x0,
    0xcf, 0xf3, 0x0, 0x6f, 0xff, 0x0, 0x0, 0x1f,
    0xff, 0x10, 0x0, 0xd, 0xff, 0x20, 0x1, 0xff,
    0xb1, 0x0, 0x7, 0xff, 0xb0, 0x0, 0x0, 0xef,
    0xf1, 0x0, 0x8, 0x30, 0x0, 0x0, 0xdf, 0xf6,
    0x0, 0x0, 0xf, 0xff, 0x0, 0x0, 0x0, 0x0,
    0x0, 0x4f, 0xff, 0x10, 0x0, 0x3, 0xff, 0xd0,
    0x0, 0x0, 0x0, 0x0, 0xb, 0xff, 0xa0, 0x0,
    0x0, 0x7f, 0xfa, 0x0, 0x0, 0x0, 0x0, 0x3,
    0xff, 0xf3, 0x22, 0x0, 0x2e, 0xff, 0x60, 0x0,
    0x0, 0x0, 0x0, 0xcf, 0xfc, 0x5, 0xff, 0xef,
    0xff, 0xf1, 0x0, 0x0, 0x0, 0x0, 0x6f, 0xff,
    0x50, 0x2f, 0xff, 0xff, 0xf8, 0x0, 0x0, 0x0,
    0x0, 0x1, 0x7e, 0xc0, 0x0, 0xef, 0xff, 0xe8,
    0x0, 0x0, 0x0, 0x0, 0x0, 0x0, 0x1, 0x0,
    0x0, 0x2, 0x10, 0x0, 0x0, 0x0, 0x0, 0x0,
    0x0,

    /* U+304D "き" */
    0x0, 0x0, 0x0, 0x1, 0x57, 0x80, 0x0, 0x0,
    0x0, 0x0, 0x0, 0x0, 0x1, 0xff, 0xf1, 0x0,
    0x0, 0x0, 0x3, 0x10, 0x0, 0x0, 0xcf, 0xf6,
    0x47, 0xbf, 0x20, 0xf, 0xff, 0xee, 0xdd, 0xff,
    0xff, 0xff, 0xff, 0x40, 0xf, 0xff, 0xff, 0xff,
    0xff, 0xff, 0xff, 0xfd, 0x40, 0x8, 0xab, 0xcc,
    0xcc, 0xcf, 0xff, 0x74, 0x10, 0x0, 0x0, 0x0,
    0x0, 0x0, 0x9, 0xff, 0x50, 0x0, 0x1, 0x11,
    0x0, 0x0, 0x0, 0x3, 0xff, 0xb5, 0x8c, 0xf8,
    0x7f, 0xff, 0xfe, 0xee, 0xef, 0xff, 0xff, 0xff,
    0xfa, 0x6f, 0xff, 0xff, 0xff, 0xff, 0xff, 0xff,
    0xff, 0xe9, 0x3a, 0xbc, 0xcc, 0xcc, 0xcb, 0xaf,
    0xff, 0x51, 0x0, 0x0, 0x0, 0x0, 0x0, 0x0,
    0x8, 0xff, 0x90, 0x0, 0x0, 0x0, 0x0, 0x0,
    0x0, 0x1, 0xef, 0xf3, 0x0, 0x1, 0xfc, 0x90,
    0x0, 0x9, 0xec, 0xef, 0xfd, 0x10, 0x7, 0xff,
    0x80, 0x0, 0xb, 0xff, 0xff, 0xfe, 0x0, 0xc,
    0xff, 0x20, 0x0, 0x5, 0x9b, 0xdf, 0xf5, 0x0,
    0xe, 0xff, 0x10, 0x0, 0x0, 0x0, 0x0, 0x20,
    0x0, 0xd, 0xff, 0x50, 0x0, 0x0, 0x0, 0x0,
    0x0, 0x0, 0xa, 0xff, 0xf8, 0x30, 0x0, 0x1,
    0x25, 0x60, 0x0, 0x2, 0xff, 0xff, 0xff, 0xff,
    0xff, 0xff, 0xd0, 0x0, 0x0, 0x4e, 0xff, 0xff,
    0xff, 0xff, 0xff, 0xd0, 0x0, 0x0, 0x0, 0x5a,
    0xdf, 0xff, 0xfe, 0xdb, 0x70, 0x0,

    /* U+304E "ぎ" */
    0x0, 0x0, 0x0, 0x0, 0x0, 0x0, 0x0, 0x0,
    0x0, 0x64, 0x0, 0x0, 0x0, 0x0, 0x0, 0x35,
    0x70, 0x0, 0x2, 0x64, 0xfe, 0x10, 0x0, 0x0,
    0x0, 0x0, 0xff, 0xf2, 0x0, 0xe, 0xf4, 0x9f,
    0xa0, 0x0, 0x0, 0x0, 0x0, 0xaf, 0xf5, 0x25,
    0x98, 0xfd, 0x1f, 0xc0, 0xe, 0xfe, 0xdc, 0xcc,
    0xef, 0xff, 0xff, 0xf5, 0xdf, 0x32, 0x0, 0xd,
    0xff, 0xff, 0xff, 0xff, 0xff, 0xff, 0xf7, 0x31,
    0x0, 0x0, 0x8, 0xbc, 0xde, 0xee, 0xdf, 0xff,
    0xa6, 0x30, 0x0, 0x0, 0x0, 0x0, 0x0, 0x0,
    0x0, 0x7, 0xff, 0x60, 0x0, 0x0, 0x0, 0x0,
    0x0, 0x0, 0x0, 0x0, 0x2, 0xff, 0xc3, 0x59,
    0xd9, 0x0, 0x0, 0x5f, 0xed, 0xdc, 0xcc, 0xcd,
    0xff, 0xff, 0xff, 0xfc, 0x0, 0x0, 0x4f, 0xff,
    0xff, 0xff, 0xff, 0xff, 0xff, 0xff, 0xfc, 0x0,
    0x0, 0x3c, 0xde, 0xee, 0xee, 0xee, 0xdf, 0xff,
    0x84, 0x10, 0x0, 0x0, 0x0, 0x0, 0x0, 0x0,
    0x0, 0x7, 0xff, 0xa0, 0x0, 0x0, 0x0, 0x0,
    0x0, 0x0, 0x0, 0x0, 0x0, 0xef, 0xf3, 0x0,
    0x0, 0x0, 0x0, 0xdb, 0x80, 0x0, 0x7, 0xdb,
    0xdf, 0xfe, 0x10, 0x0, 0x0, 0x5, 0xff, 0xb0,
    0x0, 0x9, 0xff, 0xff, 0xff, 0x20, 0x0, 0x0,
    0xa, 0xff, 0x40, 0x0, 0x5, 0xac, 0xef, 0xf7,
    0x0, 0x0, 0x0, 0xc, 0xff, 0x30, 0x0, 0x0,
    0x0, 0x0, 0x30, 0x0, 0x0, 0x0, 0xc, 0xff,
    0x70, 0x0, 0x0, 0x0, 0x0, 0x0, 0x0, 0x0,
    0x0, 0x8, 0xff, 0xf8, 0x31, 0x0, 0x1, 0x24,
    0x60, 0x0, 0x0, 0x0, 0x1, 0xff, 0xff, 0xff,
    0xff, 0xff, 0xff, 0xf0, 0x0, 0x0, 0x0, 0x0,
    0x3d, 0xff, 0xff, 0xff, 0xff, 0xff, 0xe0, 0x0,
    0x0, 0x0, 0x0, 0x0, 0x5a, 0xde, 0xff, 0xfe,
    0xdb, 0x80, 0x0, 0x0, 0x0,

    /* U+304F "く" */
    0x0, 0x0, 0x0, 0x0, 0x0, 0x53, 0x0, 0x0,
    0x0, 0x0, 0x0, 0x0, 0x5f, 0xf4, 0x0, 0x0,
    0x0, 0x0, 0x0, 0x5f, 0xff, 0xf4, 0x0, 0x0,
    0x0, 0x0, 0x6f, 0xff, 0xf8, 0x0, 0x0, 0x0,
    0x0, 0x8f, 0xff, 0xf6, 0x0, 0x0, 0x0, 0x0,
    0xbf, 0xff, 0xd3, 0x0, 0x0, 0x0, 0x1, 0xdf,
    0xff, 0xb1, 0x0, 0x0, 0x0, 0x3, 0xef, 0xff,
    0x80, 0x0, 0x0, 0x0, 0x6, 0xff, 0xff, 0x50,
    0x0, 0x0, 0x0, 0x4, 0xff, 0xfe, 0x30, 0x0,
    0x0, 0x0, 0x0, 0xaf, 0xff, 0x50, 0x0, 0x0,
    0x0, 0x0, 0x8, 0xff, 0xfc, 0x0, 0x0, 0x0,
    0x0, 0x0, 0xd, 0xff, 0xfc, 0x10, 0x0, 0x0,
    0x0, 0x0, 0x1c, 0xff, 0xfe, 0x30, 0x0, 0x0,
    0x0, 0x0, 0xa, 0xff, 0xff, 0x60, 0x0, 0x0,
    0x0, 0x0, 0x8, 0xff, 0xff, 0x90, 0x0, 0x0,
    0x0, 0x0, 0x6, 0xff, 0xff, 0xb0, 0x0, 0x0,
    0x0, 0x0, 0x4, 0xff, 0xff, 0xd1, 0x0, 0x0,
    0x0, 0x0, 0x3, 0xef, 0xff, 0xe2, 0x0, 0x0,
    0x0, 0x0, 0x2, 0xef, 0xff, 0xc0, 0x0, 0x0,
    0x0, 0x0, 0x2, 0xef, 0xc1, 0x0, 0x0, 0x0,
    0x0, 0x0, 0x3, 0xa0, 0x0,

    /* U+3050 "ぐ" */
    0x0, 0x0, 0x0, 0x0, 0x0, 0x8, 0x0, 0x0,
    0x0, 0x0, 0x0, 0x0, 0x0, 0x0, 0xaf, 0xc1,
    0x0, 0x0, 0x0, 0x0, 0x0, 0x0, 0xa, 0xff,
    0xfd, 0x0, 0x0, 0x0, 0x0, 0x0, 0x0, 0xbf,
    0xff, 0xe4, 0x0, 0x0, 0x0, 0x0, 0x0, 0x1c,
    0xff, 0xfd, 0x20, 0x0, 0x0, 0x0, 0x0, 0x3,
    0xef, 0xff, 0xa0, 0x1, 0x8d, 0x10, 0x0, 0x0,
    0x5f, 0xff, 0xf6, 0x6, 0xb1, 0xdf, 0x80, 0x0,
    0x8, 0xff, 0xfe, 0x30, 0xd, 0xf9, 0x4f, 0xf2,
    0x0, 0xbf, 0xff, 0xc1, 0x0, 0x4, 0xff, 0x2c,
    0xf5, 0x9, 0xff, 0xfb, 0x0, 0x0, 0x0, 0xbf,
    0x71, 0x0, 0xf, 0xff, 0xe0, 0x0, 0x0, 0x0,
    0x23, 0x0, 0x0, 0xe, 0xff, 0xf6, 0x0, 0x0,
    0x0, 0x0, 0x0, 0x0, 0x4, 0xff, 0xff, 0x80,
    0x0, 0x0, 0x0, 0x0, 0x0, 0x0, 0x4f, 0xff,
    0xfb, 0x10, 0x0, 0x0, 0x0, 0x0, 0x0, 0x2,
    0xef, 0xff, 0xd2, 0x0, 0x0, 0x0, 0x0, 0x0,
    0x0, 0x1c, 0xff, 0xff, 0x40, 0x0, 0x0, 0x0,
    0x0, 0x0, 0x0, 0xbf, 0xff, 0xf6, 0x0, 0x0,
    0x0, 0x0, 0x0, 0x0, 0x9, 0xff, 0xff, 0x80,
    0x0, 0x0, 0x0, 0x0, 0x0, 0x0, 0x8f, 0xff,
    0xfa, 0x0, 0x0, 0x0, 0x0, 0x0, 0x0, 0x7,
    0xff, 0xff, 0x50, 0x0, 0x0, 0x0, 0x0, 0x0,
    0x0, 0x7f, 0xf7, 0x0, 0x0, 0x0, 0x0, 0x0,
    0x0, 0x0, 0x8, 0x60, 0x0, 0x0,

    /* U+3051 "け" */
    0xb, 0xba, 0x50, 0x0, 0x0, 0x0, 0x7, 0xee,
    0xc0, 0x0, 0x0, 0xef, 0xf6, 0x0, 0x0, 0x0,
    0x0, 0x6f, 0xfb, 0x0, 0x0, 0xf, 0xff, 0x20,
    0x0, 0x0, 0x0, 0x5, 0xff, 0xb0, 0x0, 0x2,
    0xff, 0xf0, 0x0, 0x0, 0x0, 0x0, 0x4f, 0xfb,
    0x0, 0x0, 0x4f, 0xfc, 0x0, 0x1, 0x10, 0x0,
    0x4, 0xff, 0xc4, 0x68, 0x36, 0xff, 0x90, 0x0,
    0x9f, 0xff, 0xff, 0xff, 0xff, 0xff, 0xf5, 0x7f,
    0xf7, 0x0, 0x9, 0xff, 0xff, 0xff, 0xff, 0xff,
    0xff, 0x59, 0xff, 0x50, 0x0, 0x7d, 0xee, 0xee,
    0xef, 0xfe, 0xba, 0x82, 0xaf, 0xf3, 0x0, 0x0,
    0x0, 0x0, 0x3, 0xff, 0xc0, 0x0, 0xb, 0xff,
    0x20, 0x0, 0x0, 0x0, 0x0, 0x3f, 0xfc, 0x0,
    0x0, 0xbf, 0xf2, 0x52, 0x0, 0x0, 0x0, 0x4,
    0xff, 0xb0, 0x0, 0xb, 0xff, 0x3e, 0xf0, 0x0,
    0x0, 0x0, 0x4f, 0xfb, 0x0, 0x0, 0xbf, 0xfa,
    0xfc, 0x0, 0x0, 0x0, 0x6, 0xff, 0x90, 0x0,
    0xa, 0xff, 0xff, 0x70, 0x0, 0x0, 0x0, 0x9f,
    0xf7, 0x0, 0x0, 0x8f, 0xff, 0xf2, 0x0, 0x0,
    0x0, 0xe, 0xff, 0x40, 0x0, 0x6, 0xff, 0xfd,
    0x0, 0x0, 0x0, 0x6, 0xff, 0xf1, 0x0, 0x0,
    0x3f, 0xff, 0x90, 0x0, 0x0, 0x2, 0xff, 0xfa,
    0x0, 0x0, 0x0, 0xff, 0xf6, 0x0, 0x0, 0x3,
    0xef, 0xff, 0x20, 0x0, 0x0, 0xb, 0xff, 0x40,
    0x0, 0x9, 0xff, 0xff, 0x60, 0x0, 0x0, 0x0,
    0x47, 0x61, 0x0, 0x0, 0x5f, 0xff, 0x70, 0x0,
    0x0, 0x0, 0x0, 0x0, 0x0, 0x0, 0x0, 0x2c,
    0x40, 0x0, 0x0, 0x0, 0x0,

    /* U+3052 "げ" */
    0x0, 0x0, 0x0, 0x0, 0x0, 0x0, 0x0, 0x0,
    0x0, 0x0, 0x1, 0x0, 0x0, 0x0, 0x0, 0x0,
    0x0, 0x0, 0x0, 0x0, 0x4, 0x1e, 0xa0, 0x1,
    0x75, 0x40, 0x0, 0x0, 0x0, 0x3, 0x99, 0x98,
    0xf4, 0xbf, 0x10, 0x4f, 0xff, 0x20, 0x0, 0x0,
    0x0, 0x4f, 0xff, 0x2f, 0xb5, 0xf7, 0x5, 0xff,
    0xd0, 0x0, 0x0, 0x0, 0x2, 0xff, 0xe0, 0xdf,
    0x18, 0x20, 0x7f, 0xfa, 0x0, 0x0, 0x0, 0x0,
    0x1f, 0xfe, 0x3, 0x20, 0x0, 0xa, 0xff, 0x60,
    0x0, 0x0, 0x0, 0x1, 0xff, 0xe0, 0x2, 0x30,
    0x0, 0xcf, 0xf4, 0x0, 0x2d, 0xba, 0xaa, 0xbf,
    0xff, 0xef, 0xfb, 0x0, 0xd, 0xff, 0x10, 0x3,
    0xff, 0xff, 0xff, 0xff, 0xff, 0xff, 0xb0, 0x0,
    0xff, 0xf0, 0x0, 0x3f, 0xff, 0xff, 0xff, 0xff,
    0xff, 0xe9, 0x0, 0xf, 0xfd, 0x0, 0x0, 0x23,
    0x34, 0x44, 0xff, 0xf1, 0x0, 0x0, 0x1, 0xff,
    0xc0, 0x0, 0x0, 0x0, 0x0, 0xf, 0xfe, 0x0,
    0x0, 0x0, 0x2f, 0xfc, 0x1, 0x0, 0x0, 0x0,
    0x0, 0xff, 0xe0, 0x0, 0x0, 0x2, 0xff, 0xc3,
    0xf5, 0x0, 0x0, 0x0, 0x1f, 0xfd, 0x0, 0x0,
    0x0, 0x2f, 0xfd, 0xaf, 0x50, 0x0, 0x0, 0x3,
    0xff, 0xc0, 0x0, 0x0, 0x1, 0xff, 0xff, 0xf1,
    0x0, 0x0, 0x0, 0x6f, 0xfb, 0x0, 0x0, 0x0,
    0xf, 0xff, 0xfc, 0x0, 0x0, 0x0, 0xa, 0xff,
    0x80, 0x0, 0x0, 0x0, 0xdf, 0xff, 0x70, 0x0,
    0x0, 0x1, 0xff, 0xf4, 0x0, 0x0, 0x0, 0xb,
    0xff, 0xf3, 0x0, 0x0, 0x0, 0xaf, 0xff, 0x0,
    0x0, 0x0, 0x0, 0x7f, 0xff, 0x0, 0x0, 0x0,
    0x9f, 0xff, 0x80, 0x0, 0x0, 0x0, 0x3, 0xff,
    0xd0, 0x0, 0x2, 0xcf, 0xff, 0xd0, 0x0, 0x0,
    0x0, 0x0, 0xc, 0xc9, 0x0, 0x0, 0x8f, 0xff,
    0xd1, 0x0, 0x0, 0x0, 0x0, 0x0, 0x0, 0x0,
    0x0, 0x0, 0x5f, 0xb1, 0x0, 0x0, 0x0, 0x0,
    0x0, 0x0, 0x0, 0x0, 0x0, 0x0, 0x10, 0x0,
    0x0, 0x0, 0x0, 0x0,

    /* U+3053 "こ" */
    0x0, 0x55, 0x43, 0x32, 0x22, 0x23, 0x45, 0x65,
    0x0, 0x0, 0xcf, 0xff, 0xff, 0xff, 0xff, 0xff,
    0xfb, 0x0, 0x0, 0xcf, 0xff, 0xff, 0xff, 0xff,
    0xff, 0xfb, 0x0, 0x0, 0x9d, 0xde, 0xff, 0xff,
    0xff, 0xed, 0xc8, 0x0, 0x0, 0x0, 0x0, 0x0,
    0x0, 0x0, 0x0, 0x0, 0x0, 0x0, 0x0, 0x0,
    0x0, 0x0, 0x0, 0x0, 0x0, 0x0, 0x0, 0x0,
    0x0, 0x0, 0x0, 0x0, 0x0, 0x0, 0x0, 0x0,
    0x0, 0x0, 0x0, 0x0, 0x0, 0x0, 0x0, 0x0,
    0x0, 0x0, 0x0, 0x0, 0x0, 0x0, 0x0, 0x0,
    0x0, 0x0, 0x0, 0x0, 0x0, 0x0, 0x0, 0x0,
    0x0, 0x0, 0x7, 0x65, 0x10, 0x0, 0x0, 0x0,
    0x0, 0x0, 0x0, 0x1f, 0xff, 0x10, 0x0, 0x0,
    0x0, 0x0, 0x0, 0x0, 0x4f, 0xfe, 0x0, 0x0,
    0x0, 0x0, 0x0, 0x0, 0x0, 0x5f, 0xfe, 0x0,
    0x0, 0x0, 0x0, 0x0, 0x0, 0x0, 0x5f, 0xff,
    0x60, 0x0, 0x0, 0x0, 0x0, 0x0, 0x0, 0x1f,
    0xff, 0xfb, 0x64, 0x33, 0x34, 0x67, 0xac, 0xf3,
    0x9, 0xff, 0xff, 0xff, 0xff, 0xff, 0xff, 0xff,
    0xf3, 0x0, 0x8f, 0xff, 0xff, 0xff, 0xff, 0xff,
    0xff, 0xf3, 0x0, 0x2, 0x7b, 0xef, 0xff, 0xff,
    0xec, 0xa8, 0x50, 0x0, 0x0, 0x0, 0x0, 0x0,
    0x0, 0x0, 0x0, 0x0,

    /* U+3054 "ご" */
    0x0, 0x0, 0x0, 0x0, 0x0, 0x0, 0x0, 0x0,
    0x4, 0x90, 0x0, 0x0, 0x0, 0x0, 0x0, 0x0,
    0x0, 0x2, 0x81, 0xdf, 0x70, 0x0, 0x0, 0x0,
    0x0, 0x0, 0x0, 0x0, 0xcf, 0x84, 0xff, 0x10,
    0x1, 0x0, 0x0, 0x0, 0x0, 0x0, 0x16, 0xff,
    0x2b, 0xe5, 0x4, 0xff, 0xff, 0xee, 0xee, 0xff,
    0xff, 0xfd, 0xf7, 0x10, 0x0, 0x4f, 0xff, 0xff,
    0xff, 0xff, 0xff, 0xff, 0x52, 0x0, 0x0, 0x4,
    0xff, 0xff, 0xff, 0xff, 0xff, 0xff, 0xf2, 0x0,
    0x0, 0x0, 0x0, 0x12, 0x33, 0x34, 0x33, 0x21,
    0x10, 0x0, 0x0, 0x0, 0x0, 0x0, 0x0, 0x0,
    0x0, 0x0, 0x0, 0x0, 0x0, 0x0, 0x0, 0x0,
    0x0, 0x0, 0x0, 0x0, 0x0, 0x0, 0x0, 0x0,
    0x0, 0x0, 0x0, 0x0, 0x0, 0x0, 0x0, 0x0,
    0x0, 0x0, 0x0, 0x0, 0x0, 0x0, 0x0, 0x0,
    0x0, 0x0, 0x0, 0x0, 0x0, 0x0, 0x0, 0x0,
    0x0, 0x0, 0x0, 0x0, 0x0, 0x0, 0x0, 0x0,
    0x2, 0x32, 0x0, 0x0, 0x0, 0x0, 0x0, 0x0,
    0x0, 0x0, 0x0, 0x9f, 0xf9, 0x0, 0x0, 0x0,
    0x0, 0x0, 0x0, 0x0, 0x0, 0xc, 0xff, 0x60,
    0x0, 0x0, 0x0, 0x0, 0x0, 0x0, 0x0, 0x0,
    0xef, 0xf5, 0x0, 0x0, 0x0, 0x0, 0x0, 0x0,
    0x0, 0x0, 0xe, 0xff, 0xa0, 0x0, 0x0, 0x0,
    0x0, 0x0, 0x0, 0x0, 0x0, 0xbf, 0xff, 0xb4,
    0x10, 0x0, 0x1, 0x35, 0x7a, 0x80, 0x0, 0x4,
    0xff, 0xff, 0xff, 0xff, 0xff, 0xff, 0xff, 0xfa,
    0x0, 0x0, 0x6, 0xff, 0xff, 0xff, 0xff, 0xff,
    0xff, 0xff, 0xa0, 0x0, 0x0, 0x2, 0x9e, 0xff,
    0xff, 0xff, 0xff, 0xfd, 0xb5, 0x0, 0x0, 0x0,
    0x0, 0x1, 0x34, 0x44, 0x32, 0x10, 0x0, 0x0,
    0x0, 0x0,

    /* U+3055 "さ" */
    0x0, 0x0, 0x0, 0x0, 0x49, 0xb9, 0x0, 0x0,
    0x0, 0x0, 0x0, 0x0, 0x0, 0x4f, 0xff, 0x0,
    0x0, 0x0, 0x0, 0x0, 0x0, 0x0, 0xe, 0xff,
    0x30, 0x0, 0x1, 0x0, 0x0, 0x0, 0x0, 0x9,
    0xff, 0x93, 0x6a, 0xea, 0x8f, 0xed, 0xcb, 0xbb,
    0xbd, 0xff, 0xff, 0xff, 0xfc, 0x8f, 0xff, 0xff,
    0xff, 0xff, 0xff, 0xff, 0xff, 0xfd, 0x8f, 0xff,
    0xff, 0xff, 0xff, 0xff, 0xfe, 0x86, 0x20, 0x0,
    0x12, 0x23, 0x32, 0x21, 0x1f, 0xff, 0x10, 0x0,
    0x0, 0x0, 0x0, 0x0, 0x0, 0x9, 0xff, 0x80,
    0x0, 0x0, 0x0, 0x0, 0x0, 0x0, 0x1, 0xff,
    0xf2, 0x0, 0x0, 0x0, 0x0, 0x0, 0x0, 0x0,
    0x8f, 0xfb, 0x0, 0x0, 0x85, 0x20, 0x0, 0x7,
    0xdb, 0xbf, 0xff, 0x70, 0x4, 0xff, 0xe0, 0x0,
    0xa, 0xff, 0xff, 0xff, 0xd0, 0xa, 0xff, 0x70,
    0x0, 0x7, 0xbd, 0xff, 0xff, 0x30, 0xe, 0xff,
    0x20, 0x0, 0x0, 0x0, 0x1, 0x33, 0x0, 0xf,
    0xff, 0x10, 0x0, 0x0, 0x0, 0x0, 0x0, 0x0,
    0xf, 0xff, 0x50, 0x0, 0x0, 0x0, 0x0, 0x0,
    0x0, 0xb, 0xff, 0xf7, 0x10, 0x0, 0x0, 0x1,
    0x33, 0x0, 0x3, 0xff, 0xff, 0xfe, 0xdd, 0xde,
    0xff, 0xf8, 0x0, 0x0, 0x5e, 0xff, 0xff, 0xff,
    0xff, 0xff, 0xf7, 0x0, 0x0, 0x1, 0x7c, 0xff,
    0xff, 0xff, 0xfe, 0xc4, 0x0, 0x0, 0x0, 0x0,
    0x1, 0x23, 0x21, 0x0, 0x0, 0x0,

    /* U+3056 "ざ" */
    0x0, 0x0, 0x0, 0x0, 0x0, 0x0, 0x0, 0x0,
    0x3, 0x80, 0x0, 0x0, 0x0, 0x0, 0x0, 0x2,
    0x10, 0x1, 0x71, 0xcf, 0x80, 0x0, 0x0, 0x0,
    0x0, 0xbf, 0xf8, 0x0, 0xaf, 0xa3, 0xff, 0x20,
    0x0, 0x0, 0x0, 0x6, 0xff, 0xc0, 0x2, 0xff,
    0x3a, 0xf7, 0x0, 0x0, 0x0, 0x0, 0x1f, 0xff,
    0x10, 0xa, 0xf9, 0x11, 0x6, 0x64, 0x32, 0x22,
    0x22, 0xdf, 0xfb, 0xbe, 0xff, 0x60, 0x0, 0xdf,
    0xff, 0xff, 0xff, 0xff, 0xff, 0xff, 0xff, 0xf8,
    0x0, 0xd, 0xff, 0xff, 0xff, 0xff, 0xff, 0xff,
    0xff, 0xeb, 0x50, 0x0, 0x79, 0xab, 0xcc, 0xcb,
    0xba, 0xcf, 0xfa, 0x10, 0x0, 0x0, 0x0, 0x0,
    0x0, 0x0, 0x0, 0x2, 0xff, 0xe0, 0x0, 0x0,
    0x0, 0x0, 0x0, 0x0, 0x0, 0x0, 0xb, 0xff,
    0x70, 0x0, 0x0, 0x0, 0x0, 0x0, 0x0, 0x0,
    0x0, 0x2f, 0xff, 0x10, 0x0, 0x0, 0x0, 0x0,
    0x0, 0x0, 0x3, 0x32, 0x9f, 0xfb, 0x0, 0x0,
    0x0, 0x5e, 0xb6, 0x0, 0x0, 0xef, 0xff, 0xff,
    0xf8, 0x0, 0x0, 0xb, 0xff, 0x70, 0x0, 0xf,
    0xff, 0xff, 0xff, 0x50, 0x0, 0x1, 0xff, 0xf0,
    0x0, 0x0, 0x45, 0x79, 0xbd, 0xa0, 0x0, 0x0,
    0x4f, 0xfc, 0x0, 0x0, 0x0, 0x0, 0x0, 0x0,
    0x0, 0x0, 0x5, 0xff, 0xd0, 0x0, 0x0, 0x0,
    0x0, 0x0, 0x0, 0x0, 0x0, 0x3f, 0xff, 0x40,
    0x0, 0x0, 0x0, 0x0, 0x0, 0x0, 0x0, 0x0,
    0xef, 0xff, 0x94, 0x10, 0x1, 0x13, 0x57, 0x20,
    0x0, 0x0, 0x5, 0xff, 0xff, 0xff, 0xff, 0xff,
    0xff, 0xf3, 0x0, 0x0, 0x0, 0x5, 0xef, 0xff,
    0xff, 0xff, 0xff, 0xff, 0x20, 0x0, 0x0, 0x0,
    0x0, 0x5a, 0xde, 0xff, 0xfe, 0xca, 0x80, 0x0,
    0x0, 0x0,

    /* U+3057 "し" */
    0xa, 0xaa, 0x60, 0x0, 0x0, 0x0, 0x0, 0x0,
    0x0, 0xe, 0xff, 0x90, 0x0, 0x0, 0x0, 0x0,
    0x0, 0x0, 0xd, 0xff, 0x80, 0x0, 0x0, 0x0,
    0x0, 0x0, 0x0, 0xc, 0xff, 0x70, 0x0, 0x0,
    0x0, 0x0, 0x0, 0x0, 0xc, 0xff, 0x60, 0x0,
    0x0, 0x0, 0x0, 0x0, 0x0, 0xd, 0xff, 0x50,
    0x0, 0x0, 0x0, 0x0, 0x0, 0x0, 0xd, 0xff,
    0x50, 0x0, 0x0, 0x0, 0x0, 0x0, 0x0, 0xe,
    0xff, 0x40, 0x0, 0x0, 0x0, 0x0, 0x0, 0x0,
    0xe, 0xff, 0x40, 0x0, 0x0, 0x0, 0x0, 0x0,
    0x0, 0xe, 0xff, 0x30, 0x0, 0x0, 0x0, 0x0,
    0x0, 0x0, 0xf, 0xff, 0x30, 0x0, 0x0, 0x0,
    0x0, 0x0, 0x0, 0xf, 0xff, 0x30, 0x0, 0x0,
    0x0, 0x0, 0x0, 0x0, 0xf, 0xff, 0x20, 0x0,
    0x0, 0x0, 0x0, 0x0, 0x0, 0xf, 0xff, 0x20,
    0x0, 0x0, 0x0, 0x0, 0xc, 0x30, 0xf, 0xff,
    0x20, 0x0, 0x0, 0x0, 0x0, 0x9f, 0xe2, 0xf,
    0xff, 0x40, 0x0, 0x0, 0x0, 0x9, 0xff, 0xfa,
    0xf, 0xff, 0xa0, 0x0, 0x0, 0x3, 0xcf, 0xff,
    0xe2, 0xb, 0xff, 0xfb, 0x54, 0x57, 0xcf, 0xff,
    0xfe, 0x30, 0x3, 0xff, 0xff, 0xff, 0xff, 0xff,
    0xff, 0xd2, 0x0, 0x0, 0x6f, 0xff, 0xff, 0xff,
    0xff, 0xe7, 0x0, 0x0, 0x0, 0x2, 0x8d, 0xff,
    0xfd, 0xa5, 0x0, 0x0, 0x0,

    /* U+3058 "じ" */
    0x2a, 0x99, 0x40, 0x0, 0x0, 0x0, 0x0, 0x0,
    0x0, 0x2f, 0xff, 0x60, 0x0, 0x0, 0x0, 0x5c,
    0x40, 0x0, 0x1f, 0xff, 0x50, 0x0, 0x2, 0x80,
    0xbf, 0xe0, 0x0, 0xf, 0xff, 0x30, 0x0, 0x1f,
    0xf7, 0x1f, 0xf9, 0x0, 0xf, 0xff, 0x30, 0x0,
    0x8, 0xff, 0x17, 0xff, 0x10, 0xf, 0xff, 0x20,
    0x0, 0x0, 0xef, 0xa0, 0x92, 0x0, 0x1f, 0xff,
    0x20, 0x0, 0x0, 0x7d, 0x60, 0x0, 0x0, 0x1f,
    0xff, 0x10, 0x0, 0x0, 0x0, 0x0, 0x0, 0x0,
    0x1f, 0xff, 0x0, 0x0, 0x0, 0x0, 0x0, 0x0,
    0x0, 0x2f, 0xff, 0x0, 0x0, 0x0, 0x0, 0x0,
    0x0, 0x0, 0x2f, 0xff, 0x0, 0x0, 0x0, 0x0,
    0x0, 0x0, 0x0, 0x3f, 0xff, 0x0, 0x0, 0x0,
    0x0, 0x0, 0x0, 0x0, 0x3f, 0xff, 0x0, 0x0,
    0x0, 0x0, 0x0, 0x0, 0x0, 0x3f, 0xfe, 0x0,
    0x0, 0x0, 0x0, 0x0, 0x1d, 0x10, 0x4f, 0xfe,
    0x0, 0x0, 0x0, 0x0, 0x0, 0xcf, 0xc0, 0x3f,
    0xff, 0x0, 0x0, 0x0, 0x0, 0x1c, 0xff, 0xf7,
    0x2f, 0xff, 0x60, 0x0, 0x0, 0x4, 0xef, 0xff,
    0xd0, 0xe, 0xff, 0xf9, 0x43, 0x58, 0xdf, 0xff,
    0xfd, 0x10, 0x7, 0xff, 0xff, 0xff, 0xff, 0xff,
    0xff, 0xb1, 0x0, 0x0, 0x9f, 0xff, 0xff, 0xff,
    0xff, 0xd5, 0x0, 0x0, 0x0, 0x3, 0xad, 0xff,
    0xfc, 0x94, 0x0, 0x0, 0x0,

    /* U+3059 "す" */
    0x0, 0x0, 0x0, 0x0, 0x0, 0x89, 0x93, 0x0,
    0x0, 0x0, 0x0, 0x0, 0x0, 0x0, 0x0, 0xd,
    0xff, 0x50, 0x0, 0x0, 0x0, 0x0, 0x0, 0x0,
    0x0, 0x0, 0xcf, 0xf4, 0x0, 0x0, 0x0, 0x8,
    0x99, 0xaa, 0xaa, 0xbb, 0xbf, 0xff, 0xdc, 0xcc,
    0xcc, 0xc2, 0xdf, 0xff, 0xff, 0xff, 0xff, 0xff,
    0xff, 0xff, 0xff, 0xff, 0x3d, 0xff, 0xff, 0xff,
    0xff, 0xff, 0xff, 0xff, 0xff, 0xff, 0xf3, 0x33,
    0x22, 0x11, 0x0, 0x0, 0xbf, 0xf4, 0x0, 0x0,
    0x0, 0x0, 0x0, 0x0, 0x0, 0x4, 0x5c, 0xff,
    0x40, 0x0, 0x0, 0x0, 0x0, 0x0, 0x0, 0x6e,
    0xff, 0xff, 0xf4, 0x0, 0x0, 0x0, 0x0, 0x0,
    0x0, 0x6f, 0xff, 0xff, 0xff, 0x50, 0x0, 0x0,
    0x0, 0x0, 0x0, 0xe, 0xff, 0x72, 0xaf, 0xfb,
    0x0, 0x0, 0x0, 0x0, 0x0, 0x2, 0xff, 0xb0,
    0x2, 0xff, 0xf0, 0x0, 0x0, 0x0, 0x0, 0x0,
    0x3f, 0xfb, 0x0, 0x2f, 0xff, 0x10, 0x0, 0x0,
    0x0, 0x0, 0x1, 0xff, 0xf5, 0x1a, 0xff, 0xf1,
    0x0, 0x0, 0x0, 0x0, 0x0, 0xa, 0xff, 0xff,
    0xff, 0xff, 0x0, 0x0, 0x0, 0x0, 0x0, 0x0,
    0x1c, 0xff, 0xff, 0xff, 0xb0, 0x0, 0x0, 0x0,
    0x0, 0x0, 0x0, 0x5, 0x9c, 0xff, 0xf5, 0x0,
    0x0, 0x0, 0x0, 0x0, 0x0, 0x0, 0x7, 0xff,
    0xfd, 0x0, 0x0, 0x0, 0x0, 0x0, 0x0, 0x1,
    0x7d, 0xff, 0xff, 0x20, 0x0, 0x0, 0x0, 0x0,
    0x0, 0x7, 0xff, 0xff, 0xfe, 0x30, 0x0, 0x0,
    0x0, 0x0, 0x0, 0x0, 0x9, 0xff, 0xfa, 0x10,
    0x0, 0x0, 0x0, 0x0, 0x0, 0x0, 0x0, 0x8,
    0x82, 0x0, 0x0, 0x0, 0x0, 0x0, 0x0,

    /* U+305A "ず" */
    0x0, 0x0, 0x0, 0x0, 0x0, 0x0, 0x0, 0x0,
    0x0, 0x0, 0x20, 0x0, 0x0, 0x0, 0x0, 0x0,
    0x0, 0x0, 0x0, 0x6, 0x44, 0xfe, 0x0, 0x0,
    0x0, 0x0, 0x0, 0x0, 0x5f, 0xff, 0x9, 0xfe,
    0x1e, 0xf8, 0x0, 0x0, 0x0, 0x0, 0x0, 0x3,
    0xff, 0xf0, 0x1e, 0xf8, 0x5f, 0xa0, 0x0, 0x0,
    0x0, 0x1, 0x11, 0x4f, 0xfe, 0x22, 0x9d, 0x62,
    0x40, 0x8, 0xff, 0xff, 0xff, 0xff, 0xff, 0xff,
    0xff, 0xff, 0xff, 0xfd, 0x0, 0x8f, 0xff, 0xff,
    0xff, 0xff, 0xff, 0xff, 0xff, 0xff, 0xff, 0xd0,
    0x7, 0xed, 0xcc, 0xbb, 0xaa, 0x99, 0xff, 0xf8,
    0x99, 0x99, 0xa8, 0x0, 0x0, 0x0, 0x0, 0x0,
    0x0, 0x1f, 0xfd, 0x0, 0x0, 0x0, 0x0, 0x0,
    0x0, 0x0, 0x0, 0x5c, 0xee, 0xff, 0xd0, 0x0,
    0x0, 0x0, 0x0, 0x0, 0x0, 0x0, 0xaf, 0xff,
    0xff, 0xfe, 0x0, 0x0, 0x0, 0x0, 0x0, 0x0,
    0x0, 0x7f, 0xff, 0xab, 0xff, 0xf2, 0x0, 0x0,
    0x0, 0x0, 0x0, 0x0, 0xd, 0xff, 0x30, 0x9,
    0xff, 0x80, 0x0, 0x0, 0x0, 0x0, 0x0, 0x0,
    0xff, 0xf0, 0x0, 0x7f, 0xfb, 0x0, 0x0, 0x0,
    0x0, 0x0, 0x0, 0xd, 0xff, 0x40, 0xc, 0xff,
    0xc0, 0x0, 0x0, 0x0, 0x0, 0x0, 0x0, 0x8f,
    0xff, 0xbd, 0xff, 0xfa, 0x0, 0x0, 0x0, 0x0,
    0x0, 0x0, 0x0, 0xcf, 0xff, 0xff, 0xff, 0x70,
    0x0, 0x0, 0x0, 0x0, 0x0, 0x0, 0x0, 0x8d,
    0xff, 0xff, 0xf2, 0x0, 0x0, 0x0, 0x0, 0x0,
    0x0, 0x0, 0x0, 0x6, 0xff, 0xf9, 0x0, 0x0,
    0x0, 0x0, 0x0, 0x0, 0x0, 0x0, 0x5c, 0xff,
    0xfd, 0x10, 0x0, 0x0, 0x0, 0x0, 0x0, 0x0,
    0x3b, 0xff, 0xff, 0xfd, 0x20, 0x0, 0x0, 0x0,
    0x0, 0x0, 0x0, 0x0, 0xaf, 0xff, 0xfa, 0x10,
    0x0, 0x0, 0x0, 0x0, 0x0, 0x0, 0x0, 0x0,
    0xaf, 0xa3, 0x0, 0x0, 0x0, 0x0, 0x0, 0x0,
    0x0, 0x0, 0x0, 0x0, 0x0, 0x0, 0x0, 0x0,
    0x0, 0x0, 0x0, 0x0,

    /* U+305B "せ" */
    0x0, 0x0, 0x0, 0x0, 0x0, 0x0, 0x0, 0x9c,
    0xc4, 0x0, 0x0, 0x0, 0x0, 0x3f, 0xff, 0x0,
    0x0, 0x0, 0xbf, 0xf4, 0x0, 0x0, 0x0, 0x0,
    0x2f, 0xff, 0x0, 0x0, 0x0, 0xaf, 0xf3, 0x0,
    0x0, 0x0, 0x0, 0x1f, 0xff, 0x0, 0x0, 0x0,
    0xaf, 0xf3, 0x0, 0x0, 0x0, 0x0, 0x1f, 0xff,
    0x0, 0x0, 0x0, 0xaf, 0xf4, 0x23, 0x41, 0x0,
    0x0, 0x1f, 0xff, 0x46, 0x79, 0xab, 0xff, 0xff,
    0xff, 0xf4, 0x9a, 0xbd, 0xef, 0xff, 0xff, 0xff,
    0xff, 0xff, 0xff, 0xff, 0xf4, 0xdf, 0xff, 0xff,
    0xff, 0xff, 0xff, 0xff, 0xff, 0xfb, 0xa9, 0x92,
    0xbf, 0xff, 0xff, 0xff, 0x75, 0x42, 0x10, 0xcf,
    0xf1, 0x0, 0x0, 0x44, 0x20, 0x2f, 0xfe, 0x0,
    0x0, 0x0, 0xcf, 0xf0, 0x0, 0x0, 0x0, 0x0,
    0x2f, 0xfe, 0x0, 0x0, 0x0, 0xef, 0xf0, 0x0,
    0x0, 0x0, 0x0, 0x2f, 0xfe, 0x0, 0xa, 0xba,
    0xff, 0xe0, 0x0, 0x0, 0x0, 0x0, 0x2f, 0xfe,
    0x0, 0xd, 0xff, 0xff, 0xc0, 0x0, 0x0, 0x0,
    0x0, 0x1f, 0xfe, 0x0, 0xb, 0xef, 0xff, 0x50,
    0x0, 0x0, 0x0, 0x0, 0x1f, 0xfe, 0x0, 0x0,
    0x0, 0x10, 0x0, 0x0, 0x0, 0x0, 0x0, 0xf,
    0xff, 0x10, 0x0, 0x0, 0x0, 0x0, 0x0, 0x0,
    0x0, 0x0, 0xe, 0xff, 0xb4, 0x22, 0x23, 0x45,
    0x68, 0x80, 0x0, 0x0, 0x0, 0xa, 0xff, 0xff,
    0xff, 0xff, 0xff, 0xff, 0xc0, 0x0, 0x0, 0x0,
    0x2, 0xef, 0xff, 0xff, 0xff, 0xff, 0xff, 0xb0,
    0x0, 0x0, 0x0, 0x0, 0x17, 0xac, 0xee, 0xee,
    0xdc, 0xba, 0x60, 0x0,

    /* U+305C "ぜ" */
    0x0, 0x0, 0x0, 0x0, 0x0, 0x0, 0x0, 0x0,
    0x0, 0x0, 0x2, 0x10, 0x0, 0x0, 0x0, 0x0,
    0x0, 0x0, 0x0, 0x3a, 0xa8, 0x26, 0x3f, 0x90,
    0x0, 0x0, 0xe, 0xee, 0x30, 0x0, 0x0, 0x4f,
    0xfc, 0xaf, 0x2d, 0xf0, 0x0, 0x0, 0xf, 0xff,
    0x20, 0x0, 0x0, 0x3f, 0xfb, 0x4f, 0x87, 0xf5,
    0x0, 0x0, 0xe, 0xff, 0x20, 0x0, 0x0, 0x3f,
    0xfb, 0xe, 0xc1, 0x30, 0x0, 0x0, 0xe, 0xff,
    0x10, 0x0, 0x0, 0x3f, 0xfa, 0x3, 0x12, 0x0,
    0x0, 0x0, 0xe, 0xff, 0x22, 0x46, 0x78, 0xbf,
    0xff, 0xff, 0xfc, 0x0, 0x47, 0x79, 0xaf, 0xff,
    0xff, 0xff, 0xff, 0xff, 0xff, 0xff, 0xfc, 0x0,
    0xaf, 0xff, 0xff, 0xff, 0xff, 0xff, 0xff, 0xff,
    0xff, 0xed, 0xc9, 0x0, 0x9f, 0xff, 0xff, 0xff,
    0xca, 0x97, 0x64, 0x6f, 0xf9, 0x0, 0x0, 0x0,
    0x59, 0x74, 0x2f, 0xff, 0x10, 0x0, 0x0, 0x4f,
    0xf8, 0x0, 0x0, 0x0, 0x0, 0x0, 0xf, 0xff,
    0x10, 0x0, 0x0, 0x5f, 0xf7, 0x0, 0x0, 0x0,
    0x0, 0x0, 0xf, 0xff, 0x0, 0x4, 0x75, 0xaf,
    0xf6, 0x0, 0x0, 0x0, 0x0, 0x0, 0xf, 0xff,
    0x0, 0x7, 0xff, 0xff, 0xf3, 0x0, 0x0, 0x0,
    0x0, 0x0, 0xe, 0xff, 0x0, 0x7, 0xff, 0xff,
    0xd0, 0x0, 0x0, 0x0, 0x0, 0x0, 0xe, 0xff,
    0x10, 0x0, 0x1, 0x22, 0x0, 0x0, 0x0, 0x0,
    0x0, 0x0, 0xe, 0xff, 0x20, 0x0, 0x0, 0x0,
    0x0, 0x0, 0x0, 0x0, 0x0, 0x0, 0xc, 0xff,
    0xa0, 0x0, 0x0, 0x0, 0x13, 0x51, 0x0, 0x0,
    0x0, 0x0, 0x9, 0xff, 0xff, 0xed, 0xdd, 0xef,
    0xff, 0xf3, 0x0, 0x0, 0x0, 0x0, 0x2, 0xff,
    0xff, 0xff, 0xff, 0xff, 0xff, 0xf3, 0x0, 0x0,
    0x0, 0x0, 0x0, 0x2a, 0xff, 0xff, 0xff, 0xff,
    0xff, 0xe2, 0x0, 0x0, 0x0, 0x0, 0x0, 0x0,
    0x1, 0x23, 0x33, 0x21, 0x0, 0x0, 0x0, 0x0,

    /* U+305D "そ" */
    0x0, 0x0, 0x0, 0x0, 0x0, 0x0, 0x0, 0x10,
    0x0, 0x0, 0x0, 0x1, 0x88, 0x88, 0x9a, 0xab,
    0xce, 0xf6, 0x0, 0x0, 0x0, 0x1, 0xff, 0xff,
    0xff, 0xff, 0xff, 0xff, 0x40, 0x0, 0x0, 0x0,
    0xff, 0xff, 0xff, 0xff, 0xff, 0xfd, 0x30, 0x0,
    0x0, 0x0, 0x75, 0x42, 0x10, 0x7f, 0xff, 0xb0,
    0x0, 0x0, 0x0, 0x0, 0x0, 0x0, 0x8, 0xff,
    0xf9, 0x0, 0x0, 0x0, 0x0, 0x0, 0x0, 0x0,
    0xaf, 0xff, 0x70, 0x0, 0x0, 0x0, 0x0, 0x0,
    0x0, 0x1b, 0xff, 0xf5, 0x0, 0x0, 0x0, 0x0,
    0x0, 0x0, 0x2, 0xdf, 0xfe, 0x30, 0x0, 0x1,
    0x23, 0x30, 0x0, 0x2, 0x6f, 0xff, 0xfc, 0xcd,
    0xff, 0xff, 0xff, 0xf3, 0xae, 0xff, 0xff, 0xff,
    0xff, 0xff, 0xff, 0xff, 0xff, 0xf3, 0xbf, 0xff,
    0xff, 0xff, 0xff, 0xff, 0xda, 0x88, 0x88, 0x92,
    0xaf, 0xeb, 0x97, 0x5b, 0xff, 0xc2, 0x0, 0x0,
    0x0, 0x0, 0x11, 0x0, 0x0, 0x4f, 0xfc, 0x0,
    0x0, 0x0, 0x0, 0x0, 0x0, 0x0, 0x0, 0xbf,
    0xf4, 0x0, 0x0, 0x0, 0x0, 0x0, 0x0, 0x0,
    0x0, 0xff, 0xf1, 0x0, 0x0, 0x0, 0x0, 0x0,
    0x0, 0x0, 0x0, 0xff, 0xf2, 0x0, 0x0, 0x0,
    0x0, 0x0, 0x0, 0x0, 0x0, 0xef, 0xfb, 0x0,
    0x0, 0x0, 0x0, 0x0, 0x0, 0x0, 0x0, 0x8f,
    0xff, 0xe8, 0x53, 0x33, 0x10, 0x0, 0x0, 0x0,
    0x0, 0xd, 0xff, 0xff, 0xff, 0xff, 0x20, 0x0,
    0x0, 0x0, 0x0, 0x1, 0xaf, 0xff, 0xff, 0xff,
    0x0, 0x0, 0x0, 0x0, 0x0, 0x0, 0x1, 0x6a,
    0xce, 0xeb, 0x0, 0x0, 0x0, 0x0, 0x0, 0x0,
    0x0, 0x0, 0x0, 0x0, 0x0, 0x0,

    /* U+305E "ぞ" */
    0x0, 0x0, 0x0, 0x0, 0x0, 0x0, 0x0, 0x0,
    0x0, 0x0, 0x0, 0x0, 0x0, 0x77, 0x77, 0x88,
    0x9a, 0xbd, 0xf9, 0x0, 0x0, 0x0, 0x0, 0x0,
    0xdf, 0xff, 0xff, 0xff, 0xff, 0xff, 0x70, 0x0,
    0x0, 0x0, 0x0, 0xcf, 0xff, 0xff, 0xff, 0xff,
    0xff, 0x60, 0x36, 0x0, 0x0, 0x0, 0x66, 0x43,
    0x32, 0x4f, 0xff, 0xe3, 0x41, 0xff, 0x30, 0x0,
    0x0, 0x0, 0x0, 0x4, 0xff, 0xfc, 0x1b, 0xf6,
    0x7f, 0xc0, 0x0, 0x0, 0x0, 0x0, 0x6f, 0xff,
    0xb0, 0x4, 0xfe, 0x1e, 0xa0, 0x0, 0x0, 0x0,
    0x8, 0xff, 0xf8, 0x0, 0x0, 0xce, 0x30, 0x0,
    0x0, 0x0, 0x0, 0xaf, 0xff, 0x60, 0x0, 0x1,
    0x43, 0x31, 0x0, 0x0, 0x1, 0x4d, 0xff, 0xfd,
    0xcd, 0xef, 0xff, 0xff, 0xf8, 0x0, 0x6d, 0xff,
    0xff, 0xff, 0xff, 0xff, 0xff, 0xff, 0xff, 0xf8,
    0x0, 0x7f, 0xff, 0xff, 0xff, 0xff, 0xff, 0xea,
    0x88, 0x88, 0x94, 0x0, 0x6f, 0xfc, 0xa7, 0x58,
    0xff, 0xe5, 0x0, 0x0, 0x0, 0x0, 0x0, 0x11,
    0x0, 0x0, 0xe, 0xff, 0x20, 0x0, 0x0, 0x0,
    0x0, 0x0, 0x0, 0x0, 0x0, 0x7f, 0xf8, 0x0,
    0x0, 0x0, 0x0, 0x0, 0x0, 0x0, 0x0, 0x0,
    0xbf, 0xf4, 0x0, 0x0, 0x0, 0x0, 0x0, 0x0,
    0x0, 0x0, 0x0, 0xbf, 0xf6, 0x0, 0x0, 0x0,
    0x0, 0x0, 0x0, 0x0, 0x0, 0x0, 0x9f, 0xfd,
    0x10, 0x0, 0x0, 0x0, 0x0, 0x0, 0x0, 0x0,
    0x0, 0x4f, 0xff, 0xf9, 0x64, 0x33, 0x20, 0x0,
    0x0, 0x0, 0x0, 0x0, 0x9, 0xff, 0xff, 0xff,
    0xff, 0x60, 0x0, 0x0, 0x0, 0x0, 0x0, 0x0,
    0x7f, 0xff, 0xff, 0xff, 0x30, 0x0, 0x0, 0x0,
    0x0, 0x0, 0x0, 0x0, 0x59, 0xce, 0xee, 0x0,
    0x0, 0x0, 0x0, 0x0, 0x0, 0x0, 0x0, 0x0,
    0x0, 0x0, 0x0, 0x0, 0x0,

    /* U+305F "た" */
    0x0, 0x0, 0x0, 0x35, 0x43, 0x0, 0x0, 0x0,
    0x0, 0x0, 0x0, 0x0, 0x0, 0x0, 0x7f, 0xff,
    0x0, 0x0, 0x0, 0x0, 0x0, 0x0, 0x0, 0x0,
    0x0, 0x8f, 0xfc, 0x0, 0x0, 0x0, 0x0, 0x0,
    0x0, 0x0, 0x0, 0x0, 0xaf, 0xfa, 0x25, 0x85,
    0x0, 0x0, 0x0, 0x0, 0xa, 0xa9, 0x99, 0xef,
    0xff, 0xff, 0xf8, 0x0, 0x0, 0x0, 0x0, 0xe,
    0xff, 0xff, 0xff, 0xff, 0xff, 0xf8, 0x0, 0x0,
    0x0, 0x0, 0xe, 0xff, 0xff, 0xff, 0xfe, 0xca,
    0x72, 0x0, 0x0, 0x0, 0x0, 0x3, 0x45, 0x5a,
    0xff, 0xb0, 0x0, 0x0, 0x12, 0x21, 0x10, 0x0,
    0x0, 0x0, 0xb, 0xff, 0x70, 0x5, 0xff, 0xff,
    0xff, 0xff, 0x90, 0x0, 0x0, 0xf, 0xff, 0x40,
    0x6, 0xff, 0xff, 0xff, 0xff, 0x90, 0x0, 0x0,
    0x3f, 0xff, 0x0, 0x5, 0xdc, 0xba, 0xaa, 0xbd,
    0x80, 0x0, 0x0, 0x8f, 0xfb, 0x0, 0x0, 0x0,
    0x0, 0x0, 0x0, 0x0, 0x0, 0x0, 0xdf, 0xf7,
    0x0, 0x0, 0x0, 0x0, 0x0, 0x0, 0x0, 0x0,
    0x3, 0xff, 0xf1, 0x0, 0x10, 0x0, 0x0, 0x0,
    0x0, 0x0, 0x0, 0x8, 0xff, 0xc0, 0x0, 0xff,
    0xb0, 0x0, 0x0, 0x0, 0x0, 0x0, 0xe, 0xff,
    0x70, 0x3, 0xff, 0xa0, 0x0, 0x0, 0x0, 0x0,
    0x0, 0x5f, 0xff, 0x20, 0x5, 0xff, 0xa0, 0x0,
    0x0, 0x0, 0x0, 0x0, 0xcf, 0xfc, 0x0, 0x5,
    0xff, 0xf7, 0x20, 0x1, 0x24, 0x60, 0x3, 0xff,
    0xf6, 0x0, 0x1, 0xff, 0xff, 0xff, 0xff, 0xff,
    0xf0, 0xb, 0xff, 0xf1, 0x0, 0x0, 0x4f, 0xff,
    0xff, 0xff, 0xff, 0xf0, 0x4, 0x9e, 0x90, 0x0,
    0x0, 0x1, 0x7b, 0xde, 0xed, 0xcb, 0x80, 0x0,
    0x0, 0x0, 0x0, 0x0, 0x0, 0x0, 0x0, 0x0,
    0x0, 0x0,

    /* U+3060 "だ" */
    0x0, 0x0, 0x0, 0x20, 0x0, 0x0, 0x0, 0x0,
    0x0, 0x0, 0x10, 0x0, 0x0, 0x0, 0xf, 0xff,
    0x70, 0x0, 0x0, 0x0, 0x6, 0xfb, 0x0, 0x0,
    0x0, 0x0, 0xff, 0xf4, 0x0, 0x0, 0x3, 0xdc,
    0x1f, 0xf4, 0x0, 0x0, 0x0, 0x2f, 0xff, 0x10,
    0x25, 0x0, 0xe, 0xf5, 0x7f, 0xd0, 0x36, 0x54,
    0x48, 0xff, 0xfd, 0xff, 0xf0, 0x0, 0x6f, 0xe1,
    0xa4, 0x7, 0xff, 0xff, 0xff, 0xff, 0xff, 0xff,
    0x0, 0x0, 0xb6, 0x0, 0x0, 0x7f, 0xff, 0xff,
    0xff, 0xff, 0xfd, 0x90, 0x0, 0x0, 0x0, 0x0,
    0x3, 0x89, 0x99, 0xff, 0xf6, 0x20, 0x0, 0x0,
    0x0, 0x0, 0x0, 0x0, 0x0, 0x0, 0x3f, 0xff,
    0x0, 0x9, 0xbc, 0xdd, 0xdd, 0xc9, 0x0, 0x0,
    0x0, 0x7, 0xff, 0xc0, 0x0, 0xef, 0xff, 0xff,
    0xff, 0xd0, 0x0, 0x0, 0x0, 0xbf, 0xf8, 0x0,
    0xe, 0xff, 0xfe, 0xff, 0xfd, 0x0, 0x0, 0x0,
    0xf, 0xff, 0x30, 0x0, 0x20, 0x0, 0x0, 0x1,
    0x20, 0x0, 0x0, 0x5, 0xff, 0xf0, 0x0, 0x0,
    0x0, 0x0, 0x0, 0x0, 0x0, 0x0, 0x0, 0xaf,
    0xfa, 0x0, 0x0, 0x0, 0x0, 0x0, 0x0, 0x0,
    0x0, 0x0, 0xf, 0xff, 0x50, 0x8, 0xcb, 0x30,
    0x0, 0x0, 0x0, 0x0, 0x0, 0x6, 0xff, 0xf0,
    0x0, 0xcf, 0xf2, 0x0, 0x0, 0x0, 0x0, 0x0,
    0x0, 0xcf, 0xfa, 0x0, 0xe, 0xff, 0x10, 0x0,
    0x0, 0x0, 0x0, 0x0, 0x3f, 0xff, 0x50, 0x0,
    0xef, 0xf8, 0x0, 0x0, 0x0, 0x21, 0x0, 0xa,
    0xff, 0xe0, 0x0, 0xb, 0xff, 0xff, 0xdc, 0xde,
    0xff, 0x40, 0x2, 0xff, 0xf9, 0x0, 0x0, 0x2e,
    0xff, 0xff, 0xff, 0xff, 0xf3, 0x0, 0x3b, 0xff,
    0x20, 0x0, 0x0, 0x18, 0xdf, 0xff, 0xff, 0xfe,
    0x20, 0x0, 0x1, 0x50, 0x0, 0x0, 0x0, 0x0,
    0x1, 0x21, 0x0, 0x0, 0x0,

    /* U+3061 "ち" */
    0x0, 0x0, 0x2, 0x32, 0x20, 0x0, 0x0, 0x0,
    0x0, 0x0, 0x0, 0x0, 0x7f, 0xfb, 0x0, 0x0,
    0x0, 0x0, 0x0, 0x0, 0x0, 0x8, 0xff, 0x70,
    0x0, 0x0, 0x0, 0x0, 0x2, 0x21, 0x0, 0xbf,
    0xf4, 0x1, 0x35, 0x79, 0xcf, 0x0, 0x8f, 0xff,
    0xef, 0xff, 0xff, 0xff, 0xff, 0xff, 0xf0, 0x8,
    0xff, 0xff, 0xff, 0xff, 0xff, 0xff, 0xff, 0xfe,
    0x0, 0x5b, 0xcd, 0xef, 0xfe, 0xcb, 0x98, 0x64,
    0x20, 0x0, 0x0, 0x0, 0x8, 0xff, 0x60, 0x0,
    0x0, 0x0, 0x0, 0x0, 0x0, 0x0, 0xcf, 0xf2,
    0x0, 0x0, 0x0, 0x0, 0x0, 0x0, 0x0, 0x1f,
    0xfe, 0x0, 0x25, 0x78, 0x74, 0x0, 0x0, 0x0,
    0x5, 0xff, 0xb8, 0xef, 0xff, 0xff, 0xff, 0x70,
    0x0, 0x0, 0xaf, 0xff, 0xff, 0xff, 0xff, 0xff,
    0xff, 0xb0, 0x0, 0xf, 0xff, 0xff, 0xb6, 0x31,
    0x14, 0xbf, 0xff, 0x60, 0x6, 0xff, 0xfc, 0x20,
    0x0, 0x0, 0x0, 0xbf, 0xfb, 0x0, 0xdf, 0xfc,
    0x0, 0x0, 0x0, 0x0, 0x6, 0xff, 0xd0, 0x2,
    0x8c, 0x10, 0x0, 0x0, 0x0, 0x0, 0x7f, 0xfd,
    0x0, 0x0, 0x0, 0x0, 0x0, 0x0, 0x0, 0x1e,
    0xff, 0x90, 0x0, 0x0, 0x0, 0x0, 0x0, 0x1,
    0x6e, 0xff, 0xf3, 0x0, 0x0, 0xa, 0xca, 0xaa,
    0xbd, 0xff, 0xff, 0xf9, 0x0, 0x0, 0x0, 0x8f,
    0xff, 0xff, 0xff, 0xff, 0xf8, 0x0, 0x0, 0x0,
    0x3, 0xff, 0xff, 0xff, 0xfd, 0x82, 0x0, 0x0,
    0x0, 0x0, 0x2, 0x44, 0x44, 0x30, 0x0, 0x0,
    0x0,

    /* U+3062 "ぢ" */
    0x0, 0x0, 0x0, 0x0, 0x0, 0x0, 0x0, 0x0,
    0x0, 0x4, 0x90, 0x0, 0x0, 0x0, 0x0, 0x0,
    0x0, 0x0, 0x0, 0x2, 0x81, 0xdf, 0x70, 0x0,
    0x0, 0x4, 0xfe, 0xd0, 0x0, 0x0, 0x0, 0xcf,
    0x94, 0xff, 0x10, 0x0, 0x0, 0x5f, 0xfc, 0x0,
    0x0, 0x0, 0x3, 0xff, 0x2b, 0xe5, 0x0, 0x0,
    0x7, 0xff, 0x80, 0x0, 0x2, 0x57, 0x9a, 0xf7,
    0x10, 0x4, 0xfd, 0xba, 0xdf, 0xfd, 0xbd, 0xef,
    0xff, 0xfe, 0x12, 0x0, 0x0, 0x4f, 0xff, 0xff,
    0xff, 0xff, 0xff, 0xff, 0xff, 0xf0, 0x0, 0x0,
    0x4, 0xff, 0xff, 0xff, 0xff, 0xfe, 0xdb, 0x97,
    0x53, 0x0, 0x0, 0x0, 0x0, 0x1, 0x5f, 0xfb,
    0x0, 0x0, 0x0, 0x0, 0x0, 0x0, 0x0, 0x0,
    0x0, 0x7, 0xff, 0x70, 0x0, 0x0, 0x0, 0x0,
    0x0, 0x0, 0x0, 0x0, 0x0, 0xbf, 0xf3, 0x0,
    0x1, 0x21, 0x0, 0x0, 0x0, 0x0, 0x0, 0x0,
    0xf, 0xff, 0x17, 0xcf, 0xff, 0xff, 0xb4, 0x0,
    0x0, 0x0, 0x0, 0x5, 0xff, 0xff, 0xff, 0xff,
    0xff, 0xff, 0xf9, 0x0, 0x0, 0x0, 0x0, 0xaf,
    0xff, 0xff, 0xc9, 0x76, 0x8e, 0xff, 0xf6, 0x0,
    0x0, 0x0, 0x1f, 0xff, 0xfa, 0x20, 0x0, 0x0,
    0xc, 0xff, 0xe0, 0x0, 0x0, 0x7, 0xff, 0xf5,
    0x0, 0x0, 0x0, 0x0, 0x3f, 0xff, 0x10, 0x0,
    0x0, 0x5c, 0xf7, 0x0, 0x0, 0x0, 0x0, 0x3,
    0xff, 0xf1, 0x0, 0x0, 0x0, 0x1, 0x0, 0x0,
    0x0, 0x0, 0x0, 0x8f, 0xff, 0x0, 0x0, 0x0,
    0x0, 0x0, 0x0, 0x0, 0x0, 0x0, 0x7f, 0xff,
    0xa0, 0x0, 0x0, 0x0, 0x0, 0x57, 0x54, 0x45,
    0x7a, 0xef, 0xff, 0xf2, 0x0, 0x0, 0x0, 0x0,
    0x6, 0xff, 0xff, 0xff, 0xff, 0xff, 0xe3, 0x0,
    0x0, 0x0, 0x0, 0x0, 0x1f, 0xff, 0xff, 0xff,
    0xfe, 0x81, 0x0, 0x0, 0x0, 0x0, 0x0, 0x0,
    0x79, 0xaa, 0x98, 0x63, 0x0, 0x0, 0x0, 0x0,
    0x0,

    /* U+3063 "っ" */
    0x0, 0x0, 0x0, 0x1, 0x47, 0x9a, 0x97, 0x20,
    0x0, 0x0, 0x0, 0x49, 0xdf, 0xff, 0xff, 0xff,
    0xf9, 0x0, 0x16, 0xaf, 0xff, 0xff, 0xff, 0xff,
    0xff, 0xff, 0xb0, 0x4f, 0xff, 0xff, 0xfd, 0x85,
    0x22, 0x4b, 0xff, 0xf5, 0xe, 0xff, 0xd7, 0x20,
    0x0, 0x0, 0x0, 0xcf, 0xfb, 0x7, 0xa3, 0x0,
    0x0, 0x0, 0x0, 0x0, 0x5f, 0xfe, 0x0, 0x0,
    0x0, 0x0, 0x0, 0x0, 0x0, 0x4f, 0xfe, 0x0,
    0x0, 0x0, 0x0, 0x0, 0x0, 0x0, 0x8f, 0xfc,
    0x0, 0x0, 0x0, 0x0, 0x0, 0x0, 0x3, 0xff,
    0xf8, 0x0, 0x0, 0x0, 0x0, 0x0, 0x0, 0x7f,
    0xff, 0xe1, 0x0, 0x0, 0x0, 0x1, 0x46, 0xaf,
    0xff, 0xff, 0x40, 0x0, 0x0, 0x9, 0xff, 0xff,
    0xff, 0xff, 0xd3, 0x0, 0x0, 0x0, 0x2, 0xff,
    0xff, 0xff, 0xd6, 0x0, 0x0, 0x0, 0x0, 0x0,
    0xbe, 0xca, 0x62, 0x0, 0x0, 0x0,

    /* U+3064 "つ" */
    0x0, 0x0, 0x0, 0x0, 0x0, 0x0, 0x12, 0x10,
    0x0, 0x0, 0x0, 0x0, 0x0, 0x0, 0x2, 0x6a,
    0xdf, 0xff, 0xff, 0xa4, 0x0, 0x0, 0x0, 0x0,
    0x39, 0xdf, 0xff, 0xff, 0xff, 0xff, 0xff, 0xb0,
    0x0, 0x26, 0xae, 0xff, 0xff, 0xff, 0xff, 0xdc,
    0xef, 0xff, 0xfc, 0x0, 0x7f, 0xff, 0xff, 0xff,
    0xa6, 0x20, 0x0, 0x2, 0xcf, 0xff, 0x70, 0x1f,
    0xff, 0xfa, 0x50, 0x0, 0x0, 0x0, 0x0, 0xd,
    0xff, 0xe0, 0xa, 0xd7, 0x10, 0x0, 0x0, 0x0,
    0x0, 0x0, 0x6, 0xff, 0xf2, 0x1, 0x0, 0x0,
    0x0, 0x0, 0x0, 0x0, 0x0, 0x3, 0xff, 0xf3,
    0x0, 0x0, 0x0, 0x0, 0x0, 0x0, 0x0, 0x0,
    0x4, 0xff, 0xf3, 0x0, 0x0, 0x0, 0x0, 0x0,
    0x0, 0x0, 0x0, 0x8, 0xff, 0xf1, 0x0, 0x0,
    0x0, 0x0, 0x0, 0x0, 0x0, 0x0, 0x3f, 0xff,
    0xc0, 0x0, 0x0, 0x0, 0x0, 0x0, 0x0, 0x0,
    0x4, 0xef, 0xff, 0x40, 0x0, 0x0, 0x0, 0x0,
    0x0, 0x0, 0x4, 0xbf, 0xff, 0xf9, 0x0, 0x0,
    0x0, 0x0, 0x12, 0x35, 0x7a, 0xef, 0xff, 0xff,
    0x90, 0x0, 0x0, 0x0, 0x0, 0x8f, 0xff, 0xff,
    0xff, 0xff, 0xe5, 0x0, 0x0, 0x0, 0x0, 0x0,
    0x1f, 0xff, 0xff, 0xff, 0xd7, 0x0, 0x0, 0x0,
    0x0, 0x0, 0x0, 0xa, 0xff, 0xda, 0x72, 0x0,
    0x0, 0x0, 0x0, 0x0, 0x0, 0x0, 0x0, 0x10,
    0x0, 0x0, 0x0, 0x0, 0x0, 0x0,

    /* U+3065 "づ" */
    0x0, 0x0, 0x0, 0x0, 0x0, 0x0, 0x0, 0x0,
    0x0, 0x0, 0x12, 0x0, 0x0, 0x0, 0x0, 0x0,
    0x0, 0x0, 0x0, 0x0, 0x0, 0x24, 0xfd, 0x0,
    0x0, 0x0, 0x0, 0x0, 0x0, 0x0, 0x0, 0x0,
    0x2e, 0xe1, 0xdf, 0x70, 0x0, 0x0, 0x0, 0x0,
    0x0, 0x0, 0x0, 0x0, 0xc, 0xf9, 0x4f, 0xf1,
    0x0, 0x0, 0x0, 0x0, 0x0, 0x0, 0x0, 0x0,
    0x3, 0xff, 0x28, 0x30, 0x0, 0x0, 0x0, 0x0,
    0x2, 0x69, 0xbc, 0xcb, 0x83, 0x96, 0x0, 0x0,
    0x0, 0x0, 0x1, 0x5a, 0xef, 0xff, 0xff, 0xff,
    0xff, 0xb2, 0x0, 0x0, 0x0, 0x27, 0xcf, 0xff,
    0xff, 0xff, 0xff, 0xff, 0xff, 0xfe, 0x20, 0x0,
    0xe, 0xff, 0xff, 0xff, 0xfd, 0x96, 0x31, 0x24,
    0xbf, 0xff, 0xd0, 0x0, 0x9, 0xff, 0xff, 0xd7,
    0x20, 0x0, 0x0, 0x0, 0x8, 0xff, 0xf5, 0x0,
    0x3, 0xff, 0x93, 0x0, 0x0, 0x0, 0x0, 0x0,
    0x0, 0xef, 0xfa, 0x0, 0x0, 0x50, 0x0, 0x0,
    0x0, 0x0, 0x0, 0x0, 0x0, 0xaf, 0xfc, 0x0,
    0x0, 0x0, 0x0, 0x0, 0x0, 0x0, 0x0, 0x0,
    0x0, 0xaf, 0xfc, 0x0, 0x0, 0x0, 0x0, 0x0,
    0x0, 0x0, 0x0, 0x0, 0x0, 0xdf, 0xfa, 0x0,
    0x0, 0x0, 0x0, 0x0, 0x0, 0x0, 0x0, 0x0,
    0x5, 0xff, 0xf6, 0x0, 0x0, 0x0, 0x0, 0x0,
    0x0, 0x0, 0x0, 0x0, 0x5f, 0xff, 0xe1, 0x0,
    0x0, 0x0, 0x0, 0x0, 0x0, 0x0, 0x0, 0x2a,
    0xff, 0xff, 0x50, 0x0, 0x0, 0x0, 0x0, 0x0,
    0x0, 0x24, 0x8c, 0xff, 0xff, 0xf7, 0x0, 0x0,
    0x0, 0x0, 0x0, 0xd, 0xef, 0xff, 0xff, 0xff,
    0xfe, 0x50, 0x0, 0x0, 0x0, 0x0, 0x0, 0x9,
    0xff, 0xff, 0xff, 0xfe, 0x81, 0x0, 0x0, 0x0,
    0x0, 0x0, 0x0, 0x3, 0xff, 0xff, 0xd9, 0x40,
    0x0, 0x0, 0x0, 0x0, 0x0, 0x0, 0x0, 0x0,
    0x44, 0x20, 0x0, 0x0, 0x0, 0x0, 0x0, 0x0,

    /* U+3066 "て" */
    0x0, 0x0, 0x0, 0x0, 0x23, 0x56, 0x79, 0xab,
    0xcd, 0xee, 0x3, 0x89, 0xac, 0xdf, 0xff, 0xff,
    0xff, 0xff, 0xff, 0xff, 0xf0, 0x6f, 0xff, 0xff,
    0xff, 0xff, 0xff, 0xff, 0xff, 0xff, 0xff, 0x14,
    0xff, 0xff, 0xfe, 0xca, 0x8c, 0xff, 0xfc, 0x74,
    0x32, 0x20, 0x2a, 0x74, 0x20, 0x0, 0x5, 0xff,
    0xf6, 0x0, 0x0, 0x0, 0x0, 0x0, 0x0, 0x0,
    0x2, 0xff, 0xf4, 0x0, 0x0, 0x0, 0x0, 0x0,
    0x0, 0x0, 0x0, 0xbf, 0xf7, 0x0, 0x0, 0x0,
    0x0, 0x0, 0x0, 0x0, 0x0, 0x2f, 0xfe, 0x0,
    0x0, 0x0, 0x0, 0x0, 0x0, 0x0, 0x0, 0x7,
    0xff, 0x90, 0x0, 0x0, 0x0, 0x0, 0x0, 0x0,
    0x0, 0x0, 0xaf, 0xf6, 0x0, 0x0, 0x0, 0x0,
    0x0, 0x0, 0x0, 0x0, 0xc, 0xff, 0x60, 0x0,
    0x0, 0x0, 0x0, 0x0, 0x0, 0x0, 0x0, 0xbf,
    0xf8, 0x0, 0x0, 0x0, 0x0, 0x0, 0x0, 0x0,
    0x0, 0x9, 0xff, 0xe0, 0x0, 0x0, 0x0, 0x0,
    0x0, 0x0, 0x0, 0x0, 0x4f, 0xff, 0xa0, 0x0,
    0x0, 0x0, 0x0, 0x0, 0x0, 0x0, 0x0, 0xcf,
    0xff, 0xc3, 0x0, 0x0, 0x0, 0x0, 0x0, 0x0,
    0x0, 0x2, 0xff, 0xff, 0xfd, 0x96, 0x40, 0x0,
    0x0, 0x0, 0x0, 0x0, 0x3, 0xef, 0xff, 0xff,
    0xfd, 0x0, 0x0, 0x0, 0x0, 0x0, 0x0, 0x1,
    0x9f, 0xff, 0xff, 0x80, 0x0, 0x0, 0x0, 0x0,
    0x0, 0x0, 0x0, 0x16, 0xae, 0xf3, 0x0, 0x0,
    0x0, 0x0, 0x0, 0x0, 0x0, 0x0, 0x0, 0x0,
    0x0, 0x0,

    /* U+3067 "で" */
    0x0, 0x0, 0x0, 0x0, 0x23, 0x45, 0x78, 0x9b,
    0xcd, 0xee, 0x10, 0x38, 0x9a, 0xcd, 0xff, 0xff,
    0xff, 0xff, 0xff, 0xff, 0xff, 0x10, 0x5f, 0xff,
    0xff, 0xff, 0xff, 0xff, 0xff, 0xff, 0xff, 0xff,
    0x10, 0x4f, 0xff, 0xff, 0xec, 0xa9, 0xcf, 0xff,
    0xd7, 0x43, 0x22, 0x0, 0x2a, 0x75, 0x20, 0x0,
    0x5, 0xff, 0xf6, 0x0, 0x0, 0x35, 0x0, 0x0,
    0x0, 0x0, 0x0, 0x2f, 0xff, 0x40, 0x1, 0x52,
    0xff, 0x20, 0x0, 0x0, 0x0, 0x0, 0xaf, 0xf8,
    0x0, 0xd, 0xf5, 0x7f, 0xb0, 0x0, 0x0, 0x0,
    0x2, 0xff, 0xf0, 0x0, 0x4, 0xfe, 0x1e, 0xf2,
    0x0, 0x0, 0x0, 0x7, 0xff, 0xa0, 0x0, 0x0,
    0xcf, 0x53, 0x0, 0x0, 0x0, 0x0, 0xa, 0xff,
    0x60, 0x0, 0x0, 0x33, 0x0, 0x0, 0x0, 0x0,
    0x0, 0xc, 0xff, 0x60, 0x0, 0x0, 0x0, 0x0,
    0x0, 0x0, 0x0, 0x0, 0xb, 0xff, 0x80, 0x0,
    0x0, 0x0, 0x0, 0x0, 0x0, 0x0, 0x0, 0x9,
    0xff, 0xe0, 0x0, 0x0, 0x0, 0x0, 0x0, 0x0,
    0x0, 0x0, 0x4, 0xff, 0xfa, 0x0, 0x0, 0x0,
    0x0, 0x0, 0x0, 0x0, 0x0, 0x0, 0xcf, 0xff,
    0xc3, 0x0, 0x0, 0x0, 0x0, 0x0, 0x0, 0x0,
    0x0, 0x2f, 0xff, 0xff, 0xd8, 0x53, 0x0, 0x0,
    0x0, 0x0, 0x0, 0x0, 0x3, 0xef, 0xff, 0xff,
    0xfe, 0x0, 0x0, 0x0, 0x0, 0x0, 0x0, 0x0,
    0x19, 0xff, 0xff, 0xf9, 0x0, 0x0, 0x0, 0x0,
    0x0, 0x0, 0x0, 0x0, 0x17, 0xbe, 0xf3, 0x0,
    0x0, 0x0, 0x0, 0x0, 0x0, 0x0, 0x0, 0x0,
    0x0, 0x0, 0x0, 0x0,

    /* U+3068 "と" */
    0x0, 0x0, 0x0, 0x0, 0x0, 0x0, 0x0, 0x0,
    0x0, 0x29, 0xe2, 0x0, 0x0, 0x0, 0x0, 0x0,
    0x0, 0xe, 0xff, 0x80, 0x0, 0x0, 0x0, 0x0,
    0x0, 0x0, 0x8f, 0xfe, 0x0, 0x0, 0x0, 0x0,
    0x36, 0x0, 0x1, 0xff, 0xf6, 0x0, 0x0, 0x1,
    0x9f, 0xf1, 0x0, 0xa, 0xff, 0xd0, 0x0, 0x7,
    0xef, 0xff, 0xa0, 0x0, 0x2f, 0xff, 0x60, 0x5e,
    0xff, 0xff, 0xd4, 0x0, 0x0, 0xaf, 0xfe, 0xdf,
    0xff, 0xfd, 0x50, 0x0, 0x0, 0x2, 0xff, 0xff,
    0xff, 0xd5, 0x0, 0x0, 0x0, 0x0, 0x3e, 0xff,
    0xfd, 0x50, 0x0, 0x0, 0x0, 0x0, 0x4f, 0xff,
    0xf7, 0x0, 0x0, 0x0, 0x0, 0x0, 0x3f, 0xff,
    0xd2, 0x0, 0x0, 0x0, 0x0, 0x0, 0xe, 0xff,
    0xc1, 0x0, 0x0, 0x0, 0x0, 0x0, 0x6, 0xff,
    0xf1, 0x0, 0x0, 0x0, 0x0, 0x0, 0x0, 0xaf,
    0xfa, 0x0, 0x0, 0x0, 0x0, 0x0, 0x0, 0xc,
    0xff, 0x90, 0x0, 0x0, 0x0, 0x0, 0x0, 0x0,
    0xbf, 0xfe, 0x10, 0x0, 0x0, 0x0, 0x0, 0x0,
    0x6, 0xff, 0xfe, 0x84, 0x22, 0x23, 0x46, 0x8a,
    0xd6, 0xd, 0xff, 0xff, 0xff, 0xff, 0xff, 0xff,
    0xff, 0x50, 0x1c, 0xff, 0xff, 0xff, 0xff, 0xff,
    0xff, 0xf5, 0x0, 0x3, 0x9c, 0xef, 0xff, 0xff,
    0xec, 0xb8, 0x20, 0x0, 0x0, 0x0, 0x0, 0x0,
    0x0, 0x0, 0x0,

    /* U+3069 "ど" */
    0x0, 0x0, 0x0, 0x0, 0x0, 0x0, 0x0, 0x0,
    0x0, 0x20, 0x0, 0x0, 0x0, 0x0, 0x0, 0x0,
    0x0, 0x0, 0x10, 0xcf, 0x30, 0x0, 0x28, 0x50,
    0x0, 0x0, 0x0, 0x0, 0xaf, 0x58, 0xfc, 0x0,
    0x8f, 0xfc, 0x0, 0x0, 0x0, 0x0, 0x7, 0xfd,
    0x1e, 0xf6, 0x4, 0xff, 0xf2, 0x0, 0x0, 0x0,
    0x0, 0xe, 0xf7, 0x57, 0x10, 0xd, 0xff, 0x90,
    0x0, 0x0, 0x2, 0xc6, 0x59, 0x20, 0x0, 0x0,
    0x6f, 0xff, 0x10, 0x0, 0x18, 0xff, 0xe0, 0x0,
    0x0, 0x0, 0x0, 0xef, 0xf9, 0x0, 0x7e, 0xff,
    0xff, 0x50, 0x0, 0x0, 0x0, 0x7, 0xff, 0xf6,
    0xef, 0xff, 0xfc, 0x30, 0x0, 0x0, 0x0, 0x0,
    0xe, 0xff, 0xff, 0xff, 0xc4, 0x0, 0x0, 0x0,
    0x0, 0x0, 0x0, 0xaf, 0xff, 0xfc, 0x40, 0x0,
    0x0, 0x0, 0x0, 0x0, 0x0, 0x9f, 0xff, 0xe5,
    0x0, 0x0, 0x0, 0x0, 0x0, 0x0, 0x0, 0xaf,
    0xff, 0xa1, 0x0, 0x0, 0x0, 0x0, 0x0, 0x0,
    0x0, 0x6f, 0xff, 0x70, 0x0, 0x0, 0x0, 0x0,
    0x0, 0x0, 0x0, 0xe, 0xff, 0x90, 0x0, 0x0,
    0x0, 0x0, 0x0, 0x0, 0x0, 0x4, 0xff, 0xf1,
    0x0, 0x0, 0x0, 0x0, 0x0, 0x0, 0x0, 0x0,
    0x6f, 0xfe, 0x0, 0x0, 0x0, 0x0, 0x0, 0x0,
    0x0, 0x0, 0x6, 0xff, 0xf2, 0x0, 0x0, 0x0,
    0x0, 0x0, 0x0, 0x0, 0x0, 0x3f, 0xff, 0xe6,
    0x10, 0x0, 0x0, 0x2, 0x47, 0x70, 0x0, 0x0,
    0xbf, 0xff, 0xff, 0xed, 0xde, 0xff, 0xff, 0xfb,
    0x0, 0x0, 0x1, 0xcf, 0xff, 0xff, 0xff, 0xff,
    0xff, 0xff, 0xb0, 0x0, 0x0, 0x0, 0x6c, 0xff,
    0xff, 0xff, 0xff, 0xff, 0xe8, 0x0, 0x0, 0x0,
    0x0, 0x0, 0x24, 0x55, 0x54, 0x32, 0x0, 0x0,
    0x0, 0x0,

    /* U+306A "な" */
    0x0, 0x0, 0x0, 0xa, 0x97, 0x10, 0x0, 0x0,
    0x0, 0x0, 0x0, 0x0, 0x0, 0x0, 0x1f, 0xff,
    0x20, 0x0, 0x0, 0x0, 0x0, 0x0, 0x0, 0x0,
    0x0, 0x3f, 0xfe, 0x0, 0x0, 0x0, 0x0, 0x0,
    0x0, 0x0, 0x0, 0x0, 0x6f, 0xfb, 0x48, 0x80,
    0x1, 0x20, 0x0, 0x0, 0xb, 0xa9, 0x9a, 0xef,
    0xff, 0xff, 0xc0, 0xc, 0xfa, 0x20, 0x0, 0xe,
    0xff, 0xff, 0xff, 0xff, 0xff, 0xc0, 0x6f, 0xff,
    0xf9, 0x10, 0xd, 0xff, 0xff, 0xff, 0xe9, 0x63,
    0x0, 0x18, 0xff, 0xff, 0xe5, 0x0, 0x1, 0x1b,
    0xff, 0x60, 0x0, 0x0, 0x0, 0x1a, 0xff, 0xf5,
    0x0, 0x0, 0x2f, 0xff, 0x10, 0x0, 0x6, 0x65,
    0x0, 0x3d, 0xa0, 0x0, 0x0, 0xaf, 0xfa, 0x0,
    0x0, 0xf, 0xfe, 0x0, 0x0, 0x10, 0x0, 0x2,
    0xff, 0xf3, 0x0, 0x0, 0xf, 0xfe, 0x0, 0x0,
    0x0, 0x0, 0xb, 0xff, 0xc0, 0x0, 0x0, 0xe,
    0xff, 0x0, 0x0, 0x0, 0x0, 0x4f, 0xff, 0x40,
    0x0, 0x0, 0xe, 0xff, 0x0, 0x0, 0x0, 0x0,
    0xdf, 0xfc, 0x0, 0x4, 0x78, 0x8e, 0xff, 0x0,
    0x0, 0x0, 0x9, 0xff, 0xf3, 0x3, 0xdf, 0xff,
    0xff, 0xff, 0x81, 0x0, 0x0, 0x2f, 0xff, 0xa0,
    0x1e, 0xff, 0xfd, 0xff, 0xff, 0xff, 0x60, 0x0,
    0x3, 0xce, 0x10, 0x8f, 0xf9, 0x0, 0xb, 0xff,
    0xff, 0xfb, 0x10, 0x0, 0x2, 0x0, 0xbf, 0xf1,
    0x0, 0xc, 0xff, 0xdf, 0xff, 0xd0, 0x0, 0x0,
    0x0, 0xbf, 0xf6, 0x0, 0x2f, 0xff, 0x28, 0xff,
    0x80, 0x0, 0x0, 0x0, 0x6f, 0xff, 0xdc, 0xff,
    0xff, 0x0, 0x7e, 0x0, 0x0, 0x0, 0x0, 0xa,
    0xff, 0xff, 0xff, 0xf7, 0x0, 0x1, 0x0, 0x0,
    0x0, 0x0, 0x0, 0x5b, 0xef, 0xfc, 0x50, 0x0,
    0x0, 0x0,

    /* U+306B "に" */
    0x5, 0xdb, 0x90, 0x0, 0x0, 0x0, 0x0, 0x0,
    0x0, 0x0, 0x8, 0xff, 0xa0, 0x0, 0x0, 0x0,
    0x0, 0x0, 0x0, 0x0, 0x9, 0xff, 0x60, 0x0,
    0x6e, 0xdc, 0xcc, 0xcc, 0xde, 0xe0, 0xc, 0xff,
    0x30, 0x0, 0x6f, 0xff, 0xff, 0xff, 0xff, 0xe0,
    0xe, 0xff, 0x0, 0x0, 0x6f, 0xff, 0xff, 0xff,
    0xff, 0xe0, 0xf, 0xfe, 0x0, 0x0, 0x2, 0x33,
    0x44, 0x44, 0x32, 0x10, 0x3f, 0xfb, 0x0, 0x0,
    0x0, 0x0, 0x0, 0x0, 0x0, 0x0, 0x5f, 0xf9,
    0x0, 0x0, 0x0, 0x0, 0x0, 0x0, 0x0, 0x0,
    0x6f, 0xf7, 0x0, 0x0, 0x0, 0x0, 0x0, 0x0,
    0x0, 0x0, 0x8f, 0xf5, 0x0, 0x0, 0x0, 0x0,
    0x0, 0x0, 0x0, 0x0, 0x9f, 0xf4, 0x20, 0x0,
    0x0, 0x0, 0x0, 0x0, 0x0, 0x0, 0x9f, 0xf4,
    0xf8, 0x0, 0x0, 0x0, 0x0, 0x0, 0x0, 0x0,
    0x9f, 0xfb, 0xf9, 0x4, 0xdb, 0x40, 0x0, 0x0,
    0x0, 0x0, 0x9f, 0xff, 0xf4, 0x8, 0xff, 0x40,
    0x0, 0x0, 0x0, 0x0, 0x8f, 0xff, 0xf0, 0x9,
    0xff, 0x40, 0x0, 0x0, 0x0, 0x0, 0x7f, 0xff,
    0xb0, 0xa, 0xff, 0xb1, 0x0, 0x0, 0x2, 0x44,
    0x5f, 0xff, 0x70, 0x7, 0xff, 0xff, 0xed, 0xee,
    0xff, 0xfa, 0x3f, 0xff, 0x30, 0x0, 0xcf, 0xff,
    0xff, 0xff, 0xff, 0xfa, 0xf, 0xff, 0x0, 0x0,
    0x8, 0xef, 0xff, 0xff, 0xff, 0xf8, 0xc, 0xed,
    0x0, 0x0, 0x0, 0x1, 0x23, 0x32, 0x20, 0x0,

    /* U+306C "ぬ" */
    0x0, 0x0, 0x0, 0x0, 0x0, 0x12, 0x10, 0x0,
    0x0, 0x0, 0x0, 0x0, 0x0, 0x0, 0x0, 0x0,
    0x8, 0xff, 0xa0, 0x0, 0x0, 0x0, 0x0, 0x0,
    0x0, 0x0, 0x0, 0x0, 0x8f, 0xf8, 0x0, 0x0,
    0x0, 0x0, 0x0, 0x4, 0xb8, 0x0, 0x0, 0x8,
    0xff, 0x60, 0x0, 0x0, 0x0, 0x0, 0x3, 0xff,
    0xc0, 0x0, 0x27, 0xdf, 0xff, 0xd9, 0x40, 0x0,
    0x0, 0x0, 0xd, 0xff, 0x13, 0xbf, 0xff, 0xff,
    0xff, 0xff, 0xb1, 0x0, 0x0, 0x0, 0x8f, 0xfc,
    0xff, 0xff, 0xff, 0xf9, 0xdf, 0xff, 0xd1, 0x0,
    0x0, 0x3, 0xff, 0xff, 0xf9, 0x4f, 0xfd, 0x0,
    0x3d, 0xff, 0xa0, 0x0, 0x0, 0xf, 0xff, 0xe3,
    0x5, 0xff, 0xa0, 0x0, 0x2f, 0xff, 0x30, 0x0,
    0x8, 0xff, 0xf8, 0x0, 0x9f, 0xf6, 0x0, 0x0,
    0x9f, 0xf8, 0x0, 0x3, 0xff, 0xff, 0xe0, 0xe,
    0xff, 0x10, 0x0, 0x5, 0xff, 0xb0, 0x0, 0xbf,
    0xfe, 0xff, 0x74, 0xff, 0xc0, 0x0, 0x0, 0x3f,
    0xfc, 0x0, 0x2f, 0xfd, 0x4f, 0xfe, 0xcf, 0xf7,
    0x0, 0x0, 0x4, 0xff, 0xb0, 0x7, 0xff, 0x70,
    0xbf, 0xff, 0xff, 0x0, 0x56, 0x63, 0x6f, 0xfa,
    0x0, 0xaf, 0xf2, 0x3, 0xff, 0xff, 0x84, 0xef,
    0xff, 0xff, 0xff, 0x80, 0xb, 0xff, 0x0, 0xc,
    0xff, 0xe2, 0xff, 0xfe, 0xff, 0xff, 0xf7, 0x0,
    0xbf, 0xf4, 0x9, 0xff, 0xf4, 0x7f, 0xf3, 0x0,
    0x8f, 0xff, 0xf7, 0x8, 0xff, 0xfe, 0xff, 0xf8,
    0x9, 0xff, 0x30, 0x3e, 0xff, 0xff, 0xf6, 0x2f,
    0xff, 0xff, 0xf9, 0x0, 0x6f, 0xff, 0xff, 0xff,
    0xe9, 0xff, 0x30, 0x5f, 0xff, 0xe5, 0x0, 0x0,
    0xcf, 0xff, 0xff, 0xe3, 0x9, 0x60, 0x0, 0x3,
    0x30, 0x0, 0x0, 0x0, 0x5a, 0xba, 0x70, 0x0,
    0x0, 0x0,

    /* U+306D "ね" */
    0x0, 0x0, 0x4, 0x99, 0x80, 0x0, 0x0, 0x0,
    0x0, 0x0, 0x0, 0x0, 0x0, 0x0, 0x5f, 0xfd,
    0x0, 0x0, 0x0, 0x0, 0x0, 0x0, 0x0, 0x0,
    0x0, 0x5, 0xff, 0xb0, 0x0, 0x0, 0x0, 0x0,
    0x0, 0x0, 0x0, 0x0, 0x0, 0x6f, 0xf9, 0x0,
    0x0, 0x14, 0x53, 0x0, 0x0, 0x0, 0x14, 0x46,
    0x7c, 0xff, 0xe1, 0x4, 0xbf, 0xff, 0xfd, 0x30,
    0x0, 0x3, 0xff, 0xff, 0xff, 0xff, 0x3a, 0xff,
    0xff, 0xff, 0xff, 0x20, 0x0, 0x2f, 0xff, 0xff,
    0xff, 0xae, 0xff, 0xe8, 0x67, 0xef, 0xfc, 0x0,
    0x0, 0xb9, 0x75, 0xcf, 0xff, 0xff, 0x80, 0x0,
    0x2, 0xff, 0xf3, 0x0, 0x0, 0x0, 0xb, 0xff,
    0xff, 0x40, 0x0, 0x0, 0x9, 0xff, 0x70, 0x0,
    0x0, 0x3, 0xff, 0xfe, 0x20, 0x0, 0x0, 0x0,
    0x5f, 0xfa, 0x0, 0x0, 0x0, 0xdf, 0xff, 0x20,
    0x0, 0x0, 0x0, 0x3, 0xff, 0xb0, 0x0, 0x0,
    0xaf, 0xff, 0xd0, 0x0, 0x0, 0x0, 0x0, 0x4f,
    0xfb, 0x0, 0x0, 0x5f, 0xff, 0xfd, 0x0, 0x0,
    0x0, 0x21, 0x4, 0xff, 0xa0, 0x0, 0x2f, 0xff,
    0xff, 0xd0, 0x0, 0x3c, 0xff, 0xff, 0xef, 0xf9,
    0x0, 0xd, 0xff, 0xaf, 0xfd, 0x0, 0x4f, 0xff,
    0xff, 0xff, 0xff, 0x80, 0xa, 0xff, 0xe1, 0xff,
    0xd0, 0xc, 0xff, 0x63, 0x59, 0xff, 0xff, 0x60,
    0x6f, 0xf4, 0xf, 0xfe, 0x0, 0xff, 0xa0, 0x0,
    0x5f, 0xff, 0xff, 0x70, 0xa9, 0x0, 0xff, 0xe0,
    0xe, 0xff, 0x63, 0x6f, 0xff, 0xef, 0xf8, 0x0,
    0x0, 0x1f, 0xff, 0x0, 0x8f, 0xff, 0xff, 0xff,
    0xe1, 0x7e, 0x0, 0x0, 0x1, 0xff, 0xf0, 0x0,
    0x9f, 0xff, 0xff, 0xd2, 0x0, 0x20, 0x0, 0x0,
    0x1f, 0xff, 0x10, 0x0, 0x15, 0x76, 0x40, 0x0,
    0x0, 0x0, 0x0, 0x0, 0x0, 0x0, 0x0, 0x0,
    0x0, 0x0, 0x0, 0x0, 0x0,

    /* U+306E "の" */
    0x0, 0x0, 0x0, 0x0, 0x59, 0xbc, 0xca, 0x72,
    0x0, 0x0, 0x0, 0x0, 0x0, 0x1, 0x9f, 0xff,
    0xff, 0xff, 0xff, 0xb2, 0x0, 0x0, 0x0, 0x0,
    0x4e, 0xff, 0xff, 0xff, 0xff, 0xff, 0xff, 0x50,
    0x0, 0x0, 0x5, 0xff, 0xff, 0x96, 0xff, 0xf4,
    0x8f, 0xff, 0xf5, 0x0, 0x0, 0x3f, 0xff, 0xc2,
    0x5, 0xff, 0xe0, 0x1, 0xdf, 0xfe, 0x10, 0x0,
    0xdf, 0xfc, 0x0, 0x8, 0xff, 0xb0, 0x0, 0x1e,
    0xff, 0x80, 0x6, 0xff, 0xe1, 0x0, 0xb, 0xff,
    0x80, 0x0, 0x7, 0xff, 0xe0, 0xd, 0xff, 0x70,
    0x0, 0xf, 0xff, 0x40, 0x0, 0x1, 0xff, 0xf3,
    0x1f, 0xff, 0x10, 0x0, 0x4f, 0xff, 0x0, 0x0,
    0x0, 0xef, 0xf5, 0x3f, 0xfd, 0x0, 0x0, 0x8f,
    0xfb, 0x0, 0x0, 0x0, 0xdf, 0xf6, 0x4f, 0xfc,
    0x0, 0x0, 0xef, 0xf6, 0x0, 0x0, 0x0, 0xef,
    0xf5, 0x4f, 0xfe, 0x0, 0x4, 0xff, 0xf1, 0x0,
    0x0, 0x1, 0xff, 0xf3, 0x2f, 0xff, 0x20, 0xc,
    0xff, 0xb0, 0x0, 0x0, 0x8, 0xff, 0xf0, 0xd,
    0xff, 0xc3, 0x8f, 0xff, 0x30, 0x0, 0x0, 0x3f,
    0xff, 0xa0, 0x7, 0xff, 0xff, 0xff, 0xfa, 0x0,
    0x0, 0x4, 0xef, 0xff, 0x20, 0x0, 0xdf, 0xff,
    0xff, 0xe1, 0x0, 0x3, 0xaf, 0xff, 0xf7, 0x0,
    0x0, 0x2d, 0xff, 0xfe, 0x30, 0x3b, 0xef, 0xff,
    0xff, 0x80, 0x0, 0x0, 0x0, 0x68, 0x60, 0x0,
    0xd, 0xff, 0xff, 0xd5, 0x0, 0x0, 0x0, 0x0,
    0x0, 0x0, 0x0, 0x3, 0xff, 0xb5, 0x0, 0x0,
    0x0, 0x0, 0x0, 0x0, 0x0, 0x0, 0x0, 0x20,
    0x0, 0x0, 0x0, 0x0,

    /* U+306F "は" */
    0x8, 0xdc, 0x70, 0x0, 0x0, 0x0, 0x1f, 0xff,
    0x30, 0x0, 0x0, 0xaf, 0xf7, 0x0, 0x0, 0x0,
    0x0, 0xff, 0xf2, 0x0, 0x0, 0xc, 0xff, 0x30,
    0x0, 0x0, 0x0, 0xf, 0xff, 0x10, 0x0, 0x0,
    0xef, 0xf0, 0x0, 0x0, 0x0, 0x0, 0xff, 0xf1,
    0x3, 0x40, 0xf, 0xfd, 0x0, 0xb, 0xcb, 0xaa,
    0xaf, 0xff, 0xff, 0xfc, 0x3, 0xff, 0xb0, 0x0,
    0xdf, 0xff, 0xff, 0xff, 0xff, 0xff, 0xc0, 0x5f,
    0xf9, 0x0, 0xd, 0xff, 0xff, 0xff, 0xff, 0xed,
    0xb7, 0x6, 0xff, 0x70, 0x0, 0x0, 0x11, 0x11,
    0xff, 0xf1, 0x0, 0x0, 0x8f, 0xf5, 0x0, 0x0,
    0x0, 0x0, 0xe, 0xff, 0x10, 0x0, 0x9, 0xff,
    0x30, 0x0, 0x0, 0x0, 0x0, 0xdf, 0xf2, 0x0,
    0x0, 0xaf, 0xf2, 0x0, 0x0, 0x0, 0x0, 0xd,
    0xff, 0x20, 0x0, 0xb, 0xff, 0x2b, 0x10, 0x0,
    0x0, 0x0, 0xcf, 0xf3, 0x0, 0x0, 0xcf, 0xf8,
    0xf7, 0x0, 0x29, 0xde, 0xef, 0xff, 0x40, 0x0,
    0xb, 0xff, 0xff, 0x20, 0x6f, 0xff, 0xff, 0xff,
    0xfe, 0x70, 0x0, 0xbf, 0xff, 0xe0, 0x2f, 0xff,
    0x86, 0x8e, 0xff, 0xff, 0xd3, 0xa, 0xff, 0xf9,
    0x8, 0xff, 0x50, 0x0, 0xaf, 0xff, 0xff, 0xf5,
    0x8f, 0xff, 0x40, 0x8f, 0xf7, 0x0, 0x1e, 0xff,
    0x9e, 0xff, 0xb6, 0xff, 0xf1, 0x5, 0xff, 0xfd,
    0xce, 0xff, 0xf2, 0x1c, 0xf1, 0x3f, 0xfe, 0x0,
    0xc, 0xff, 0xff, 0xff, 0xfa, 0x0, 0x4, 0x0,
    0xff, 0xd0, 0x0, 0x7, 0xdf, 0xff, 0xe8, 0x0,
    0x0, 0x0, 0x2, 0x10, 0x0, 0x0, 0x0, 0x1,
    0x10, 0x0, 0x0, 0x0, 0x0,

    /* U+3070 "ば" */
    0x0, 0x0, 0x0, 0x0, 0x0, 0x0, 0x0, 0x0,
    0x0, 0x0, 0x0, 0x0, 0x0, 0x0, 0x0, 0x0,
    0x0, 0x0, 0x0, 0x0, 0x1, 0xb, 0xa0, 0x0,
    0x43, 0x10, 0x0, 0x0, 0x0, 0x1, 0x44, 0x46,
    0xf5, 0xbf, 0x20, 0x1f, 0xff, 0x20, 0x0, 0x0,
    0x0, 0x4f, 0xfe, 0x2f, 0xb5, 0xf8, 0x3, 0xff,
    0xe0, 0x0, 0x0, 0x0, 0x3, 0xff, 0xd0, 0xcf,
    0x1a, 0x40, 0x5f, 0xfa, 0x0, 0x0, 0x0, 0x0,
    0x3f, 0xfd, 0x4, 0x40, 0x0, 0x7, 0xff, 0x70,
    0x0, 0x21, 0x10, 0x4, 0xff, 0xd5, 0x79, 0x60,
    0x0, 0x9f, 0xf5, 0x0, 0x1f, 0xff, 0xff, 0xff,
    0xff, 0xff, 0xf8, 0x0, 0xb, 0xff, 0x20, 0x1,
    0xff, 0xff, 0xff, 0xff, 0xff, 0xff, 0x80, 0x0,
    0xdf, 0xf0, 0x0, 0xa, 0xbb, 0xcc, 0xcf, 0xfe,
    0x86, 0x51, 0x0, 0xf, 0xfe, 0x0, 0x0, 0x0,
    0x0, 0x2, 0xff, 0xd0, 0x0, 0x0, 0x1, 0xff,
    0xc0, 0x0, 0x0, 0x0, 0x0, 0x2f, 0xfd, 0x0,
    0x0, 0x0, 0x2f, 0xfb, 0x0, 0x0, 0x0, 0x0,
    0x1, 0xff, 0xe0, 0x0, 0x0, 0x3, 0xff, 0xa2,
    0x10, 0x0, 0x0, 0x0, 0xf, 0xff, 0x0, 0x0,
    0x0, 0x3f, 0xf9, 0xbd, 0x10, 0x0, 0x46, 0x76,
    0xff, 0xf0, 0x0, 0x0, 0x3, 0xff, 0xcf, 0xe0,
    0x5, 0xef, 0xff, 0xff, 0xff, 0x70, 0x0, 0x0,
    0x3f, 0xff, 0xf9, 0x4, 0xff, 0xfe, 0xef, 0xff,
    0xff, 0xe5, 0x0, 0x2, 0xff, 0xff, 0x40, 0xcf,
    0xf4, 0x0, 0xf, 0xff, 0xff, 0xfa, 0x0, 0xf,
    0xff, 0xe0, 0xe, 0xff, 0x10, 0x3, 0xff, 0xfc,
    0xff, 0xf7, 0x0, 0xef, 0xfa, 0x0, 0xcf, 0xfe,
    0xbb, 0xff, 0xfe, 0x6, 0xfd, 0x0, 0xb, 0xff,
    0x70, 0x4, 0xff, 0xff, 0xff, 0xff, 0x70, 0x3,
    0x30, 0x0, 0x7f, 0xf6, 0x0, 0x3, 0xbf, 0xff,
    0xfe, 0x70, 0x0, 0x0, 0x0, 0x1, 0x32, 0x0,
    0x0, 0x0, 0x2, 0x21, 0x0, 0x0, 0x0, 0x0,
    0x0,

    /* U+3071 "ぱ" */
    0x0, 0x0, 0x0, 0x0, 0x0, 0x0, 0x0, 0x0,
    0x0, 0x7, 0x83, 0x0, 0x0, 0x0, 0x0, 0x0,
    0x0, 0x0, 0x0, 0x0, 0xd, 0xfe, 0xf5, 0x1,
    0x42, 0x10, 0x0, 0x0, 0x0, 0x1, 0x44, 0x44,
    0xf3, 0xc, 0xc0, 0x4f, 0xff, 0x20, 0x0, 0x0,
    0x0, 0x4f, 0xfe, 0x4f, 0x40, 0xcc, 0x5, 0xff,
    0xe0, 0x0, 0x0, 0x0, 0x3, 0xff, 0xd0, 0xcf,
    0xff, 0x40, 0x7f, 0xfa, 0x0, 0x0, 0x0, 0x0,
    0x3f, 0xfd, 0x0, 0x67, 0x20, 0x9, 0xff, 0x70,
    0x0, 0x32, 0x10, 0x4, 0xff, 0xd6, 0x8b, 0x70,
    0x0, 0xbf, 0xf5, 0x0, 0x1f, 0xff, 0xff, 0xff,
    0xff, 0xff, 0xf8, 0x0, 0xc, 0xff, 0x20, 0x1,
    0xff, 0xff, 0xff, 0xff, 0xff, 0xff, 0x80, 0x0,
    0xef, 0xf0, 0x0, 0xa, 0xbb, 0xcc, 0xcf, 0xfe,
    0x86, 0x51, 0x0, 0xf, 0xfe, 0x0, 0x0, 0x0,
    0x0, 0x2, 0xff, 0xd0, 0x0, 0x0, 0x1, 0xff,
    0xc0, 0x0, 0x0, 0x0, 0x0, 0x2f, 0xfd, 0x0,
    0x0, 0x0, 0x2f, 0xfb, 0x0, 0x0, 0x0, 0x0,
    0x1, 0xff, 0xe0, 0x0, 0x0, 0x3, 0xff, 0xa2,
    0x10, 0x0, 0x0, 0x0, 0xf, 0xff, 0x0, 0x0,
    0x0, 0x3f, 0xf9, 0xbd, 0x10, 0x0, 0x46, 0x76,
    0xff, 0xf0, 0x0, 0x0, 0x3, 0xff, 0xcf, 0xe0,
    0x5, 0xef, 0xff, 0xff, 0xff, 0x70, 0x0, 0x0,
    0x3f, 0xff, 0xf9, 0x4, 0xff, 0xfe, 0xef, 0xff,
    0xff, 0xe5, 0x0, 0x2, 0xff, 0xff, 0x40, 0xcf,
    0xf4, 0x0, 0xf, 0xff, 0xff, 0xfa, 0x0, 0xf,
    0xff, 0xe0, 0xe, 0xff, 0x10, 0x3, 0xff, 0xfc,
    0xff, 0xf7, 0x0, 0xff, 0xfa, 0x0, 0xcf, 0xfe,
    0xbb, 0xff, 0xfe, 0x6, 0xfd, 0x0, 0xc, 0xff,
    0x70, 0x4, 0xff, 0xff, 0xff, 0xff, 0x70, 0x3,
    0x30, 0x0, 0x9f, 0xf6, 0x0, 0x3, 0xbf, 0xff,
    0xfe, 0x70, 0x0, 0x0, 0x0, 0x1, 0x32, 0x0,
    0x0, 0x0, 0x2, 0x21, 0x0, 0x0, 0x0, 0x0,
    0x0,

    /* U+3072 "ひ" */
    0x0, 0x0, 0x1, 0x46, 0xa6, 0x0, 0x3, 0x7c,
    0x0, 0x0, 0x0, 0x9b, 0xcd, 0xff, 0xff, 0xfd,
    0x0, 0xe, 0xff, 0x30, 0x0, 0x0, 0xcf, 0xff,
    0xff, 0xff, 0xff, 0x10, 0xa, 0xff, 0x70, 0x0,
    0x0, 0xbf, 0xff, 0xef, 0xff, 0xb1, 0x0, 0x6,
    0xff, 0xb0, 0x0, 0x0, 0x44, 0x20, 0x8f, 0xfb,
    0x0, 0x0, 0x4, 0xff, 0xf1, 0x0, 0x0, 0x0,
    0x4, 0xff, 0xd0, 0x0, 0x0, 0x1, 0xff, 0xf8,
    0x0, 0x0, 0x0, 0xd, 0xff, 0x30, 0x0, 0x0,
    0x0, 0xff, 0xff, 0x10, 0x0, 0x0, 0x7f, 0xf9,
    0x0, 0x0, 0x0, 0x0, 0xef, 0xff, 0xa0, 0x0,
    0x0, 0xef, 0xf1, 0x0, 0x0, 0x0, 0x0, 0xef,
    0xff, 0xf6, 0x0, 0x4, 0xff, 0xb0, 0x0, 0x0,
    0x0, 0x0, 0xef, 0xef, 0xff, 0x40, 0x9, 0xff,
    0x70, 0x0, 0x0, 0x0, 0x0, 0xff, 0x8c, 0xff,
    0xd0, 0xc, 0xff, 0x40, 0x0, 0x0, 0x0, 0x2,
    0xff, 0x72, 0xff, 0x30, 0xe, 0xff, 0x20, 0x0,
    0x0, 0x0, 0x6, 0xff, 0x60, 0x58, 0x0, 0xe,
    0xff, 0x30, 0x0, 0x0, 0x0, 0xc, 0xff, 0x30,
    0x0, 0x0, 0xd, 0xff, 0x70, 0x0, 0x0, 0x0,
    0x4f, 0xff, 0x0, 0x0, 0x0, 0xa, 0xff, 0xe2,
    0x0, 0x0, 0x3, 0xef, 0xf9, 0x0, 0x0, 0x0,
    0x4, 0xff, 0xff, 0x84, 0x45, 0xaf, 0xff, 0xf2,
    0x0, 0x0, 0x0, 0x0, 0xaf, 0xff, 0xff, 0xff,
    0xff, 0xff, 0x60, 0x0, 0x0, 0x0, 0x0, 0x9,
    0xff, 0xff, 0xff, 0xff, 0xf6, 0x0, 0x0, 0x0,
    0x0, 0x0, 0x0, 0x39, 0xdf, 0xfe, 0xc7, 0x10,
    0x0, 0x0, 0x0, 0x0,

    /* U+3073 "び" */
    0x0, 0x0, 0x0, 0x0, 0x0, 0x0, 0x0, 0x0,
    0x0, 0x0, 0x0, 0x0, 0x0, 0x0, 0x0, 0x0,
    0x0, 0x0, 0x0, 0x0, 0x1, 0x3d, 0x90, 0x0,
    0x0, 0x0, 0x0, 0x0, 0x0, 0x0, 0x0, 0xc,
    0xf1, 0xff, 0x10, 0x0, 0x0, 0x2, 0x47, 0xb1,
    0x0, 0x4, 0x97, 0x9f, 0x69, 0xf6, 0x2a, 0xbc,
    0xef, 0xff, 0xff, 0x60, 0x5, 0xff, 0xc3, 0xfd,
    0x3c, 0x52, 0xff, 0xff, 0xff, 0xff, 0xfb, 0x0,
    0xf, 0xff, 0xa, 0x70, 0x0, 0x1f, 0xff, 0xff,
    0xff, 0xf7, 0x0, 0x0, 0xcf, 0xf5, 0x0, 0x0,
    0x0, 0x53, 0x10, 0xdf, 0xf6, 0x0, 0x0, 0x9,
    0xff, 0xb0, 0x0, 0x0, 0x0, 0x0, 0x9f, 0xf8,
    0x0, 0x0, 0x0, 0x7f, 0xff, 0x10, 0x0, 0x0,
    0x0, 0x4f, 0xfc, 0x0, 0x0, 0x0, 0x5, 0xff,
    0xf9, 0x0, 0x0, 0x0, 0xc, 0xff, 0x30, 0x0,
    0x0, 0x0, 0x4f, 0xff, 0xf3, 0x0, 0x0, 0x4,
    0xff, 0xb0, 0x0, 0x0, 0x0, 0x4, 0xff, 0xff,
    0xe1, 0x0, 0x0, 0xaf, 0xf5, 0x0, 0x0, 0x0,
    0x0, 0x4f, 0xfe, 0xff, 0xc0, 0x0, 0xe, 0xff,
    0x0, 0x0, 0x0, 0x0, 0x5, 0xff, 0x5f, 0xff,
    0x70, 0x2, 0xff, 0xd0, 0x0, 0x0, 0x0, 0x0,
    0x8f, 0xf0, 0x8f, 0xd0, 0x0, 0x4f, 0xfc, 0x0,
    0x0, 0x0, 0x0, 0xc, 0xff, 0x0, 0xb2, 0x0,
    0x4, 0xff, 0xc0, 0x0, 0x0, 0x0, 0x1, 0xff,
    0xd0, 0x0, 0x0, 0x0, 0x3f, 0xff, 0x10, 0x0,
    0x0, 0x0, 0xaf, 0xf9, 0x0, 0x0, 0x0, 0x1,
    0xff, 0xf9, 0x0, 0x0, 0x0, 0x7f, 0xff, 0x30,
    0x0, 0x0, 0x0, 0xa, 0xff, 0xfc, 0x63, 0x36,
    0xcf, 0xff, 0xb0, 0x0, 0x0, 0x0, 0x0, 0x2e,
    0xff, 0xff, 0xff, 0xff, 0xff, 0xe1, 0x0, 0x0,
    0x0, 0x0, 0x0, 0x2d, 0xff, 0xff, 0xff, 0xff,
    0xd2, 0x0, 0x0, 0x0, 0x0, 0x0, 0x0, 0x6,
    0xbe, 0xff, 0xea, 0x50, 0x0, 0x0, 0x0, 0x0,
    0x0,

    /* U+3074 "ぴ" */
    0x0, 0x0, 0x0, 0x0, 0x0, 0x0, 0x0, 0x0,
    0x0, 0x1, 0x10, 0x0, 0x0, 0x0, 0x0, 0x0,
    0x0, 0x0, 0x0, 0x0, 0x9, 0xff, 0xb1, 0x0,
    0x0, 0x0, 0x0, 0x0, 0x0, 0x0, 0x0, 0x6,
    0xf9, 0x7f, 0x90, 0x0, 0x0, 0x13, 0x69, 0xd1,
    0x0, 0x16, 0xa9, 0xad, 0x0, 0xad, 0x2c, 0xcd,
    0xff, 0xff, 0xff, 0x70, 0x4, 0xff, 0xd8, 0xf3,
    0x2d, 0xb2, 0xff, 0xff, 0xff, 0xff, 0xfa, 0x0,
    0xf, 0xff, 0x2d, 0xff, 0xf3, 0x1f, 0xff, 0xde,
    0xff, 0xf5, 0x0, 0x0, 0xcf, 0xf5, 0x5, 0x61,
    0x0, 0x42, 0x1, 0xef, 0xf5, 0x0, 0x0, 0x9,
    0xff, 0xb0, 0x0, 0x0, 0x0, 0x0, 0xbf, 0xf7,
    0x0, 0x0, 0x0, 0x7f, 0xff, 0x20, 0x0, 0x0,
    0x0, 0x4f, 0xfc, 0x0, 0x0, 0x0, 0x5, 0xff,
    0xfa, 0x0, 0x0, 0x0, 0xd, 0xff, 0x30, 0x0,
    0x0, 0x0, 0x4f, 0xff, 0xf4, 0x0, 0x0, 0x4,
    0xff, 0xb0, 0x0, 0x0, 0x0, 0x4, 0xff, 0xff,
    0xe1, 0x0, 0x0, 0xaf, 0xf5, 0x0, 0x0, 0x0,
    0x0, 0x4f, 0xfd, 0xff, 0xd1, 0x0, 0xf, 0xff,
    0x0, 0x0, 0x0, 0x0, 0x5, 0xff, 0x4f, 0xff,
    0x70, 0x2, 0xff, 0xd0, 0x0, 0x0, 0x0, 0x0,
    0x8f, 0xf0, 0x8f, 0xd0, 0x0, 0x4f, 0xfc, 0x0,
    0x0, 0x0, 0x0, 0xc, 0xff, 0x0, 0xa2, 0x0,
    0x4, 0xff, 0xc0, 0x0, 0x0, 0x0, 0x2, 0xff,
    0xd0, 0x0, 0x0, 0x0, 0x3f, 0xff, 0x10, 0x0,
    0x0, 0x0, 0xaf, 0xf9, 0x0, 0x0, 0x0, 0x1,
    0xff, 0xfa, 0x0, 0x0, 0x0, 0x7f, 0xff, 0x30,
    0x0, 0x0, 0x0, 0xa, 0xff, 0xfc, 0x63, 0x36,
    0xcf, 0xff, 0xb0, 0x0, 0x0, 0x0, 0x0, 0x2e,
    0xff, 0xff, 0xff, 0xff, 0xff, 0xe1, 0x0, 0x0,
    0x0, 0x0, 0x0, 0x2d, 0xff, 0xff, 0xff, 0xff,
    0xc2, 0x0, 0x0, 0x0, 0x0, 0x0, 0x0, 0x6,
    0xbe, 0xff, 0xea, 0x50, 0x0, 0x0, 0x0, 0x0,
    0x0,

    /* U+3075 "ふ" */
    0x0, 0x0, 0x0, 0x0, 0x0, 0x0, 0x0, 0x0,
    0x0, 0x0, 0x0, 0x0, 0x0, 0x0, 0x0, 0x0,
    0xc, 0xd7, 0x0, 0x0, 0x0, 0x0, 0x0, 0x0,
    0x0, 0x0, 0x0, 0x0, 0x9f, 0xff, 0xf8, 0x10,
    0x0, 0x0, 0x0, 0x0, 0x0, 0x0, 0x0, 0x0,
    0x4b, 0xff, 0xff, 0xf8, 0x0, 0x0, 0x0, 0x0,
    0x0, 0x0, 0x0, 0x0, 0x0, 0x2b, 0xff, 0xff,
    0x30, 0x0, 0x0, 0x0, 0x0, 0x0, 0x0, 0x0,
    0x0, 0x0, 0x9f, 0xff, 0x70, 0x0, 0x0, 0x0,
    0x0, 0x0, 0x0, 0x0, 0x0, 0x7, 0xff, 0xf8,
    0x0, 0x0, 0x0, 0x0, 0x0, 0x0, 0x0, 0x0,
    0x0, 0x0, 0xae, 0x40, 0x0, 0x0, 0x0, 0x0,
    0x0, 0x0, 0x0, 0x0, 0x4, 0xa0, 0x1, 0x0,
    0x0, 0x0, 0x0, 0x0, 0x0, 0x0, 0x0, 0x0,
    0x6f, 0xfb, 0x0, 0x0, 0x0, 0x0, 0x0, 0x0,
    0x0, 0x0, 0x0, 0x0, 0x6f, 0xff, 0xb0, 0x0,
    0x0, 0x77, 0x0, 0x0, 0x0, 0x0, 0x0, 0x0,
    0x4, 0xff, 0xfa, 0x0, 0x1e, 0xff, 0x30, 0x0,
    0x0, 0x0, 0x0, 0x20, 0x0, 0x4f, 0xff, 0x70,
    0xa, 0xff, 0xd0, 0x0, 0x0, 0x0, 0x3, 0xf8,
    0x0, 0x7, 0xff, 0xf2, 0x1, 0xff, 0xf6, 0x0,
    0x0, 0x0, 0x5f, 0xff, 0x40, 0x0, 0xcf, 0xfb,
    0x0, 0x7f, 0xfe, 0x0, 0x0, 0x9, 0xff, 0xfd,
    0x20, 0x0, 0x5f, 0xff, 0x10, 0xe, 0xff, 0x60,
    0x3, 0xdf, 0xff, 0xd1, 0x0, 0x0, 0x1f, 0xff,
    0x30, 0x8, 0xff, 0xd0, 0x1f, 0xff, 0xfb, 0x3,
    0x10, 0x0, 0x6f, 0xff, 0x30, 0x2, 0xff, 0xf3,
    0x6, 0xff, 0x70, 0xb, 0xfe, 0xde, 0xff, 0xff,
    0x10, 0x0, 0xdd, 0x50, 0x0, 0x93, 0x0, 0x9,
    0xff, 0xff, 0xff, 0xf8, 0x0, 0x0, 0x30, 0x0,
    0x0, 0x0, 0x0, 0x5, 0xef, 0xff, 0xfd, 0x60,
    0x0, 0x0, 0x0, 0x0, 0x0, 0x0, 0x0, 0x0,
    0x0, 0x11, 0x0, 0x0, 0x0, 0x0, 0x0, 0x0,

    /* U+3076 "ぶ" */
    0x0, 0x0, 0x0, 0x0, 0x0, 0x0, 0x0, 0x0,
    0x0, 0x0, 0x0, 0x0, 0x0, 0x0, 0x0, 0x0,
    0x2e, 0xa4, 0x0, 0x0, 0x0, 0x0, 0x0, 0x0,
    0x0, 0x0, 0x0, 0x0, 0xdf, 0xff, 0xd5, 0x0,
    0x0, 0x0, 0x25, 0x0, 0x0, 0x0, 0x0, 0x1,
    0x7d, 0xff, 0xff, 0xd4, 0x0, 0x41, 0xff, 0x40,
    0x0, 0x0, 0x0, 0x0, 0x0, 0x5e, 0xff, 0xfd,
    0xe, 0xf5, 0x8f, 0xd0, 0x0, 0x0, 0x0, 0x0,
    0x0, 0x1, 0xef, 0xff, 0x26, 0xfe, 0x1e, 0xf4,
    0x0, 0x0, 0x0, 0x0, 0x0, 0xc, 0xff, 0xe4,
    0x0, 0xdf, 0x64, 0x20, 0x0, 0x0, 0x0, 0x0,
    0x0, 0x2, 0xec, 0x20, 0x0, 0x45, 0x0, 0x0,
    0x0, 0x0, 0x0, 0x0, 0x8, 0x60, 0x10, 0x0,
    0x0, 0x0, 0x0, 0x0, 0x0, 0x0, 0x0, 0x0,
    0xaf, 0xf6, 0x0, 0x0, 0x0, 0x0, 0x0, 0x0,
    0x0, 0x0, 0x0, 0x1, 0xbf, 0xff, 0x60, 0x0,
    0x1, 0x93, 0x0, 0x0, 0x0, 0x0, 0x0, 0x0,
    0x9, 0xff, 0xf5, 0x0, 0x5f, 0xfd, 0x0, 0x0,
    0x0, 0x0, 0x0, 0x20, 0x0, 0xaf, 0xff, 0x20,
    0x1e, 0xff, 0x70, 0x0, 0x0, 0x0, 0x8, 0xf3,
    0x0, 0xc, 0xff, 0xc0, 0x6, 0xff, 0xf1, 0x0,
    0x0, 0x0, 0xaf, 0xfd, 0x10, 0x2, 0xff, 0xf5,
    0x0, 0xdf, 0xf9, 0x0, 0x0, 0x2c, 0xff, 0xfa,
    0x0, 0x0, 0xaf, 0xfb, 0x0, 0x5f, 0xff, 0x10,
    0x6, 0xff, 0xff, 0x90, 0x0, 0x0, 0x7f, 0xfe,
    0x0, 0xe, 0xff, 0x70, 0x6f, 0xff, 0xf7, 0x3,
    0x0, 0x0, 0xbf, 0xfe, 0x0, 0x8, 0xff, 0xd0,
    0xc, 0xfe, 0x40, 0x1f, 0xfd, 0xdf, 0xff, 0xfa,
    0x0, 0x2, 0xfb, 0x30, 0x2, 0x91, 0x0, 0xe,
    0xff, 0xff, 0xff, 0xf3, 0x0, 0x0, 0x30, 0x0,
    0x0, 0x0, 0x0, 0xa, 0xff, 0xff, 0xfb, 0x30,
    0x0, 0x0, 0x0, 0x0, 0x0, 0x0, 0x0, 0x0,
    0x1, 0x21, 0x0, 0x0, 0x0, 0x0, 0x0, 0x0,

    /* U+3077 "ぷ" */
    0x0, 0x0, 0x0, 0x0, 0x1b, 0x71, 0x0, 0x0,
    0x0, 0x0, 0x0, 0x0, 0x0, 0x0, 0x0, 0x0,
    0xbf, 0xff, 0x92, 0x0, 0x0, 0x6, 0x97, 0x10,
    0x0, 0x0, 0x0, 0x1, 0xaf, 0xff, 0xff, 0xa2,
    0x0, 0xaf, 0xef, 0xd0, 0x0, 0x0, 0x0, 0x0,
    0x1, 0x9f, 0xff, 0xfc, 0x2, 0xf8, 0x3, 0xf6,
    0x0, 0x0, 0x0, 0x0, 0x0, 0x2, 0xef, 0xff,
    0x24, 0xf4, 0x0, 0xf8, 0x0, 0x0, 0x0, 0x0,
    0x0, 0xb, 0xff, 0xf7, 0x0, 0xed, 0x6b, 0xf3,
    0x0, 0x0, 0x0, 0x0, 0x0, 0x4, 0xfe, 0x30,
    0x0, 0x3d, 0xff, 0x60, 0x0, 0x0, 0x0, 0x0,
    0x5, 0x40, 0x31, 0x0, 0x0, 0x0, 0x10, 0x0,
    0x0, 0x0, 0x0, 0x0, 0x8f, 0xf4, 0x0, 0x0,
    0x0, 0x0, 0x0, 0x0, 0x0, 0x0, 0x0, 0x1,
    0xdf, 0xff, 0x40, 0x0, 0x0, 0x72, 0x0, 0x0,
    0x0, 0x0, 0x0, 0x0, 0xa, 0xff, 0xf3, 0x0,
    0x5e, 0xfc, 0x0, 0x0, 0x0, 0x0, 0x0, 0x10,
    0x0, 0xbf, 0xfe, 0x10, 0x1f, 0xff, 0x60, 0x0,
    0x0, 0x0, 0x7, 0xf2, 0x0, 0xd, 0xff, 0xc0,
    0x6, 0xff, 0xe1, 0x0, 0x0, 0x0, 0x9f, 0xfd,
    0x0, 0x3, 0xff, 0xf4, 0x0, 0xdf, 0xf8, 0x0,
    0x0, 0x1c, 0xff, 0xfb, 0x0, 0x0, 0xbf, 0xfa,
    0x0, 0x5f, 0xff, 0x10, 0x6, 0xff, 0xff, 0xa0,
    0x0, 0x0, 0x7f, 0xfd, 0x0, 0xe, 0xff, 0x70,
    0x6f, 0xff, 0xf7, 0x13, 0x0, 0x0, 0xbf, 0xfe,
    0x0, 0x8, 0xff, 0xd0, 0xc, 0xfe, 0x40, 0x1f,
    0xfd, 0xdf, 0xff, 0xfb, 0x0, 0x2, 0xfb, 0x30,
    0x2, 0x91, 0x0, 0xe, 0xff, 0xff, 0xff, 0xf3,
    0x0, 0x0, 0x30, 0x0, 0x0, 0x0, 0x0, 0xa,
    0xff, 0xff, 0xfb, 0x30, 0x0, 0x0, 0x0, 0x0,
    0x0, 0x0, 0x0, 0x0, 0x1, 0x21, 0x0, 0x0,
    0x0, 0x0, 0x0, 0x0,

    /* U+3078 "へ" */
    0x0, 0x0, 0x0, 0x0, 0x0, 0x0, 0x0, 0x0,
    0x0, 0x0, 0x0, 0x0, 0x0, 0x0, 0x0, 0x0,
    0x6d, 0xd6, 0x0, 0x0, 0x0, 0x0, 0x0, 0x0,
    0x0, 0x0, 0x0, 0x8, 0xff, 0xff, 0x90, 0x0,
    0x0, 0x0, 0x0, 0x0, 0x0, 0x0, 0x0, 0x5f,
    0xff, 0xff, 0xf8, 0x0, 0x0, 0x0, 0x0, 0x0,
    0x0, 0x0, 0x3, 0xff, 0xff, 0xff, 0xff, 0x60,
    0x0, 0x0, 0x0, 0x0, 0x0, 0x0, 0x1e, 0xff,
    0xf3, 0x2e, 0xff, 0xf4, 0x0, 0x0, 0x0, 0x0,
    0x0, 0x0, 0xcf, 0xff, 0x50, 0x3, 0xff, 0xff,
    0x20, 0x0, 0x0, 0x0, 0x0, 0xa, 0xff, 0xf9,
    0x0, 0x0, 0x5f, 0xff, 0xe1, 0x0, 0x0, 0x0,
    0x0, 0x9f, 0xff, 0xd0, 0x0, 0x0, 0x8, 0xff,
    0xfd, 0x10, 0x0, 0x0, 0xa, 0xff, 0xff, 0x20,
    0x0, 0x0, 0x0, 0xbf, 0xff, 0xc0, 0x0, 0x0,
    0x7, 0xff, 0xf6, 0x0, 0x0, 0x0, 0x0, 0xd,
    0xff, 0xfc, 0x0, 0x0, 0x0, 0x7f, 0xb0, 0x0,
    0x0, 0x0, 0x0, 0x2, 0xef, 0xff, 0xc0, 0x0,
    0x0, 0x7, 0x10, 0x0, 0x0, 0x0, 0x0, 0x0,
    0x3f, 0xff, 0xfc, 0x10, 0x0, 0x0, 0x0, 0x0,
    0x0, 0x0, 0x0, 0x0, 0x4, 0xff, 0xff, 0xd0,
    0x0, 0x0, 0x0, 0x0, 0x0, 0x0, 0x0, 0x0,
    0x0, 0x5f, 0xff, 0x80, 0x0, 0x0, 0x0, 0x0,
    0x0, 0x0, 0x0, 0x0, 0x0, 0x6, 0xfa, 0x0,
    0x0, 0x0, 0x0, 0x0, 0x0, 0x0, 0x0, 0x0,
    0x0, 0x0, 0x50, 0x0,

    /* U+3079 "べ" */
    0x0, 0x0, 0x0, 0x0, 0x0, 0x0, 0x0, 0x0,
    0x0, 0x18, 0x70, 0x0, 0x0, 0x0, 0x0, 0x0,
    0x0, 0x0, 0x0, 0x0, 0x51, 0x8f, 0xf3, 0x0,
    0x0, 0x0, 0x0, 0x0, 0x17, 0x50, 0x0, 0xc,
    0xfb, 0xd, 0xfc, 0x0, 0x0, 0x0, 0x0, 0x4,
    0xff, 0xfd, 0x10, 0x4, 0xff, 0x44, 0xff, 0x50,
    0x0, 0x0, 0x0, 0x3f, 0xff, 0xff, 0xd1, 0x0,
    0xbf, 0xd0, 0x96, 0x0, 0x0, 0x0, 0x1, 0xef,
    0xff, 0xff, 0xfc, 0x0, 0x3f, 0xa1, 0x0, 0x0,
    0x0, 0x0, 0xc, 0xff, 0xf6, 0x9f, 0xff, 0xb0,
    0x1, 0x0, 0x0, 0x0, 0x0, 0x0, 0xaf, 0xff,
    0x60, 0xa, 0xff, 0xf9, 0x0, 0x0, 0x0, 0x0,
    0x0, 0x7, 0xff, 0xfa, 0x0, 0x0, 0xcf, 0xff,
    0x70, 0x0, 0x0, 0x0, 0x0, 0x5f, 0xff, 0xd0,
    0x0, 0x0, 0x1e, 0xff, 0xf5, 0x0, 0x0, 0x0,
    0x6, 0xff, 0xff, 0x20, 0x0, 0x0, 0x2, 0xff,
    0xff, 0x40, 0x0, 0x0, 0x1e, 0xff, 0xf6, 0x0,
    0x0, 0x0, 0x0, 0x5f, 0xff, 0xf4, 0x0, 0x0,
    0x2, 0xef, 0xb0, 0x0, 0x0, 0x0, 0x0, 0x7,
    0xff, 0xff, 0x40, 0x0, 0x0, 0x3e, 0x10, 0x0,
    0x0, 0x0, 0x0, 0x0, 0x9f, 0xff, 0xf4, 0x0,
    0x0, 0x0, 0x0, 0x0, 0x0, 0x0, 0x0, 0x0,
    0xb, 0xff, 0xff, 0x50, 0x0, 0x0, 0x0, 0x0,
    0x0, 0x0, 0x0, 0x0, 0x0, 0xdf, 0xff, 0xb0,
    0x0, 0x0, 0x0, 0x0, 0x0, 0x0, 0x0, 0x0,
    0x0, 0x1d, 0xfc, 0x0, 0x0, 0x0, 0x0, 0x0,
    0x0, 0x0, 0x0, 0x0, 0x0, 0x2, 0xb1, 0x0,

    /* U+307A "ぺ" */
    0x0, 0x0, 0x0, 0x0, 0x0, 0x0, 0x0, 0x0,
    0x4, 0x97, 0x10, 0x0, 0x0, 0x0, 0x0, 0x0,
    0x0, 0x0, 0x0, 0x0, 0x9f, 0xff, 0xe2, 0x0,
    0x0, 0x0, 0x0, 0x0, 0x17, 0x50, 0x0, 0x2,
    0xfa, 0x14, 0xfb, 0x0, 0x0, 0x0, 0x0, 0x4,
    0xff, 0xfd, 0x10, 0x5, 0xf4, 0x0, 0xce, 0x0,
    0x0, 0x0, 0x0, 0x3f, 0xff, 0xff, 0xd1, 0x2,
    0xfa, 0x2, 0xfb, 0x0, 0x0, 0x0, 0x1, 0xef,
    0xff, 0xff, 0xfc, 0x0, 0xaf, 0xff, 0xf3, 0x0,
    0x0, 0x0, 0xc, 0xff, 0xf6, 0x9f, 0xff, 0xb0,
    0x5, 0x98, 0x20, 0x0, 0x0, 0x0, 0xaf, 0xff,
    0x60, 0xa, 0xff, 0xf9, 0x0, 0x0, 0x0, 0x0,
    0x0, 0x7, 0xff, 0xfa, 0x0, 0x0, 0xcf, 0xff,
    0x70, 0x0, 0x0, 0x0, 0x0, 0x5f, 0xff, 0xd0,
    0x0, 0x0, 0x1e, 0xff, 0xf5, 0x0, 0x0, 0x0,
    0x6, 0xff, 0xff, 0x20, 0x0, 0x0, 0x2, 0xff,
    0xff, 0x40, 0x0, 0x0, 0x1e, 0xff, 0xf6, 0x0,
    0x0, 0x0, 0x0, 0x5f, 0xff, 0xf4, 0x0, 0x0,
    0x2, 0xef, 0xb0, 0x0, 0x0, 0x0, 0x0, 0x7,
    0xff, 0xff, 0x40, 0x0, 0x0, 0x3e, 0x10, 0x0,
    0x0, 0x0, 0x0, 0x0, 0x9f, 0xff, 0xf4, 0x0,
    0x0, 0x0, 0x0, 0x0, 0x0, 0x0, 0x0, 0x0,
    0xb, 0xff, 0xff, 0x50, 0x0, 0x0, 0x0, 0x0,
    0x0, 0x0, 0x0, 0x0, 0x0, 0xdf, 0xff, 0xb0,
    0x0, 0x0, 0x0, 0x0, 0x0, 0x0, 0x0, 0x0,
    0x0, 0x1d, 0xfc, 0x0, 0x0, 0x0, 0x0, 0x0,
    0x0, 0x0, 0x0, 0x0, 0x0, 0x2, 0xb1, 0x0,

    /* U+307B "ほ" */
    0x7, 0xb9, 0x50, 0x0, 0x0, 0x0, 0x0, 0x0,
    0x0, 0x0, 0x0, 0xb, 0xff, 0x70, 0x0, 0xba,
    0x99, 0x99, 0xaa, 0xbd, 0xf7, 0x0, 0xd, 0xff,
    0x30, 0x0, 0xff, 0xff, 0xff, 0xff, 0xff, 0xf7,
    0x0, 0xf, 0xff, 0x0, 0x0, 0xef, 0xff, 0xff,
    0xff, 0xdc, 0xb4, 0x0, 0x1f, 0xfd, 0x0, 0x0,
    0x0, 0x0, 0xe, 0xfe, 0x0, 0x0, 0x0, 0x3f,
    0xfb, 0x0, 0x0, 0x0, 0x0, 0xe, 0xfe, 0x0,
    0x0, 0x0, 0x5f, 0xf9, 0x0, 0x0, 0x21, 0x0,
    0xe, 0xfe, 0x24, 0x57, 0x0, 0x7f, 0xf7, 0x0,
    0x5, 0xff, 0xff, 0xff, 0xff, 0xff, 0xff, 0x0,
    0x9f, 0xf5, 0x0, 0x5, 0xff, 0xff, 0xff, 0xff,
    0xff, 0xff, 0x0, 0xaf, 0xf3, 0x0, 0x3, 0x9a,
    0xaa, 0xaf, 0xff, 0x87, 0x64, 0x0, 0xbf, 0xf2,
    0x0, 0x0, 0x0, 0x0, 0xd, 0xff, 0x0, 0x0,
    0x0, 0xbf, 0xf1, 0x90, 0x0, 0x0, 0x0, 0xc,
    0xff, 0x0, 0x0, 0x0, 0xcf, 0xf6, 0xf9, 0x0,
    0x1, 0x46, 0x5d, 0xff, 0x0, 0x0, 0x0, 0xcf,
    0xfd, 0xf5, 0x0, 0xaf, 0xff, 0xff, 0xff, 0x81,
    0x0, 0x0, 0xbf, 0xff, 0xf0, 0xb, 0xff, 0xfd,
    0xef, 0xff, 0xff, 0x80, 0x0, 0xaf, 0xff, 0xb0,
    0x2f, 0xfb, 0x0, 0xb, 0xff, 0xff, 0xfd, 0x20,
    0x8f, 0xff, 0x60, 0x3f, 0xfa, 0x0, 0xe, 0xff,
    0xaf, 0xff, 0xc0, 0x6f, 0xff, 0x20, 0xf, 0xff,
    0xdb, 0xef, 0xff, 0x13, 0xef, 0x40, 0x3f, 0xff,
    0x0, 0x6, 0xff, 0xff, 0xff, 0xf9, 0x0, 0x17,
    0x0, 0xf, 0xfe, 0x0, 0x0, 0x3a, 0xef, 0xfc,
    0x70, 0x0, 0x0, 0x0, 0x2, 0x10, 0x0, 0x0,
    0x0, 0x0, 0x0, 0x0, 0x0, 0x0, 0x0,

    /* U+307C "ぼ" */
    0x0, 0x0, 0x0, 0x0, 0x0, 0x0, 0x0, 0x0,
    0x0, 0x0, 0x1, 0x0, 0x0, 0x0, 0x0, 0x0,
    0x0, 0x0, 0x0, 0x0, 0x0, 0x32, 0x9f, 0x10,
    0x0, 0x75, 0x40, 0x0, 0x0, 0x0, 0x0, 0x0,
    0x2, 0xfa, 0x5f, 0x70, 0x2, 0xff, 0xf1, 0x0,
    0x16, 0x54, 0x44, 0x45, 0x67, 0xff, 0x1f, 0xd0,
    0x3, 0xff, 0xd0, 0x0, 0x4f, 0xff, 0xff, 0xff,
    0xff, 0xff, 0x65, 0x30, 0x6, 0xff, 0x90, 0x0,
    0x4f, 0xff, 0xff, 0xff, 0xff, 0xf5, 0x0, 0x0,
    0x8, 0xff, 0x60, 0x0, 0x4, 0x44, 0x46, 0xff,
    0xa2, 0x0, 0x0, 0x0, 0xa, 0xff, 0x40, 0x0,
    0x0, 0x0, 0x2, 0xff, 0x90, 0x0, 0x0, 0x0,
    0xc, 0xff, 0x20, 0x0, 0x0, 0x0, 0x2, 0xff,
    0x90, 0x0, 0x10, 0x0, 0xe, 0xff, 0x0, 0x0,
    0x7c, 0xbb, 0xab, 0xff, 0xed, 0xff, 0xa0, 0x0,
    0xf, 0xfe, 0x0, 0x0, 0x9f, 0xff, 0xff, 0xff,
    0xff, 0xff, 0xa0, 0x0, 0x1f, 0xfc, 0x0, 0x0,
    0x8f, 0xff, 0xff, 0xff, 0xfd, 0xcb, 0x60, 0x0,
    0x2f, 0xfb, 0x0, 0x0, 0x0, 0x0, 0x2, 0xff,
    0xa0, 0x0, 0x0, 0x0, 0x3f, 0xfa, 0x32, 0x0,
    0x0, 0x0, 0x1, 0xff, 0xa0, 0x0, 0x0, 0x0,
    0x3f, 0xf9, 0xbf, 0x20, 0x0, 0x3, 0x33, 0xff,
    0xb0, 0x0, 0x0, 0x0, 0x3f, 0xfc, 0xfe, 0x0,
    0x2b, 0xff, 0xff, 0xff, 0xe3, 0x0, 0x0, 0x0,
    0x3f, 0xff, 0xf9, 0x2, 0xff, 0xff, 0xff, 0xff,
    0xff, 0xc3, 0x0, 0x0, 0x2f, 0xff, 0xf4, 0x9,
    0xff, 0x70, 0x2, 0xff, 0xff, 0xff, 0x80, 0x0,
    0xf, 0xff, 0xf0, 0xb, 0xff, 0x10, 0x2, 0xff,
    0xfd, 0xff, 0xf8, 0x0, 0xe, 0xff, 0xb0, 0x8,
    0xff, 0xe9, 0x9e, 0xff, 0xc0, 0x8f, 0xf1, 0x0,
    0xb, 0xff, 0x70, 0x1, 0xef, 0xff, 0xff, 0xff,
    0x60, 0x5, 0x60, 0x0, 0x8, 0xff, 0x60, 0x0,
    0x19, 0xef, 0xff, 0xd6, 0x0, 0x0, 0x0, 0x0,
    0x1, 0x43, 0x10, 0x0, 0x0, 0x1, 0x21, 0x0,
    0x0, 0x0, 0x0, 0x0,

    /* U+307D "ぽ" */
    0x0, 0x0, 0x0, 0x0, 0x0, 0x0, 0x0, 0x0,
    0x0, 0x1a, 0xda, 0x10, 0x0, 0x0, 0x0, 0x0,
    0x0, 0x0, 0x0, 0x0, 0x0, 0xbe, 0x9e, 0xb0,
    0x1, 0x65, 0x40, 0x0, 0x0, 0x0, 0x0, 0x0,
    0x0, 0xf7, 0x7, 0xf0, 0x4, 0xff, 0xf1, 0x0,
    0x16, 0x54, 0x44, 0x45, 0x67, 0xfb, 0x2b, 0xe0,
    0x6, 0xff, 0xd0, 0x0, 0x4f, 0xff, 0xff, 0xff,
    0xff, 0xff, 0xff, 0x50, 0x8, 0xff, 0x90, 0x0,
    0x4f, 0xff, 0xff, 0xff, 0xff, 0xf5, 0x41, 0x0,
    0xa, 0xff, 0x60, 0x0, 0x4, 0x44, 0x46, 0xff,
    0xa2, 0x0, 0x0, 0x0, 0xc, 0xff, 0x40, 0x0,
    0x0, 0x0, 0x2, 0xff, 0x90, 0x0, 0x0, 0x0,
    0xd, 0xff, 0x20, 0x0, 0x0, 0x0, 0x2, 0xff,
    0x90, 0x0, 0x10, 0x0, 0xf, 0xff, 0x0, 0x0,
    0x7c, 0xbb, 0xab, 0xff, 0xed, 0xff, 0xa0, 0x0,
    0xf, 0xfe, 0x0, 0x0, 0x9f, 0xff, 0xff, 0xff,
    0xff, 0xff, 0xa0, 0x0, 0x1f, 0xfc, 0x0, 0x0,
    0x8f, 0xff, 0xff, 0xff, 0xfd, 0xcb, 0x60, 0x0,
    0x2f, 0xfb, 0x0, 0x0, 0x0, 0x0, 0x2, 0xff,
    0xa0, 0x0, 0x0, 0x0, 0x3f, 0xfa, 0x32, 0x0,
    0x0, 0x0, 0x1, 0xff, 0xa0, 0x0, 0x0, 0x0,
    0x3f, 0xf9, 0xbf, 0x20, 0x0, 0x13, 0x33, 0xff,
    0xb0, 0x0, 0x0, 0x0, 0x3f, 0xfc, 0xfe, 0x0,
    0x2b, 0xff, 0xff, 0xff, 0xe2, 0x0, 0x0, 0x0,
    0x3f, 0xff, 0xf9, 0x2, 0xff, 0xff, 0xff, 0xff,
    0xff, 0xb2, 0x0, 0x0, 0x2f, 0xff, 0xf4, 0x9,
    0xff, 0x70, 0x2, 0xff, 0xff, 0xff, 0x60, 0x0,
    0xf, 0xff, 0xf0, 0xb, 0xff, 0x10, 0x2, 0xff,
    0xfd, 0xff, 0xf5, 0x0, 0xf, 0xff, 0xb0, 0x8,
    0xff, 0xe9, 0x9e, 0xff, 0xc0, 0x8f, 0xe0, 0x0,
    0xc, 0xff, 0x70, 0x1, 0xef, 0xff, 0xff, 0xff,
    0x60, 0x5, 0x60, 0x0, 0x9, 0xff, 0x60, 0x0,
    0x19, 0xef, 0xff, 0xd6, 0x0, 0x0, 0x0, 0x0,
    0x2, 0x43, 0x10, 0x0, 0x0, 0x1, 0x21, 0x0,
    0x0, 0x0, 0x0, 0x0,

    /* U+307E "ま" */
    0x0, 0x0, 0x0, 0x0, 0x66, 0x60, 0x0, 0x0,
    0x0, 0x0, 0x0, 0x0, 0x0, 0xff, 0xf0, 0x0,
    0x0, 0x0, 0x1, 0x0, 0x0, 0x0, 0xff, 0xf0,
    0x0, 0x2, 0x40, 0xd, 0xfd, 0xca, 0xaa, 0xff,
    0xfc, 0xde, 0xff, 0xf0, 0xc, 0xff, 0xff, 0xff,
    0xff, 0xff, 0xff, 0xff, 0xf0, 0x7, 0xbd, 0xef,
    0xff, 0xff, 0xfe, 0xdc, 0xa9, 0x70, 0x0, 0x0,
    0x0, 0x0, 0xff, 0xe0, 0x0, 0x0, 0x0, 0x0,
    0x0, 0x0, 0x0, 0xff, 0xe0, 0x0, 0x0, 0x10,
    0xd, 0xcb, 0x98, 0x88, 0xff, 0xfa, 0xbc, 0xef,
    0xf4, 0xf, 0xff, 0xff, 0xff, 0xff, 0xff, 0xff,
    0xff, 0xf4, 0xd, 0xff, 0xff, 0xff, 0xff, 0xff,
    0xff, 0xed, 0xb2, 0x0, 0x0, 0x12, 0x22, 0xff,
    0xf1, 0x0, 0x0, 0x0, 0x0, 0x0, 0x0, 0x0,
    0xff, 0xf0, 0x0, 0x0, 0x0, 0x0, 0x0, 0x58,
    0x99, 0xff, 0xf0, 0x0, 0x0, 0x0, 0x0, 0x6e,
    0xff, 0xff, 0xff, 0xfd, 0x70, 0x0, 0x0, 0x5,
    0xff, 0xff, 0xde, 0xff, 0xff, 0xfe, 0x60, 0x0,
    0xe, 0xff, 0x60, 0x0, 0xcf, 0xff, 0xff, 0xfc,
    0x20, 0x1f, 0xfd, 0x0, 0x0, 0xcf, 0xf7, 0xdf,
    0xff, 0xf5, 0xf, 0xff, 0x20, 0x1, 0xef, 0xf4,
    0x8, 0xff, 0xf8, 0xb, 0xff, 0xfc, 0xbf, 0xff,
    0xf1, 0x0, 0x5f, 0xd0, 0x2, 0xef, 0xff, 0xff,
    0xff, 0x70, 0x0, 0x4, 0x40, 0x0, 0x17, 0xcf,
    0xff, 0xc5, 0x0, 0x0, 0x0, 0x0,

    /* U+307F "み" */
    0x0, 0x0, 0x10, 0x0, 0x11, 0x24, 0x71, 0x0,
    0x0, 0x0, 0x0, 0x0, 0x0, 0xd, 0xff, 0xff,
    0xff, 0xff, 0xe3, 0x0, 0x0, 0x0, 0x0, 0x0,
    0x0, 0xdf, 0xff, 0xff, 0xff, 0xff, 0x30, 0x0,
    0x0, 0x0, 0x0, 0x0, 0xb, 0xdc, 0xba, 0xae,
    0xff, 0x90, 0x0, 0x0, 0x0, 0x0, 0x0, 0x0,
    0x0, 0x0, 0x1, 0xff, 0xf1, 0x0, 0x0, 0x0,
    0x0, 0x0, 0x0, 0x0, 0x0, 0x0, 0x8f, 0xf9,
    0x0, 0x0, 0x0, 0x0, 0x0, 0x0, 0x0, 0x0,
    0x0, 0xf, 0xff, 0x20, 0x0, 0x2c, 0xa7, 0x0,
    0x0, 0x0, 0x0, 0x0, 0x7, 0xff, 0xb0, 0x0,
    0x2, 0xff, 0xd0, 0x0, 0x0, 0x0, 0x4a, 0xef,
    0xff, 0xff, 0xc8, 0x30, 0x3f, 0xfc, 0x0, 0x0,
    0x2, 0xcf, 0xff, 0xff, 0xff, 0xff, 0xff, 0xeb,
    0xff, 0xa0, 0x0, 0x3, 0xef, 0xff, 0xcf, 0xff,
    0xcd, 0xff, 0xff, 0xff, 0xf8, 0x0, 0x0, 0xdf,
    0xfa, 0x13, 0xff, 0xe0, 0x1, 0x6c, 0xff, 0xff,
    0xf7, 0x0, 0x6f, 0xf9, 0x0, 0xbf, 0xf8, 0x0,
    0x0, 0x5, 0xff, 0xff, 0xfc, 0xb, 0xff, 0x10,
    0x3f, 0xff, 0x10, 0x0, 0x0, 0x6f, 0xff, 0xff,
    0x90, 0xcf, 0xf2, 0xd, 0xff, 0x90, 0x0, 0x0,
    0x1e, 0xff, 0x8c, 0xf2, 0xb, 0xff, 0xee, 0xff,
    0xf1, 0x0, 0x0, 0xb, 0xff, 0xe0, 0x5, 0x0,
    0x5f, 0xff, 0xff, 0xf7, 0x0, 0x0, 0x1b, 0xff,
    0xf5, 0x0, 0x0, 0x0, 0x7f, 0xff, 0xf7, 0x0,
    0x0, 0x5e, 0xff, 0xf8, 0x0, 0x0, 0x0, 0x0,
    0x14, 0x41, 0x0, 0x0, 0xaf, 0xff, 0xf8, 0x0,
    0x0, 0x0, 0x0, 0x0, 0x0, 0x0, 0x0, 0x0,
    0xbf, 0xe4, 0x0, 0x0, 0x0, 0x0, 0x0, 0x0,
    0x0, 0x0, 0x0, 0x0, 0x50, 0x0, 0x0, 0x0,
    0x0, 0x0,

    /* U+3080 "む" */
    0x0, 0x0, 0x3, 0x55, 0x30, 0x0, 0x0, 0x0,
    0x0, 0x0, 0x0, 0x0, 0x0, 0x9, 0xff, 0x80,
    0x0, 0x0, 0x0, 0x0, 0x0, 0x0, 0x0, 0x0,
    0x8, 0xff, 0x60, 0x0, 0x10, 0x0, 0x0, 0x0,
    0x0, 0x6, 0x43, 0x29, 0xff, 0xa8, 0xbe, 0xa0,
    0x2, 0xe8, 0x0, 0x0, 0xf, 0xff, 0xff, 0xff,
    0xff, 0xff, 0xa0, 0x1e, 0xff, 0xa0, 0x0, 0xf,
    0xff, 0xff, 0xff, 0xff, 0xfe, 0x70, 0x8, 0xff,
    0xfc, 0x0, 0x6, 0x78, 0x8c, 0xff, 0x93, 0x10,
    0x0, 0x0, 0x7f, 0xff, 0xc0, 0x0, 0x0, 0x7,
    0xff, 0x60, 0x0, 0x0, 0x0, 0x6, 0xff, 0xf7,
    0x0, 0x7, 0xce, 0xff, 0x60, 0x0, 0x0, 0x0,
    0x0, 0x6f, 0x90, 0x0, 0xbf, 0xff, 0xff, 0x80,
    0x0, 0x0, 0x0, 0x0, 0x4, 0x0, 0x7, 0xff,
    0xb9, 0xff, 0xe0, 0x0, 0x0, 0x0, 0x0, 0x0,
    0x0, 0xd, 0xfc, 0x0, 0xbf, 0xf1, 0x0, 0x0,
    0x0, 0x0, 0x0, 0x0, 0xf, 0xf8, 0x0, 0xbf,
    0xf0, 0x0, 0x0, 0x0, 0x30, 0x0, 0x0, 0xf,
    0xf9, 0x0, 0xef, 0xe0, 0x0, 0x0, 0x0, 0xcf,
    0xb3, 0x0, 0xe, 0xff, 0xac, 0xff, 0x90, 0x0,
    0x0, 0x0, 0xbf, 0xf7, 0x0, 0x8, 0xff, 0xff,
    0xff, 0x10, 0x0, 0x0, 0x0, 0xbf, 0xf6, 0x0,
    0x0, 0x9f, 0xff, 0xfd, 0x0, 0x0, 0x0, 0x0,
    0xef, 0xf6, 0x0, 0x0, 0x1, 0x5f, 0xff, 0x10,
    0x0, 0x0, 0x2a, 0xff, 0xf3, 0x0, 0x0, 0x0,
    0xf, 0xff, 0xfc, 0xbb, 0xce, 0xff, 0xff, 0xd0,
    0x0, 0x0, 0x0, 0xb, 0xff, 0xff, 0xff, 0xff,
    0xff, 0xfe, 0x30, 0x0, 0x0, 0x0, 0x1, 0x9e,
    0xff, 0xff, 0xff, 0xeb, 0x60, 0x0, 0x0, 0x0,
    0x0, 0x0, 0x0, 0x12, 0x32, 0x10, 0x0, 0x0,
    0x0, 0x0,

    /* U+3081 "め" */
    0x0, 0x0, 0x0, 0x0, 0x0, 0x0, 0x10, 0x0,
    0x0, 0x0, 0x0, 0x0, 0x0, 0x0, 0x0, 0x0,
    0x0, 0xbf, 0xe7, 0x0, 0x0, 0x0, 0x0, 0x16,
    0xb9, 0x0, 0x0, 0x0, 0xcf, 0xf5, 0x0, 0x0,
    0x0, 0x0, 0x6f, 0xfd, 0x0, 0x0, 0x0, 0xff,
    0xf1, 0x0, 0x0, 0x0, 0x0, 0xf, 0xff, 0x10,
    0x15, 0x8b, 0xff, 0xf4, 0x0, 0x0, 0x0, 0x0,
    0xa, 0xff, 0x9b, 0xff, 0xff, 0xff, 0xff, 0xe6,
    0x0, 0x0, 0x0, 0x5, 0xff, 0xff, 0xff, 0xff,
    0xff, 0xff, 0xff, 0x90, 0x0, 0x0, 0x3, 0xff,
    0xff, 0xc6, 0x2f, 0xff, 0x5c, 0xff, 0xf8, 0x0,
    0x0, 0x2e, 0xff, 0xf8, 0x0, 0x4f, 0xfb, 0x0,
    0x8f, 0xff, 0x20, 0x0, 0xcf, 0xff, 0xfc, 0x0,
    0xaf, 0xf6, 0x0, 0xc, 0xff, 0x90, 0x6, 0xff,
    0xce, 0xff, 0x21, 0xff, 0xf1, 0x0, 0x4, 0xff,
    0xe0, 0xd, 0xff, 0x27, 0xff, 0xa9, 0xff, 0xa0,
    0x0, 0x0, 0xff, 0xf0, 0x3f, 0xfb, 0x1, 0xff,
    0xff, 0xff, 0x30, 0x0, 0x0, 0xff, 0xf1, 0x6f,
    0xf6, 0x0, 0x8f, 0xff, 0xfb, 0x0, 0x0, 0x0,
    0xff, 0xf1, 0x8f, 0xf4, 0x0, 0x1f, 0xff, 0xf2,
    0x0, 0x0, 0x5, 0xff, 0xf0, 0x8f, 0xf5, 0x0,
    0x5f, 0xff, 0xf7, 0x0, 0x0, 0xc, 0xff, 0xb0,
    0x6f, 0xfd, 0x48, 0xff, 0xff, 0xfd, 0x0, 0x0,
    0x9f, 0xff, 0x40, 0x2f, 0xff, 0xff, 0xff, 0xbd,
    0xa0, 0x0, 0x3c, 0xff, 0xfb, 0x0, 0x8, 0xff,
    0xff, 0xfa, 0x1, 0x16, 0x9d, 0xff, 0xff, 0xd1,
    0x0, 0x0, 0x5c, 0xdb, 0x50, 0x0, 0xc, 0xff,
    0xff, 0xfa, 0x0, 0x0, 0x0, 0x0, 0x0, 0x0,
    0x0, 0x2, 0xff, 0xfb, 0x30, 0x0, 0x0, 0x0,
    0x0, 0x0, 0x0, 0x0, 0x0, 0x44, 0x0, 0x0,
    0x0, 0x0,

    /* U+3082 "も" */
    0x0, 0x0, 0x0, 0x43, 0x20, 0x0, 0x0, 0x0,
    0x0, 0x0, 0x0, 0x0, 0x1, 0xff, 0xf1, 0x0,
    0x0, 0x0, 0x0, 0x0, 0x0, 0x0, 0x2, 0xff,
    0xe0, 0x0, 0x0, 0x0, 0x0, 0x0, 0x0, 0x0,
    0x3, 0xff, 0xc0, 0x0, 0x0, 0x0, 0x0, 0x0,
    0x5e, 0xb8, 0x58, 0xff, 0xa2, 0x34, 0x60, 0x0,
    0x0, 0x0, 0x6f, 0xff, 0xff, 0xff, 0xff, 0xff,
    0xe0, 0x0, 0x0, 0x0, 0x4d, 0xff, 0xff, 0xff,
    0xff, 0xff, 0xe0, 0x0, 0x0, 0x0, 0x0, 0x3,
    0x5d, 0xff, 0xb9, 0x87, 0x50, 0x0, 0x0, 0x0,
    0x0, 0x0, 0xc, 0xff, 0x10, 0x0, 0x0, 0x0,
    0x0, 0x0, 0x0, 0x0, 0xe, 0xff, 0x0, 0x0,
    0x0, 0x0, 0x41, 0x0, 0xdc, 0x86, 0x4f, 0xfe,
    0x11, 0x23, 0x31, 0xcf, 0xfa, 0x0, 0xef, 0xff,
    0xff, 0xff, 0xff, 0xff, 0xb0, 0x4f, 0xff, 0x40,
    0xdf, 0xff, 0xff, 0xff, 0xff, 0xff, 0xb0, 0xa,
    0xff, 0xc0, 0x1, 0x46, 0xbf, 0xfd, 0xbb, 0xa9,
    0x50, 0x2, 0xff, 0xf1, 0x0, 0x0, 0x7f, 0xf7,
    0x0, 0x0, 0x0, 0x0, 0xef, 0xf5, 0x0, 0x0,
    0x8f, 0xf6, 0x0, 0x0, 0x0, 0x0, 0xef, 0xf6,
    0x0, 0x0, 0x8f, 0xf7, 0x0, 0x0, 0x0, 0x2,
    0xff, 0xf5, 0x0, 0x0, 0x7f, 0xfd, 0x0, 0x0,
    0x0, 0x1c, 0xff, 0xf1, 0x0, 0x0, 0x3f, 0xff,
    0xb4, 0x11, 0x37, 0xef, 0xff, 0x90, 0x0, 0x0,
    0xb, 0xff, 0xff, 0xff, 0xff, 0xff, 0xfc, 0x0,
    0x0, 0x0, 0x1, 0xcf, 0xff, 0xff, 0xff, 0xff,
    0x90, 0x0, 0x0, 0x0, 0x0, 0x6, 0xbe, 0xff,
    0xec, 0x82, 0x0, 0x0,

    /* U+3083 "ゃ" */
    0x0, 0x0, 0x0, 0x0, 0x2b, 0x40, 0x0, 0x0,
    0x0, 0x0, 0x0, 0x0, 0x0, 0x2e, 0xff, 0x50,
    0x0, 0x0, 0x0, 0x0, 0x5, 0xb7, 0x0, 0x7f,
    0xfe, 0x10, 0x0, 0x0, 0x0, 0x7, 0xff, 0xe0,
    0x0, 0x5c, 0x79, 0xba, 0x72, 0x0, 0x0, 0xc,
    0xff, 0x81, 0x7c, 0xff, 0xff, 0xff, 0xf6, 0x0,
    0x0, 0x3f, 0xff, 0xff, 0xff, 0xff, 0xff, 0xff,
    0xf3, 0x0, 0x16, 0xff, 0xff, 0xfe, 0x94, 0x0,
    0x1b, 0xff, 0x94, 0xbf, 0xff, 0xff, 0xf5, 0x0,
    0x0, 0x0, 0x4f, 0xfb, 0x3f, 0xff, 0xfe, 0xff,
    0x60, 0x0, 0x0, 0x9, 0xff, 0xa0, 0xbf, 0x91,
    0x5f, 0xfd, 0x6, 0xda, 0x9c, 0xff, 0xf5, 0x2,
    0x10, 0x0, 0xef, 0xf3, 0x7f, 0xff, 0xff, 0xfc,
    0x0, 0x0, 0x0, 0x8, 0xff, 0x94, 0xdf, 0xff,
    0xe8, 0x0, 0x0, 0x0, 0x0, 0x2f, 0xff, 0x0,
    0x2, 0x10, 0x0, 0x0, 0x0, 0x0, 0x0, 0xcf,
    0xf5, 0x0, 0x0, 0x0, 0x0, 0x0, 0x0, 0x0,
    0x7, 0xff, 0xa0, 0x0, 0x0, 0x0, 0x0, 0x0,
    0x0, 0x0, 0x2f, 0xff, 0x0, 0x0, 0x0, 0x0,
    0x0, 0x0, 0x0, 0x0, 0xdf, 0xf5, 0x0, 0x0,
    0x0, 0x0, 0x0, 0x0, 0x0, 0x8, 0xb7, 0x20,
    0x0, 0x0, 0x0,

    /* U+3084 "や" */
    0x0, 0x0, 0x0, 0x0, 0x0, 0x5c, 0x20, 0x0,
    0x0, 0x0, 0x0, 0x0, 0x0, 0x0, 0x0, 0x0,
    0x7f, 0xff, 0x40, 0x0, 0x0, 0x0, 0x0, 0x0,
    0x0, 0x39, 0x30, 0x0, 0xaf, 0xff, 0x50, 0x0,
    0x0, 0x0, 0x0, 0x0, 0xbf, 0xfc, 0x0, 0x0,
    0x9f, 0xf5, 0x1, 0x0, 0x0, 0x0, 0x0, 0x3,
    0xff, 0xf4, 0x0, 0x1, 0xdd, 0xef, 0xff, 0xd7,
    0x0, 0x0, 0x0, 0x9, 0xff, 0xc0, 0x4b, 0xff,
    0xff, 0xff, 0xff, 0xfd, 0x10, 0x0, 0x0, 0x1f,
    0xff, 0xef, 0xff, 0xff, 0xdb, 0xac, 0xff, 0xfb,
    0x0, 0x0, 0x2, 0xdf, 0xff, 0xff, 0xc7, 0x10,
    0x0, 0x5, 0xff, 0xf2, 0x1, 0x6c, 0xff, 0xff,
    0xfb, 0x30, 0x0, 0x0, 0x0, 0xd, 0xff, 0x50,
    0xef, 0xff, 0xff, 0xff, 0xa0, 0x0, 0x0, 0x0,
    0x0, 0xef, 0xf5, 0x6, 0xff, 0xe7, 0x4f, 0xff,
    0x10, 0x13, 0x0, 0x0, 0x8f, 0xff, 0x20, 0xd,
    0x70, 0x0, 0xcf, 0xf8, 0x3, 0xfe, 0xbb, 0xef,
    0xff, 0xb0, 0x0, 0x0, 0x0, 0x5, 0xff, 0xe0,
    0x4f, 0xff, 0xff, 0xff, 0xe2, 0x0, 0x0, 0x0,
    0x0, 0xf, 0xff, 0x42, 0xcf, 0xff, 0xff, 0x91,
    0x0, 0x0, 0x0, 0x0, 0x0, 0xaf, 0xfa, 0x0,
    0x2, 0x32, 0x0, 0x0, 0x0, 0x0, 0x0, 0x0,
    0x4, 0xff, 0xf1, 0x0, 0x0, 0x0, 0x0, 0x0,
    0x0, 0x0, 0x0, 0x0, 0xe, 0xff, 0x60, 0x0,
    0x0, 0x0, 0x0, 0x0, 0x0, 0x0, 0x0, 0x0,
    0xaf, 0xfc, 0x0, 0x0, 0x0, 0x0, 0x0, 0x0,
    0x0, 0x0, 0x0, 0x5, 0xff, 0xf1, 0x0, 0x0,
    0x0, 0x0, 0x0, 0x0, 0x0, 0x0, 0x0, 0xf,
    0xff, 0x60, 0x0, 0x0, 0x0, 0x0, 0x0, 0x0,
    0x0, 0x0, 0x0, 0xcf, 0xd6, 0x0, 0x0, 0x0,
    0x0, 0x0, 0x0, 0x0, 0x0, 0x0, 0x2, 0x10,
    0x0, 0x0, 0x0, 0x0, 0x0,

    /* U+3085 "ゅ" */
    0x0, 0x0, 0x0, 0x0, 0x22, 0x10, 0x0, 0x0,
    0x0, 0x0, 0x0, 0x0, 0x2f, 0xfb, 0x0, 0x0,
    0x0, 0x6f, 0xf7, 0x0, 0x0, 0xef, 0xd0, 0x0,
    0x0, 0x7, 0xff, 0x40, 0x1, 0x6e, 0xff, 0xda,
    0x50, 0x0, 0x9f, 0xf1, 0x7, 0xff, 0xff, 0xff,
    0xff, 0xc1, 0xb, 0xfe, 0xc, 0xff, 0xff, 0xff,
    0xcf, 0xff, 0xd0, 0xcf, 0xcb, 0xff, 0xa2, 0x7f,
    0xf3, 0x1c, 0xff, 0x7d, 0xff, 0xff, 0x60, 0x7,
    0xff, 0x30, 0x3f, 0xfc, 0xef, 0xff, 0x70, 0x0,
    0x7f, 0xf3, 0x0, 0xff, 0xee, 0xff, 0xd0, 0x31,
    0x8, 0xff, 0x30, 0xf, 0xfd, 0xef, 0xf7, 0x1e,
    0xa0, 0xaf, 0xf1, 0x5, 0xff, 0xac, 0xff, 0x37,
    0xff, 0xad, 0xff, 0x3, 0xef, 0xf5, 0xaf, 0xf2,
    0x1e, 0xff, 0xff, 0xfd, 0xff, 0xfc, 0x7, 0xff,
    0x40, 0x2e, 0xff, 0xff, 0xff, 0xfd, 0x10, 0x39,
    0x71, 0x0, 0x3f, 0xff, 0xff, 0xd7, 0x0, 0x0,
    0x0, 0x0, 0x1d, 0xff, 0xa2, 0x0, 0x0, 0x0,
    0x0, 0x0, 0x1e, 0xff, 0xe1, 0x0, 0x0, 0x0,
    0x0, 0x0, 0x0, 0x3c, 0xd2, 0x0, 0x0, 0x0,
    0x0, 0x0, 0x0, 0x0, 0x0, 0x0, 0x0, 0x0,
    0x0, 0x0,

    /* U+3086 "ゆ" */
    0x0, 0x0, 0x0, 0x0, 0x0, 0x77, 0x80, 0x0,
    0x0, 0x0, 0x0, 0x0, 0x0, 0x0, 0x0, 0xf,
    0xff, 0x20, 0x0, 0x0, 0x0, 0x7, 0xa9, 0x40,
    0x0, 0x0, 0xbf, 0xf4, 0x0, 0x0, 0x0, 0x0,
    0xbf, 0xf4, 0x0, 0x0, 0xa, 0xff, 0xa4, 0x10,
    0x0, 0x0, 0xd, 0xff, 0x10, 0x1, 0x8e, 0xff,
    0xff, 0xff, 0xa1, 0x0, 0x0, 0xef, 0xd0, 0x5,
    0xff, 0xff, 0xff, 0xff, 0xff, 0xe3, 0x0, 0xf,
    0xfb, 0x8, 0xff, 0xfc, 0x9f, 0xfc, 0x6e, 0xff,
    0xe1, 0x1, 0xff, 0x96, 0xff, 0xe4, 0x3, 0xff,
    0xb0, 0x1c, 0xff, 0x90, 0x3f, 0xfb, 0xff, 0xd1,
    0x0, 0x3f, 0xfb, 0x0, 0x3f, 0xff, 0x4, 0xff,
    0xff, 0xe1, 0x0, 0x2, 0xff, 0xc0, 0x0, 0xef,
    0xf2, 0x4f, 0xff, 0xf5, 0x0, 0x0, 0x3f, 0xfb,
    0x0, 0xc, 0xff, 0x34, 0xff, 0xfd, 0x0, 0x40,
    0x4, 0xff, 0xb0, 0x0, 0xdf, 0xf2, 0x3f, 0xff,
    0x60, 0x7f, 0x20, 0x5f, 0xf9, 0x0, 0x2f, 0xff,
    0x2, 0xff, 0xf2, 0x2f, 0xfd, 0x18, 0xff, 0x80,
    0xc, 0xff, 0xb0, 0xf, 0xff, 0x0, 0xbf, 0xfe,
    0xef, 0xf7, 0x6d, 0xff, 0xf3, 0x0, 0xef, 0xf1,
    0x1, 0xdf, 0xff, 0xff, 0xff, 0xff, 0xf7, 0x0,
    0xb, 0xff, 0x30, 0x1, 0xaf, 0xff, 0xff, 0xff,
    0xf6, 0x0, 0x0, 0x46, 0x40, 0x0, 0x2, 0xff,
    0xfd, 0xca, 0x60, 0x0, 0x0, 0x0, 0x0, 0x0,
    0x1, 0xdf, 0xfe, 0x0, 0x0, 0x0, 0x0, 0x0,
    0x0, 0x0, 0x3, 0xdf, 0xff, 0x40, 0x0, 0x0,
    0x0, 0x0, 0x0, 0x0, 0x0, 0x6e, 0xff, 0x70,
    0x0, 0x0, 0x0, 0x0, 0x0, 0x0, 0x0, 0x0,
    0x19, 0x60, 0x0, 0x0, 0x0, 0x0, 0x0,

    /* U+3087 "ょ" */
    0x0, 0x0, 0x0, 0x34, 0x42, 0x0, 0x0, 0x0,
    0x0, 0x0, 0x0, 0x9f, 0xf7, 0x0, 0x0, 0x0,
    0x0, 0x0, 0x0, 0x8f, 0xf6, 0x0, 0x0, 0x0,
    0x0, 0x0, 0x0, 0x7f, 0xf6, 0x0, 0x0, 0x10,
    0x0, 0x0, 0x0, 0x7f, 0xfe, 0xee, 0xff, 0xf0,
    0x0, 0x0, 0x0, 0x7f, 0xff, 0xff, 0xff, 0xf0,
    0x0, 0x0, 0x0, 0x7f, 0xfd, 0xbb, 0xa9, 0x80,
    0x0, 0x0, 0x0, 0x7f, 0xf6, 0x0, 0x0, 0x0,
    0x0, 0x0, 0x0, 0x6f, 0xf6, 0x0, 0x0, 0x0,
    0x0, 0x0, 0x0, 0x6f, 0xf7, 0x0, 0x0, 0x0,
    0x0, 0x4, 0x78, 0xaf, 0xf8, 0x0, 0x0, 0x0,
    0x4, 0xef, 0xff, 0xff, 0xfe, 0x81, 0x0, 0x0,
    0x3f, 0xff, 0xed, 0xff, 0xff, 0xff, 0x80, 0x0,
    0x9f, 0xf5, 0x0, 0x3f, 0xff, 0xff, 0xfd, 0x30,
    0xaf, 0xf3, 0x0, 0x6f, 0xfc, 0x7f, 0xff, 0xf3,
    0x7f, 0xff, 0xbb, 0xff, 0xf9, 0x3, 0xef, 0xc0,
    0xc, 0xff, 0xff, 0xff, 0xf3, 0x0, 0x1d, 0x30,
    0x0, 0x6c, 0xef, 0xfb, 0x30, 0x0, 0x0, 0x0,

    /* U+3088 "よ" */
    0x0, 0x0, 0x0, 0x0, 0x34, 0x43, 0x0, 0x0,
    0x0, 0x0, 0x0, 0x0, 0x0, 0x0, 0xbf, 0xfb,
    0x0, 0x0, 0x0, 0x0, 0x0, 0x0, 0x0, 0x0,
    0x9f, 0xfa, 0x0, 0x0, 0x0, 0x0, 0x0, 0x0,
    0x0, 0x0, 0x9f, 0xf9, 0x0, 0x0, 0x0, 0x0,
    0x0, 0x0, 0x0, 0x0, 0x8f, 0xf9, 0x0, 0x0,
    0x0, 0x0, 0x0, 0x0, 0x0, 0x0, 0x8f, 0xfe,
    0xbb, 0xcd, 0xef, 0x40, 0x0, 0x0, 0x0, 0x0,
    0x8f, 0xff, 0xff, 0xff, 0xff, 0x50, 0x0, 0x0,
    0x0, 0x0, 0x8f, 0xff, 0xff, 0xff, 0xfe, 0x40,
    0x0, 0x0, 0x0, 0x0, 0x8f, 0xfa, 0x21, 0x0,
    0x0, 0x0, 0x0, 0x0, 0x0, 0x0, 0x7f, 0xfa,
    0x0, 0x0, 0x0, 0x0, 0x0, 0x0, 0x0, 0x0,
    0x7f, 0xfa, 0x0, 0x0, 0x0, 0x0, 0x0, 0x0,
    0x0, 0x0, 0x6f, 0xfb, 0x0, 0x0, 0x0, 0x0,
    0x0, 0x0, 0x36, 0x88, 0xbf, 0xfc, 0x0, 0x0,
    0x0, 0x0, 0x0, 0x4d, 0xff, 0xff, 0xff, 0xff,
    0x82, 0x0, 0x0, 0x0, 0x5, 0xff, 0xff, 0xff,
    0xff, 0xff, 0xff, 0xa2, 0x0, 0x0, 0xe, 0xff,
    0xb4, 0x22, 0x7f, 0xff, 0xff, 0xff, 0x80, 0x0,
    0x3f, 0xfe, 0x0, 0x0, 0x4f, 0xff, 0xcf, 0xff,
    0xfc, 0x10, 0x5f, 0xfd, 0x0, 0x0, 0x5f, 0xff,
    0x6, 0xff, 0xff, 0xd0, 0x3f, 0xff, 0x71, 0x1,
    0xcf, 0xff, 0x0, 0x3e, 0xff, 0xa0, 0xd, 0xff,
    0xff, 0xff, 0xff, 0xfb, 0x0, 0x1, 0xdf, 0x10,
    0x2, 0xef, 0xff, 0xff, 0xff, 0xe2, 0x0, 0x0,
    0x15, 0x0, 0x0, 0x7, 0xbe, 0xff, 0xd9, 0x10,
    0x0, 0x0, 0x0, 0x0,

    /* U+3089 "ら" */
    0x0, 0x0, 0x2, 0x0, 0x0, 0x0, 0x0, 0x0,
    0x0, 0x0, 0x0, 0x3f, 0xeb, 0x74, 0x10, 0x0,
    0x0, 0x0, 0x0, 0x0, 0x7f, 0xff, 0xff, 0xfe,
    0xb9, 0x40, 0x0, 0x0, 0x0, 0x7e, 0xff, 0xff,
    0xff, 0xff, 0x60, 0x0, 0x0, 0x0, 0x0, 0x15,
    0x8b, 0xef, 0xff, 0x20, 0x0, 0x1, 0xdb, 0x90,
    0x0, 0x0, 0x1, 0x46, 0x0, 0x0, 0x2, 0xff,
    0xf0, 0x0, 0x0, 0x0, 0x0, 0x0, 0x0, 0x4,
    0xff, 0xc0, 0x0, 0x0, 0x0, 0x0, 0x0, 0x0,
    0x5, 0xff, 0xa0, 0x0, 0x0, 0x12, 0x10, 0x0,
    0x0, 0x7, 0xff, 0x70, 0x28, 0xcf, 0xff, 0xfe,
    0x81, 0x0, 0x9, 0xff, 0x7a, 0xff, 0xff, 0xff,
    0xff, 0xfe, 0x40, 0xb, 0xff, 0xff, 0xff, 0xeb,
    0x99, 0xcf, 0xff, 0xf2, 0xd, 0xff, 0xff, 0xb3,
    0x0, 0x0, 0x4, 0xff, 0xf9, 0xf, 0xff, 0xf5,
    0x0, 0x0, 0x0, 0x0, 0x8f, 0xfe, 0x2f, 0xff,
    0x50, 0x0, 0x0, 0x0, 0x0, 0x6f, 0xff, 0x4,
    0x88, 0x0, 0x0, 0x0, 0x0, 0x0, 0x9f, 0xfd,
    0x0, 0x0, 0x0, 0x0, 0x0, 0x0, 0x4, 0xff,
    0xf9, 0x0, 0x0, 0x0, 0x0, 0x0, 0x3, 0x9f,
    0xff, 0xf3, 0x0, 0x3, 0xcb, 0xaa, 0xac, 0xef,
    0xff, 0xff, 0x70, 0x0, 0x0, 0xff, 0xff, 0xff,
    0xff, 0xff, 0xf6, 0x0, 0x0, 0x0, 0xaf, 0xff,
    0xff, 0xff, 0xc7, 0x10, 0x0, 0x0, 0x0, 0x24,
    0x55, 0x54, 0x30, 0x0, 0x0, 0x0,

    /* U+308A "り" */
    0x1, 0x21, 0x0, 0x0, 0x0, 0x0, 0x0, 0x0,
    0x8, 0xff, 0xa0, 0x0, 0x0, 0x0, 0x0, 0x0,
    0x9, 0xff, 0x60, 0x7, 0xce, 0xea, 0x20, 0x0,
    0xb, 0xff, 0x32, 0xdf, 0xff, 0xff, 0xf5, 0x0,
    0xd, 0xff, 0x3e, 0xff, 0xfe, 0xff, 0xff, 0x20,
    0xf, 0xfe, 0xdf, 0xf6, 0x0, 0x3e, 0xff, 0xb0,
    0x1f, 0xff, 0xff, 0x30, 0x0, 0x4, 0xff, 0xf2,
    0x3f, 0xff, 0xf6, 0x0, 0x0, 0x0, 0xef, 0xf6,
    0x4f, 0xff, 0xd0, 0x0, 0x0, 0x0, 0xaf, 0xf9,
    0x5f, 0xff, 0x60, 0x0, 0x0, 0x0, 0x8f, 0xfb,
    0x5f, 0xff, 0x10, 0x0, 0x0, 0x0, 0x8f, 0xfc,
    0x5f, 0xfd, 0x0, 0x0, 0x0, 0x0, 0x8f, 0xfb,
    0x5f, 0xfc, 0x0, 0x0, 0x0, 0x0, 0xaf, 0xfa,
    0x3f, 0xfc, 0x0, 0x0, 0x0, 0x0, 0xef, 0xf7,
    0x2f, 0xeb, 0x0, 0x0, 0x0, 0x4, 0xff, 0xf3,
    0x0, 0x0, 0x0, 0x0, 0x0, 0xd, 0xff, 0xc0,
    0x0, 0x0, 0x0, 0x0, 0x1, 0xcf, 0xff, 0x40,
    0x0, 0x0, 0x0, 0x0, 0x7e, 0xff, 0xf9, 0x0,
    0x0, 0x0, 0x36, 0xbf, 0xff, 0xff, 0x90, 0x0,
    0x0, 0x5, 0xff, 0xff, 0xff, 0xe6, 0x0, 0x0,
    0x0, 0x0, 0xaf, 0xff, 0xe7, 0x10, 0x0, 0x0,
    0x0, 0x0, 0x1a, 0x73, 0x0, 0x0, 0x0, 0x0,

    /* U+308B "る" */
    0x0, 0x0, 0x0, 0x0, 0x0, 0x0, 0x12, 0x35,
    0x0, 0x0, 0x0, 0x0, 0xdf, 0xff, 0xff, 0xff,
    0xff, 0xff, 0x90, 0x0, 0x0, 0x0, 0xcf, 0xff,
    0xff, 0xff, 0xff, 0xff, 0xf4, 0x0, 0x0, 0x0,
    0xce, 0xdc, 0xbb, 0xab, 0xff, 0xfe, 0x50, 0x0,
    0x0, 0x0, 0x0, 0x0, 0x0, 0x2d, 0xff, 0xb1,
    0x0, 0x0, 0x0, 0x0, 0x0, 0x0, 0x5, 0xff,
    0xf8, 0x0, 0x0, 0x0, 0x0, 0x0, 0x0, 0x0,
    0x8f, 0xfe, 0x40, 0x0, 0x0, 0x0, 0x0, 0x0,
    0x0, 0x1b, 0xff, 0xe7, 0x76, 0x40, 0x0, 0x0,
    0x0, 0x0, 0x2, 0xdf, 0xff, 0xff, 0xff, 0xff,
    0x91, 0x0, 0x0, 0x0, 0x4f, 0xff, 0xff, 0xfe,
    0xff, 0xff, 0xfe, 0x20, 0x0, 0x7, 0xff, 0xff,
    0x83, 0x0, 0x2, 0x7f, 0xff, 0xe1, 0x0, 0xaf,
    0xff, 0xa1, 0x0, 0x0, 0x0, 0x2, 0xef, 0xf8,
    0xb, 0xff, 0xf7, 0x0, 0x24, 0x30, 0x0, 0x0,
    0x6f, 0xfd, 0x2, 0xef, 0x60, 0x2c, 0xff, 0xff,
    0x90, 0x0, 0x3f, 0xff, 0x0, 0x36, 0x0, 0xdf,
    0xff, 0xff, 0xfb, 0x0, 0x4f, 0xfe, 0x0, 0x0,
    0x6, 0xff, 0x90, 0x3d, 0xff, 0x50, 0xaf, 0xfb,
    0x0, 0x0, 0x9, 0xff, 0x40, 0x4, 0xff, 0xb7,
    0xff, 0xf5, 0x0, 0x0, 0x7, 0xff, 0xd5, 0x22,
    0xff, 0xff, 0xff, 0xb0, 0x0, 0x0, 0x1, 0xef,
    0xff, 0xff, 0xff, 0xff, 0xfc, 0x10, 0x0, 0x0,
    0x0, 0x2b, 0xff, 0xff, 0xff, 0xfe, 0x70, 0x0,
    0x0, 0x0, 0x0, 0x0, 0x26, 0x89, 0x86, 0x30,
    0x0, 0x0,

    /* U+308C "れ" */
    0x0, 0x0, 0x4, 0x99, 0x80, 0x0, 0x0, 0x0,
    0x0, 0x0, 0x0, 0x0, 0x0, 0x0, 0x5f, 0xfd,
    0x0, 0x0, 0x0, 0x0, 0x0, 0x0, 0x0, 0x0,
    0x0, 0x5, 0xff, 0xb0, 0x0, 0x0, 0x0, 0x0,
    0x0, 0x0, 0x0, 0x0, 0x0, 0x6f, 0xf9, 0x0,
    0x0, 0x2, 0x20, 0x0, 0x0, 0x0, 0x14, 0x46,
    0x7c, 0xff, 0xe1, 0x1, 0x8e, 0xff, 0xf8, 0x0,
    0x0, 0x3, 0xff, 0xff, 0xff, 0xff, 0x26, 0xff,
    0xff, 0xff, 0xf6, 0x0, 0x0, 0x2f, 0xff, 0xff,
    0xff, 0x8b, 0xff, 0xfc, 0xbf, 0xff, 0xc0, 0x0,
    0x0, 0xb9, 0x75, 0xcf, 0xff, 0xff, 0xc2, 0x0,
    0x5f, 0xfe, 0x0, 0x0, 0x0, 0x0, 0xb, 0xff,
    0xff, 0x80, 0x0, 0x2, 0xff, 0xd0, 0x0, 0x0,
    0x0, 0x3, 0xff, 0xff, 0x60, 0x0, 0x0, 0x3f,
    0xfb, 0x0, 0x0, 0x0, 0x0, 0xdf, 0xff, 0x60,
    0x0, 0x0, 0x4, 0xff, 0x90, 0x0, 0x0, 0x0,
    0xaf, 0xff, 0xe0, 0x0, 0x0, 0x0, 0x7f, 0xf7,
    0x0, 0x0, 0x0, 0x6f, 0xff, 0xfd, 0x0, 0x0,
    0x0, 0x9, 0xff, 0x50, 0x0, 0x0, 0x2f, 0xff,
    0xff, 0xd0, 0x0, 0x0, 0x0, 0xbf, 0xf3, 0x0,
    0x0, 0xd, 0xff, 0xaf, 0xfd, 0x0, 0x0, 0x0,
    0xd, 0xff, 0x20, 0x0, 0xa, 0xff, 0xe1, 0xff,
    0xd0, 0x0, 0x0, 0x0, 0xff, 0xf1, 0x0, 0x42,
    0x6f, 0xf5, 0xf, 0xfe, 0x0, 0x0, 0x0, 0xf,
    0xff, 0x52, 0x8f, 0x40, 0xa9, 0x0, 0xff, 0xe0,
    0x0, 0x0, 0x0, 0xef, 0xff, 0xff, 0xf6, 0x0,
    0x0, 0x1f, 0xff, 0x0, 0x0, 0x0, 0xb, 0xff,
    0xff, 0xff, 0x60, 0x0, 0x1, 0xff, 0xf0, 0x0,
    0x0, 0x0, 0x2e, 0xff, 0xfd, 0x50, 0x0, 0x0,
    0x1f, 0xff, 0x10, 0x0, 0x0, 0x0, 0x4, 0x52,
    0x0, 0x0, 0x0, 0x0, 0x0, 0x0, 0x0, 0x0,
    0x0, 0x0, 0x0, 0x0, 0x0,

    /* U+308D "ろ" */
    0x0, 0x0, 0x0, 0x0, 0x0, 0x1, 0x12, 0x41,
    0x0, 0x0, 0x0, 0xcf, 0xff, 0xff, 0xff, 0xff,
    0xff, 0xc0, 0x0, 0x0, 0xc, 0xff, 0xff, 0xff,
    0xff, 0xff, 0xff, 0x60, 0x0, 0x0, 0xce, 0xdc,
    0xba, 0x9a, 0xff, 0xff, 0x60, 0x0, 0x0, 0x0,
    0x0, 0x0, 0x1, 0xdf, 0xfd, 0x30, 0x0, 0x0,
    0x0, 0x0, 0x0, 0x2, 0xef, 0xfb, 0x10, 0x0,
    0x0, 0x0, 0x0, 0x0, 0x4, 0xef, 0xf7, 0x0,
    0x0, 0x0, 0x0, 0x0, 0x0, 0x6, 0xff, 0xf8,
    0x55, 0x30, 0x0, 0x0, 0x0, 0x0, 0x9, 0xff,
    0xff, 0xff, 0xff, 0xfa, 0x20, 0x0, 0x0, 0x1b,
    0xff, 0xff, 0xff, 0xff, 0xff, 0xff, 0x40, 0x0,
    0x3e, 0xff, 0xff, 0x95, 0x22, 0x48, 0xff, 0xff,
    0x20, 0x5f, 0xff, 0xf8, 0x10, 0x0, 0x0, 0x2,
    0xff, 0xf9, 0x8f, 0xff, 0xe4, 0x0, 0x0, 0x0,
    0x0, 0x7, 0xff, 0xd4, 0xff, 0xd2, 0x0, 0x0,
    0x0, 0x0, 0x0, 0x5f, 0xff, 0x5, 0xd1, 0x0,
    0x0, 0x0, 0x0, 0x0, 0x8, 0xff, 0xe0, 0x0,
    0x0, 0x0, 0x0, 0x0, 0x0, 0x2, 0xef, 0xfa,
    0x0, 0x0, 0x0, 0x0, 0x0, 0x0, 0x17, 0xef,
    0xff, 0x40, 0x0, 0x0, 0x9a, 0x99, 0x9a, 0xdf,
    0xff, 0xff, 0x90, 0x0, 0x0, 0x8, 0xff, 0xff,
    0xff, 0xff, 0xff, 0x70, 0x0, 0x0, 0x0, 0x4f,
    0xff, 0xff, 0xff, 0xd8, 0x20, 0x0, 0x0, 0x0,
    0x0, 0x56, 0x66, 0x53, 0x10, 0x0, 0x0, 0x0,

    /* U+308E "ゎ" */
    0x0, 0x0, 0x2f, 0xeb, 0x0, 0x0, 0x0, 0x0,
    0x0, 0x0, 0x0, 0x1, 0xff, 0xa0, 0x0, 0x0,
    0x0, 0x0, 0x0, 0x0, 0x0, 0x2f, 0xf7, 0x0,
    0x0, 0x0, 0x0, 0x0, 0x0, 0x12, 0x48, 0xff,
    0x90, 0x0, 0x13, 0x20, 0x0, 0x0, 0x5f, 0xff,
    0xff, 0xfb, 0x28, 0xef, 0xff, 0xe7, 0x0, 0x3,
    0xff, 0xfe, 0xff, 0xaf, 0xff, 0xff, 0xff, 0xfb,
    0x0, 0x15, 0x20, 0x7f, 0xff, 0xfe, 0x85, 0x58,
    0xff, 0xf8, 0x0, 0x0, 0xd, 0xff, 0xf7, 0x0,
    0x0, 0x3, 0xff, 0xf0, 0x0, 0x9, 0xff, 0xf3,
    0x0, 0x0, 0x0, 0xa, 0xff, 0x20, 0x5, 0xff,
    0xfd, 0x0, 0x0, 0x0, 0x0, 0x9f, 0xf3, 0x2,
    0xff, 0xff, 0xd0, 0x0, 0x0, 0x0, 0xc, 0xff,
    0x20, 0xdf, 0xfb, 0xfe, 0x0, 0x0, 0x0, 0x3,
    0xff, 0xe0, 0x9f, 0xf6, 0xaf, 0xe0, 0x0, 0x0,
    0x3, 0xef, 0xf8, 0x3, 0xfc, 0xa, 0xff, 0x0,
    0x0, 0x4a, 0xff, 0xfd, 0x0, 0x7, 0x20, 0xaf,
    0xf0, 0x5, 0xff, 0xff, 0xfd, 0x20, 0x0, 0x0,
    0xa, 0xff, 0x10, 0xe, 0xff, 0xf8, 0x0, 0x0,
    0x0, 0x0, 0xbf, 0xf2, 0x0, 0x59, 0x50, 0x0,
    0x0, 0x0, 0x0, 0x0, 0x0, 0x0, 0x0, 0x0,
    0x0, 0x0, 0x0,

    /* U+308F "わ" */
    0x0, 0x0, 0x3, 0x66, 0x50, 0x0, 0x0, 0x0,
    0x0, 0x0, 0x0, 0x0, 0x0, 0x5, 0xff, 0xe0,
    0x0, 0x0, 0x0, 0x0, 0x0, 0x0, 0x0, 0x0,
    0x5, 0xff, 0xb0, 0x0, 0x0, 0x0, 0x0, 0x0,
    0x0, 0x0, 0x0, 0x6, 0xff, 0x90, 0x0, 0x0,
    0x0, 0x0, 0x0, 0x0, 0x1, 0x23, 0x5a, 0xff,
    0xd0, 0x0, 0x0, 0x0, 0x0, 0x0, 0x0, 0x4f,
    0xff, 0xff, 0xff, 0xf2, 0x1, 0x69, 0xbb, 0xa6,
    0x0, 0x0, 0x2f, 0xff, 0xff, 0xff, 0x83, 0xbf,
    0xff, 0xff, 0xff, 0xe4, 0x0, 0xe, 0xc9, 0x7c,
    0xff, 0xbf, 0xff, 0xff, 0xff, 0xff, 0xff, 0x40,
    0x0, 0x0, 0xb, 0xff, 0xff, 0xfb, 0x52, 0x2,
    0x7f, 0xff, 0xe1, 0x0, 0x0, 0x2f, 0xff, 0xfd,
    0x30, 0x0, 0x0, 0x3, 0xff, 0xf7, 0x0, 0x0,
    0xcf, 0xff, 0xa0, 0x0, 0x0, 0x0, 0x0, 0x9f,
    0xfb, 0x0, 0x8, 0xff, 0xfe, 0x0, 0x0, 0x0,
    0x0, 0x0, 0x6f, 0xfc, 0x0, 0x4f, 0xff, 0xfd,
    0x0, 0x0, 0x0, 0x0, 0x0, 0x7f, 0xfc, 0x1,
    0xef, 0xff, 0xfd, 0x0, 0x0, 0x0, 0x0, 0x0,
    0xbf, 0xfa, 0xb, 0xff, 0xcf, 0xfd, 0x0, 0x0,
    0x0, 0x0, 0x2, 0xff, 0xf6, 0x8f, 0xff, 0x2f,
    0xfd, 0x0, 0x0, 0x0, 0x0, 0x2d, 0xff, 0xf1,
    0x8f, 0xf7, 0xf, 0xfe, 0x0, 0x0, 0x0, 0x17,
    0xff, 0xff, 0x60, 0xc, 0xb0, 0xf, 0xfe, 0x0,
    0x2, 0x7b, 0xff, 0xff, 0xf9, 0x0, 0x2, 0x10,
    0x1f, 0xff, 0x0, 0x4, 0xff, 0xff, 0xff, 0x60,
    0x0, 0x0, 0x0, 0x1f, 0xff, 0x0, 0x0, 0xcf,
    0xfe, 0x81, 0x0, 0x0, 0x0, 0x0, 0x1f, 0xff,
    0x10, 0x0, 0x37, 0x30, 0x0, 0x0, 0x0, 0x0,
    0x0, 0x3, 0x33, 0x0, 0x0, 0x0, 0x0, 0x0,
    0x0, 0x0,

    /* U+3090 "ゐ" */
    0x0, 0x1, 0x87, 0x77, 0x88, 0x9b, 0xb1, 0x0,
    0x0, 0x0, 0x0, 0x0, 0x1f, 0xff, 0xff, 0xff,
    0xff, 0xd0, 0x0, 0x0, 0x0, 0x0, 0x0, 0xff,
    0xff, 0xff, 0xff, 0xf8, 0x0, 0x0, 0x0, 0x0,
    0x0, 0x5, 0x42, 0x10, 0xd, 0xff, 0x10, 0x0,
    0x0, 0x0, 0x0, 0x0, 0x0, 0x0, 0x2, 0xff,
    0xc0, 0x0, 0x0, 0x0, 0x0, 0x0, 0x0, 0x0,
    0x1, 0x9f, 0xff, 0xdb, 0x71, 0x0, 0x0, 0x0,
    0x0, 0x0, 0x2a, 0xff, 0xff, 0xff, 0xff, 0xf9,
    0x0, 0x0, 0x0, 0x0, 0x7f, 0xff, 0xff, 0xeb,
    0xce, 0xff, 0xfc, 0x0, 0x0, 0x0, 0xaf, 0xff,
    0xdf, 0xf7, 0x0, 0x6, 0xef, 0xfa, 0x0, 0x0,
    0xaf, 0xfd, 0x3b, 0xff, 0x20, 0x0, 0x2, 0xff,
    0xf4, 0x0, 0x7f, 0xfd, 0x12, 0xff, 0xc0, 0x0,
    0x0, 0x8, 0xff, 0xa0, 0x1f, 0xfe, 0x10, 0x8f,
    0xf7, 0x0, 0x0, 0x0, 0x3f, 0xfd, 0x8, 0xff,
    0x50, 0xe, 0xff, 0x10, 0x0, 0x0, 0x1, 0xff,
    0xf0, 0xdf, 0xd0, 0x6, 0xff, 0xb0, 0x6c, 0xdb,
    0x50, 0x1f, 0xfe, 0x1f, 0xf9, 0x0, 0xef, 0xf4,
    0xaf, 0xff, 0xff, 0xa4, 0xff, 0xc3, 0xff, 0x90,
    0xaf, 0xfc, 0x4f, 0xf8, 0x5c, 0xff, 0xdf, 0xf9,
    0x3f, 0xff, 0xef, 0xff, 0x38, 0xff, 0x0, 0xe,
    0xff, 0xff, 0x30, 0xff, 0xff, 0xff, 0x90, 0x7f,
    0xf7, 0x23, 0xdf, 0xff, 0xa0, 0x6, 0xff, 0xff,
    0xc0, 0x2, 0xff, 0xff, 0xff, 0xff, 0xd1, 0x0,
    0x4, 0x99, 0x50, 0x0, 0x4, 0xef, 0xff, 0xff,
    0x90, 0x0, 0x0, 0x0, 0x0, 0x0, 0x0, 0x0,
    0x46, 0x64, 0x10, 0x0, 0x0,

    /* U+3091 "ゑ" */
    0x0, 0x0, 0x0, 0x0, 0x0, 0x0, 0x0, 0x21,
    0x0, 0x0, 0x0, 0x0, 0x0, 0x6d, 0xcc, 0xdd,
    0xee, 0xef, 0xfc, 0x0, 0x0, 0x0, 0x0, 0x0,
    0x7f, 0xff, 0xff, 0xff, 0xff, 0xff, 0x80, 0x0,
    0x0, 0x0, 0x0, 0x38, 0x76, 0x57, 0xef, 0xff,
    0xb4, 0x0, 0x0, 0x0, 0x0, 0x0, 0x0, 0x1,
    0x9f, 0xff, 0xb3, 0x0, 0x0, 0x0, 0x0, 0x0,
    0x0, 0x0, 0x6e, 0xff, 0xfe, 0xcc, 0xa7, 0x10,
    0x0, 0x0, 0x0, 0x0, 0x3c, 0xff, 0xff, 0xff,
    0xff, 0xff, 0xf6, 0x0, 0x0, 0x0, 0x9, 0xff,
    0xff, 0xb6, 0x32, 0x24, 0xaf, 0xff, 0x50, 0x0,
    0x3, 0xef, 0xff, 0xa3, 0x68, 0x74, 0x0, 0x6,
    0xff, 0xd0, 0x0, 0x2, 0xef, 0xe4, 0x5f, 0xff,
    0xff, 0xb0, 0x1, 0xff, 0xf0, 0x0, 0x0, 0x4c,
    0x11, 0xff, 0x72, 0x8f, 0xf4, 0x5, 0xff, 0xe0,
    0x0, 0x0, 0x0, 0x3, 0xff, 0x60, 0x6f, 0xf6,
    0x8f, 0xff, 0x80, 0x0, 0x0, 0x0, 0x0, 0xef,
    0xff, 0xff, 0xff, 0xff, 0xfc, 0x0, 0x0, 0x0,
    0x0, 0x0, 0x7f, 0xff, 0xff, 0xff, 0xff, 0x80,
    0x0, 0x0, 0x0, 0x0, 0x6, 0xff, 0xfb, 0xaa,
    0x97, 0x40, 0x0, 0x0, 0x0, 0x0, 0x0, 0x7f,
    0xff, 0x70, 0x0, 0x3, 0x8a, 0x94, 0x0, 0x0,
    0x0, 0x8, 0xff, 0xff, 0xf9, 0x0, 0xaf, 0xff,
    0xff, 0xc1, 0x0, 0x0, 0x8f, 0xff, 0xff, 0xff,
    0xac, 0xff, 0xfe, 0xff, 0xfd, 0x10, 0x7, 0xff,
    0xe5, 0x3, 0xdf, 0xff, 0xfa, 0x0, 0x3e, 0xff,
    0xb0, 0x7f, 0xff, 0x30, 0x0, 0x4f, 0xff, 0xd0,
    0x0, 0x4, 0xff, 0xf5, 0x4d, 0xf6, 0x0, 0x0,
    0xf, 0xff, 0x60, 0x0, 0x0, 0xbf, 0xd5, 0x0,
    0x40, 0x0, 0x0, 0x3, 0x44, 0x10, 0x0, 0x0,
    0x33, 0x0,

    /* U+3092 "を" */
    0x0, 0x0, 0x0, 0x3, 0x76, 0x30, 0x0, 0x0,
    0x0, 0x0, 0x0, 0x0, 0x0, 0x0, 0x8f, 0xf9,
    0x0, 0x0, 0x0, 0x0, 0x0, 0x0, 0x0, 0x0,
    0xb, 0xff, 0x50, 0x2, 0x35, 0x70, 0x0, 0x0,
    0x4f, 0xed, 0xcc, 0xff, 0xfe, 0xff, 0xff, 0xff,
    0x0, 0x0, 0x4, 0xff, 0xff, 0xff, 0xff, 0xff,
    0xff, 0xff, 0xe0, 0x0, 0x0, 0x3c, 0xdd, 0xef,
    0xff, 0xdc, 0xba, 0x97, 0x64, 0x0, 0x0, 0x0,
    0x0, 0x3, 0xff, 0xc0, 0x0, 0x0, 0x0, 0x0,
    0x0, 0x0, 0x0, 0x0, 0xdf, 0xf4, 0x0, 0x0,
    0x0, 0x0, 0x6, 0xa0, 0x0, 0x0, 0x8f, 0xff,
    0xdf, 0xfe, 0x70, 0x2, 0x8f, 0xff, 0x20, 0x0,
    0x4f, 0xff, 0xff, 0xff, 0xff, 0x9b, 0xff, 0xff,
    0xf8, 0x0, 0x3f, 0xff, 0xf8, 0x32, 0x8f, 0xff,
    0xff, 0xfe, 0x83, 0x0, 0x2e, 0xff, 0xd2, 0x0,
    0x2b, 0xff, 0xff, 0xb4, 0x0, 0x0, 0xe, 0xff,
    0xe1, 0x0, 0x8f, 0xff, 0xff, 0x20, 0x0, 0x0,
    0x0, 0x2d, 0xf3, 0x0, 0xbf, 0xff, 0xef, 0xf0,
    0x0, 0x0, 0x0, 0x0, 0x4, 0x0, 0xaf, 0xfd,
    0x2b, 0xff, 0x0, 0x0, 0x0, 0x0, 0x0, 0x0,
    0x3f, 0xfe, 0x10, 0xbf, 0xf0, 0x0, 0x0, 0x0,
    0x0, 0x0, 0x8, 0xff, 0x90, 0x9, 0xcc, 0x0,
    0x0, 0x0, 0x0, 0x0, 0x0, 0x9f, 0xfc, 0x0,
    0x0, 0x0, 0x0, 0x1, 0x0, 0x0, 0x0, 0x6,
    0xff, 0xfe, 0xba, 0xaa, 0xbc, 0xef, 0xd0, 0x0,
    0x0, 0x0, 0xc, 0xff, 0xff, 0xff, 0xff, 0xff,
    0xfc, 0x0, 0x0, 0x0, 0x0, 0x7, 0xcf, 0xff,
    0xff, 0xff, 0xfe, 0xa0, 0x0, 0x0, 0x0, 0x0,
    0x0, 0x2, 0x22, 0x22, 0x10, 0x0, 0x0,

    /* U+3093 "ん" */
    0x0, 0x0, 0x0, 0x0, 0x0, 0x0, 0x0, 0x0,
    0x0, 0x0, 0x0, 0x0, 0x0, 0x0, 0x0, 0x0,
    0xdc, 0x50, 0x0, 0x0, 0x0, 0x0, 0x0, 0x0,
    0x0, 0x0, 0x0, 0x5f, 0xff, 0x90, 0x0, 0x0,
    0x0, 0x0, 0x0, 0x0, 0x0, 0x0, 0xd, 0xff,
    0xe0, 0x0, 0x0, 0x0, 0x0, 0x0, 0x0, 0x0,
    0x0, 0x6, 0xff, 0xf4, 0x0, 0x0, 0x0, 0x0,
    0x0, 0x0, 0x0, 0x0, 0x0, 0xef, 0xfb, 0x0,
    0x0, 0x0, 0x0, 0x0, 0x0, 0x0, 0x0, 0x0,
    0x7f, 0xff, 0x20, 0x0, 0x0, 0x0, 0x0, 0x0,
    0x0, 0x0, 0x0, 0xe, 0xff, 0x80, 0x0, 0x0,
    0x0, 0x0, 0x0, 0x0, 0x0, 0x0, 0x7, 0xff,
    0xe1, 0x0, 0x0, 0x0, 0x0, 0x0, 0x0, 0x0,
    0x0, 0x0, 0xef, 0xf7, 0x57, 0x61, 0x0, 0x0,
    0x0, 0x0, 0x0, 0x0, 0x0, 0x6f, 0xff, 0xff,
    0xff, 0xe2, 0x0, 0x0, 0x0, 0x0, 0x0, 0x0,
    0xd, 0xff, 0xff, 0xff, 0xff, 0x90, 0x0, 0x0,
    0x0, 0x0, 0x0, 0x5, 0xff, 0xfe, 0x75, 0xcf,
    0xfb, 0x0, 0x0, 0x5, 0x10, 0x0, 0x0, 0xdf,
    0xfe, 0x20, 0x4, 0xff, 0xc0, 0x0, 0x0, 0xed,
    0x20, 0x0, 0x4f, 0xff, 0x40, 0x0, 0x3f, 0xfc,
    0x0, 0x0, 0x3f, 0xfe, 0x0, 0xc, 0xff, 0xb0,
    0x0, 0x2, 0xff, 0xc0, 0x0, 0xa, 0xff, 0xa0,
    0x3, 0xff, 0xf4, 0x0, 0x0, 0x2f, 0xfd, 0x0,
    0x4, 0xff, 0xf3, 0x0, 0xaf, 0xfe, 0x0, 0x0,
    0x1, 0xff, 0xf5, 0x16, 0xff, 0xfb, 0x0, 0x1f,
    0xff, 0x80, 0x0, 0x0, 0xf, 0xff, 0xff, 0xff,
    0xff, 0x20, 0x7, 0xff, 0xf3, 0x0, 0x0, 0x0,
    0x9f, 0xff, 0xff, 0xff, 0x40, 0x0, 0x28, 0xde,
    0x0, 0x0, 0x0, 0x0, 0x9f, 0xff, 0xfa, 0x20,
    0x0, 0x0, 0x0, 0x10, 0x0, 0x0, 0x0, 0x0,
    0x2, 0x20, 0x0, 0x0, 0x0,

    /* U+3094 "ゔ" */
    0x0, 0x0, 0x10, 0x0, 0x0, 0x0, 0x0, 0x0,
    0x0, 0x0, 0x0, 0x0, 0x0, 0xcf, 0xdb, 0x97,
    0x54, 0x32, 0x10, 0x0, 0x0, 0x0, 0x0, 0x0,
    0xff, 0xff, 0xff, 0xff, 0xff, 0xf0, 0x1, 0x79,
    0x0, 0x0, 0x1, 0xcf, 0xff, 0xff, 0xff, 0xff,
    0xd4, 0x91, 0xef, 0x50, 0x0, 0x0, 0x0, 0x13,
    0x56, 0x89, 0xbc, 0xae, 0xf7, 0x5f, 0xe0, 0x0,
    0x0, 0x0, 0x0, 0x0, 0x0, 0x0, 0x4, 0xff,
    0x2b, 0xa2, 0x0, 0x0, 0x2, 0x58, 0xab, 0xcb,
    0x94, 0x0, 0xaa, 0x20, 0x0, 0x5, 0x8b, 0xef,
    0xff, 0xff, 0xff, 0xff, 0xc2, 0x0, 0x0, 0x0,
    0xf, 0xff, 0xff, 0xff, 0xff, 0xff, 0xff, 0xfe,
    0x10, 0x0, 0x0, 0xb, 0xff, 0xfe, 0xa6, 0x42,
    0x24, 0xcf, 0xff, 0x90, 0x0, 0x0, 0x7, 0xd7,
    0x20, 0x0, 0x0, 0x0, 0xb, 0xff, 0xe0, 0x0,
    0x0, 0x0, 0x0, 0x0, 0x0, 0x0, 0x0, 0x5,
    0xff, 0xf1, 0x0, 0x0, 0x0, 0x0, 0x0, 0x0,
    0x0, 0x0, 0x4, 0xff, 0xf1, 0x0, 0x0, 0x0,
    0x0, 0x0, 0x0, 0x0, 0x0, 0x7, 0xff, 0xf0,
    0x0, 0x0, 0x0, 0x0, 0x0, 0x0, 0x0, 0x0,
    0xe, 0xff, 0xc0, 0x0, 0x0, 0x0, 0x0, 0x0,
    0x0, 0x0, 0x0, 0xbf, 0xff, 0x50, 0x0, 0x0,
    0x0, 0x0, 0x0, 0x0, 0x0, 0x5d, 0xff, 0xfb,
    0x0, 0x0, 0x0, 0x0, 0x0, 0x0, 0x3, 0x8d,
    0xff, 0xff, 0xc1, 0x0, 0x0, 0x0, 0x0, 0x0,
    0x9d, 0xff, 0xff, 0xff, 0xf9, 0x0, 0x0, 0x0,
    0x0, 0x0, 0x0, 0x6f, 0xff, 0xff, 0xfc, 0x30,
    0x0, 0x0, 0x0, 0x0, 0x0, 0x0, 0xd, 0xff,
    0xd8, 0x30, 0x0, 0x0, 0x0, 0x0, 0x0, 0x0,
    0x0, 0x2, 0x41, 0x0, 0x0, 0x0, 0x0, 0x0,
    0x0, 0x0,

    /* U+3095 "ゕ" */
    0x0, 0x0, 0x0, 0x0, 0x0, 0x0, 0x0, 0x0,
    0x0, 0x0, 0x0, 0x0, 0x7, 0xff, 0x90, 0x0,
    0x0, 0x0, 0x0, 0x0, 0x0, 0x0, 0x8, 0xff,
    0x70, 0x0, 0x0, 0x2, 0x0, 0x0, 0x0, 0x0,
    0xa, 0xff, 0x40, 0x0, 0x8, 0xfe, 0x10, 0x0,
    0x0, 0x0, 0xd, 0xff, 0x66, 0x50, 0x9, 0xff,
    0x80, 0x0, 0x5e, 0xef, 0xff, 0xff, 0xff, 0xfe,
    0x30, 0xef, 0xf1, 0x0, 0x4f, 0xff, 0xff, 0xff,
    0xff, 0xff, 0xd0, 0x7f, 0xf9, 0x0, 0x2f, 0xca,
    0xcf, 0xf8, 0x23, 0xdf, 0xf2, 0xf, 0xff, 0x10,
    0x0, 0x0, 0xbf, 0xf2, 0x0, 0x9f, 0xf3, 0x9,
    0xff, 0x70, 0x0, 0x0, 0xff, 0xd0, 0x0, 0x8f,
    0xf3, 0x3, 0xff, 0xd0, 0x0, 0x5, 0xff, 0x80,
    0x0, 0x9f, 0xf2, 0x0, 0xef, 0xc0, 0x0, 0xb,
    0xff, 0x30, 0x0, 0xbf, 0xf1, 0x0, 0x64, 0x0,
    0x0, 0x2f, 0xfd, 0x0, 0x0, 0xdf, 0xf0, 0x0,
    0x0, 0x0, 0x0, 0x9f, 0xf8, 0x0, 0x0, 0xff,
    0xd0, 0x0, 0x0, 0x0, 0x1, 0xff, 0xf2, 0x0,
    0x6, 0xff, 0x90, 0x0, 0x0, 0x0, 0xa, 0xff,
    0xb0, 0xfd, 0xcf, 0xff, 0x40, 0x0, 0x0, 0x0,
    0x3f, 0xff, 0x30, 0xdf, 0xff, 0xfc, 0x0, 0x0,
    0x0, 0x0, 0x6, 0xcb, 0x0, 0x8e, 0xff, 0xa1,
    0x0, 0x0, 0x0, 0x0, 0x0, 0x0, 0x0, 0x0,
    0x0, 0x0, 0x0, 0x0, 0x0, 0x0,

    /* U+3096 "ゖ" */
    0xa, 0x98, 0x0, 0x0, 0x0, 0xa, 0xbb, 0x10,
    0x0, 0xff, 0xd0, 0x0, 0x0, 0x0, 0xcf, 0xf0,
    0x0, 0x2f, 0xfa, 0x0, 0x0, 0x0, 0xb, 0xff,
    0x0, 0x4, 0xff, 0x60, 0x1, 0x0, 0x0, 0xaf,
    0xf3, 0x46, 0x6f, 0xf4, 0x0, 0xef, 0xee, 0xef,
    0xff, 0xff, 0xf8, 0xff, 0x10, 0xe, 0xff, 0xff,
    0xff, 0xff, 0xff, 0x9f, 0xf0, 0x0, 0x79, 0xaa,
    0xae, 0xff, 0x86, 0x5a, 0xfe, 0x0, 0x0, 0x0,
    0x0, 0xaf, 0xf0, 0x0, 0xbf, 0xe2, 0x40, 0x0,
    0x0, 0xb, 0xff, 0x0, 0xb, 0xfe, 0x9f, 0x20,
    0x0, 0x0, 0xcf, 0xf0, 0x0, 0xbf, 0xff, 0xd0,
    0x0, 0x0, 0xe, 0xfe, 0x0, 0xa, 0xff, 0xf9,
    0x0, 0x0, 0x2, 0xff, 0xb0, 0x0, 0x8f, 0xff,
    0x40, 0x0, 0x0, 0x9f, 0xf7, 0x0, 0x5, 0xff,
    0xf0, 0x0, 0x0, 0x4f, 0xff, 0x20, 0x0, 0x1f,
    0xfd, 0x0, 0x0, 0x5f, 0xff, 0x90, 0x0, 0x0,
    0xcf, 0xc0, 0x0, 0x7f, 0xff, 0xc0, 0x0, 0x0,
    0x2, 0x31, 0x0, 0x0, 0x8f, 0xb0, 0x0, 0x0,
    0x0, 0x0, 0x0, 0x0, 0x0, 0x20, 0x0, 0x0,
    0x0,

    /* U+3099 "゙" */
    0x0, 0x0, 0x53, 0x0, 0x2, 0x45, 0xfd, 0x0,
    0x1f, 0xf2, 0xbf, 0x80, 0x7, 0xfb, 0x2f, 0xd0,
    0x0, 0xef, 0x23, 0x0, 0x0, 0x31, 0x0, 0x0,

    /* U+309A "゚" */
    0x0, 0x57, 0x30, 0x0, 0xcf, 0xff, 0x60, 0x6f,
    0x51, 0xaf, 0x8, 0xf0, 0x5, 0xf2, 0x5f, 0x83,
    0xce, 0x0, 0x9f, 0xff, 0x40, 0x0, 0x24, 0x0,
    0x0,

    /* U+309B "゛" */
    0x0, 0x0, 0x13, 0x0, 0x0, 0x5, 0xff, 0x10,
    0x5e, 0xc0, 0xef, 0xa0, 0x3f, 0xf5, 0x5f, 0xf3,
    0xa, 0xfe, 0xc, 0xf7, 0x1, 0xff, 0x62, 0x10,
    0x0, 0x53, 0x0, 0x0,

    /* U+309C "゜" */
    0x1, 0xad, 0xa2, 0x0, 0xde, 0xae, 0xe0, 0x4f,
    0x30, 0x3f, 0x54, 0xf3, 0x3, 0xf5, 0xd, 0xe9,
    0xee, 0x0, 0x1a, 0xda, 0x20,

    /* U+309D "ゝ" */
    0x1, 0xa4, 0x0, 0x0, 0x0, 0x0, 0x4e, 0xff,
    0x50, 0x0, 0x0, 0x0, 0x5f, 0xff, 0xf4, 0x0,
    0x0, 0x0, 0x4, 0xff, 0xff, 0x40, 0x0, 0x0,
    0x0, 0x4f, 0xff, 0xf4, 0x0, 0x0, 0x0, 0x4,
    0xff, 0xff, 0x30, 0x0, 0x0, 0x0, 0x5f, 0xff,
    0xe2, 0x0, 0x0, 0x0, 0x7, 0xff, 0xfd, 0x10,
    0x0, 0x0, 0x0, 0x9f, 0xff, 0xb0, 0x0, 0x0,
    0x0, 0xc, 0xff, 0xf7, 0x0, 0x0, 0x4, 0xaf,
    0xff, 0xf6, 0x0, 0x17, 0xdf, 0xff, 0xff, 0xf1,
    0x1, 0xff, 0xff, 0xff, 0xfa, 0x40, 0x0, 0xaf,
    0xff, 0xd7, 0x10, 0x0, 0x0, 0x2f, 0xa4, 0x0,
    0x0, 0x0, 0x0, 0x0, 0x0, 0x0, 0x0, 0x0,

    /* U+309E "ゞ" */
    0x0, 0x0, 0x0, 0x0, 0x0, 0x1, 0x0, 0x0,
    0x0, 0x0, 0x0, 0x13, 0xdf, 0x20, 0x0, 0x0,
    0x0, 0x5e, 0xc0, 0xdf, 0xb0, 0x0, 0x30, 0x0,
    0x2f, 0xf6, 0x4f, 0xf4, 0x7, 0xfc, 0x10, 0x8,
    0xfe, 0xb, 0xe5, 0x7f, 0xff, 0xd1, 0x1, 0xed,
    0x31, 0x0, 0xa, 0xff, 0xfc, 0x10, 0x10, 0x0,
    0x0, 0x0, 0xaf, 0xff, 0xc0, 0x0, 0x0, 0x0,
    0x0, 0xa, 0xff, 0xfc, 0x0, 0x0, 0x0, 0x0,
    0x0, 0xbf, 0xff, 0xa0, 0x0, 0x0, 0x0, 0x0,
    0xc, 0xff, 0xf9, 0x0, 0x0, 0x0, 0x0, 0x1,
    0xef, 0xff, 0x60, 0x0, 0x0, 0x0, 0x0, 0x2f,
    0xff, 0xf3, 0x0, 0x0, 0x0, 0x0, 0x2c, 0xff,
    0xfa, 0x0, 0x0, 0x0, 0x5c, 0xff, 0xff, 0xf5,
    0x0, 0x0, 0x9e, 0xff, 0xff, 0xff, 0xd0, 0x0,
    0x0, 0xcf, 0xff, 0xfe, 0x93, 0x0, 0x0, 0x0,
    0x4f, 0xfc, 0x50, 0x0, 0x0, 0x0, 0x0, 0x7,
    0x20, 0x0, 0x0, 0x0, 0x0,

    /* U+309F "ゟ" */
    0x0, 0x0, 0x0, 0x0, 0x0, 0x1, 0x0, 0x0,
    0x0, 0x0, 0x0, 0x0, 0x0, 0x0, 0x0, 0x0,
    0x9f, 0xa4, 0x0, 0x0, 0x0, 0x0, 0x0, 0x0,
    0x0, 0x0, 0xd, 0xff, 0x90, 0x0, 0x0, 0x0,
    0x0, 0x0, 0x0, 0x0, 0x3, 0xff, 0xf2, 0x0,
    0x0, 0x0, 0x0, 0x0, 0x0, 0x0, 0x0, 0x9f,
    0xfa, 0x0, 0x0, 0x0, 0x0, 0x0, 0x0, 0x0,
    0x0, 0xf, 0xff, 0xfb, 0x84, 0x0, 0x0, 0x0,
    0x0, 0x0, 0x0, 0x7, 0xff, 0xff, 0xff, 0xff,
    0xb5, 0x0, 0x0, 0x0, 0x0, 0x0, 0xef, 0xfc,
    0xef, 0xff, 0xff, 0xd0, 0x0, 0x0, 0x0, 0x0,
    0x6f, 0xfd, 0x0, 0x26, 0xbf, 0xf6, 0x0, 0x0,
    0x0, 0x0, 0xe, 0xff, 0x50, 0x0, 0x0, 0x5,
    0x0, 0x0, 0x0, 0x0, 0x7, 0xff, 0xd0, 0x0,
    0x0, 0x0, 0x0, 0x0, 0x0, 0x0, 0x1, 0xff,
    0xf8, 0xbf, 0xfd, 0x70, 0x0, 0x0, 0x0, 0x0,
    0x0, 0xaf, 0xff, 0xff, 0xff, 0xff, 0x80, 0x0,
    0x0, 0x0, 0x0, 0x3f, 0xff, 0xfe, 0xaa, 0xef,
    0xff, 0x10, 0x0, 0x0, 0x0, 0xd, 0xff, 0xf7,
    0x0, 0x1, 0xef, 0xf5, 0x0, 0x0, 0x0, 0x8,
    0xff, 0xf5, 0x0, 0x0, 0x9, 0xff, 0x70, 0x0,
    0x0, 0x3, 0xff, 0xf8, 0x0, 0x0, 0x0, 0x9f,
    0xf6, 0x0, 0x0, 0x1, 0xef, 0xfd, 0x0, 0x0,
    0x0, 0xe, 0xff, 0x20, 0x0, 0x0, 0xbf, 0xff,
    0x32, 0x0, 0x0, 0x8, 0xff, 0xd0, 0x0, 0x0,
    0x8f, 0xff, 0x70, 0xca, 0x30, 0x2a, 0xff, 0xf5,
    0x0, 0x0, 0x2f, 0xff, 0xc0, 0xf, 0xff, 0xff,
    0xff, 0xf9, 0x0, 0x0, 0x0, 0x2a, 0xe2, 0x2,
    0xff, 0xff, 0xff, 0xf9, 0x0, 0x0, 0x0, 0x0,
    0x0, 0x0, 0x2, 0x9e, 0xfe, 0xa3, 0x0, 0x0,
    0x0, 0x0,

    /* U+30A0 "゠" */
    0x1c, 0xcc, 0xcc, 0xcc, 0xcc, 0xc6, 0x3, 0x33,
    0x33, 0x33, 0x33, 0x31, 0x0, 0x0, 0x0, 0x0,
    0x0, 0x0, 0x0, 0x0, 0x0, 0x0, 0x0, 0x0,
    0x1e, 0xee, 0xee, 0xee, 0xee, 0xe7, 0x1, 0x11,
    0x11, 0x11, 0x11, 0x10,

    /* U+30A1 "ァ" */
    0xc, 0xaa, 0xaa, 0xaa, 0xaa, 0xaa, 0xaa, 0xaa,
    0xb1, 0x0, 0xff, 0xff, 0xff, 0xff, 0xff, 0xff,
    0xff, 0xff, 0xd1, 0xf, 0xff, 0xff, 0xff, 0xff,
    0xff, 0xff, 0xff, 0xfc, 0x0, 0x32, 0x22, 0x22,
    0x22, 0x22, 0x22, 0x7f, 0xff, 0x20, 0x0, 0x0,
    0x0, 0x1a, 0xaa, 0x10, 0x2f, 0xff, 0x60, 0x0,
    0x0, 0x0, 0x1, 0xff, 0xf0, 0x2e, 0xff, 0xa0,
    0x0, 0x0, 0x0, 0x0, 0xf, 0xff, 0x3e, 0xff,
    0xc0, 0x0, 0x0, 0x0, 0x0, 0x1, 0xff, 0xe0,
    0x8f, 0xd1, 0x0, 0x0, 0x0, 0x0, 0x0, 0x3f,
    0xfd, 0x0, 0x31, 0x0, 0x0, 0x0, 0x0, 0x0,
    0x7, 0xff, 0xa0, 0x0, 0x0, 0x0, 0x0, 0x0,
    0x0, 0x0, 0xdf, 0xf5, 0x0, 0x0, 0x0, 0x0,
    0x0, 0x0, 0x0, 0x8f, 0xfe, 0x0, 0x0, 0x0,
    0x0, 0x0, 0x0, 0x0, 0x8f, 0xff, 0x60, 0x0,
    0x0, 0x0, 0x0, 0x0, 0x3, 0xcf, 0xff, 0xa0,
    0x0, 0x0, 0x0, 0x0, 0x0, 0x0, 0xaf, 0xff,
    0xa0, 0x0, 0x0, 0x0, 0x0, 0x0, 0x0, 0x0,
    0x6e, 0x60, 0x0, 0x0, 0x0, 0x0, 0x0, 0x0,
    0x0, 0x0, 0x0, 0x0, 0x0, 0x0, 0x0, 0x0,
    0x0, 0x0,

    /* U+30A2 "ア" */
    0x0, 0x0, 0x0, 0x0, 0x0, 0x0, 0x0, 0x0,
    0x0, 0x0, 0x4, 0xfe, 0xee, 0xee, 0xee, 0xee,
    0xee, 0xee, 0xee, 0xef, 0xa0, 0x4f, 0xff, 0xff,
    0xff, 0xff, 0xff, 0xff, 0xff, 0xff, 0xff, 0xa4,
    0xff, 0xff, 0xff, 0xff, 0xff, 0xff, 0xff, 0xff,
    0xff, 0xf4, 0x2, 0x10, 0x0, 0x0, 0x0, 0x0,
    0x0, 0x3, 0xff, 0xf9, 0x0, 0x0, 0x0, 0x0,
    0x1, 0x11, 0x0, 0x0, 0xdf, 0xfe, 0x10, 0x0,
    0x0, 0x0, 0x4, 0xff, 0xf1, 0x0, 0xbf, 0xff,
    0x30, 0x0, 0x0, 0x0, 0x0, 0x3f, 0xff, 0x11,
    0xcf, 0xff, 0x50, 0x0, 0x0, 0x0, 0x0, 0x3,
    0xff, 0xf2, 0xdf, 0xff, 0x70, 0x0, 0x0, 0x0,
    0x0, 0x0, 0x3f, 0xff, 0x2, 0xdf, 0x70, 0x0,
    0x0, 0x0, 0x0, 0x0, 0x4, 0xff, 0xf0, 0x1,
    0x40, 0x0, 0x0, 0x0, 0x0, 0x0, 0x0, 0x7f,
    0xfd, 0x0, 0x0, 0x0, 0x0, 0x0, 0x0, 0x0,
    0x0, 0xb, 0xff, 0xa0, 0x0, 0x0, 0x0, 0x0,
    0x0, 0x0, 0x0, 0x1, 0xff, 0xf6, 0x0, 0x0,
    0x0, 0x0, 0x0, 0x0, 0x0, 0x0, 0x9f, 0xff,
    0x10, 0x0, 0x0, 0x0, 0x0, 0x0, 0x0, 0x0,
    0x6f, 0xff, 0x90, 0x0, 0x0, 0x0, 0x0, 0x0,
    0x0, 0x0, 0x9f, 0xff, 0xe1, 0x0, 0x0, 0x0,
    0x0, 0x0, 0x0, 0x5, 0xdf, 0xff, 0xf3, 0x0,
    0x0, 0x0, 0x0, 0x0, 0x0, 0x0, 0xaf, 0xff,
    0xe3, 0x0, 0x0, 0x0, 0x0, 0x0, 0x0, 0x0,
    0x0, 0x7f, 0xa1, 0x0, 0x0, 0x0, 0x0, 0x0,
    0x0, 0x0, 0x0, 0x0, 0x10, 0x0, 0x0, 0x0,
    0x0, 0x0, 0x0, 0x0, 0x0,

    /* U+30A3 "ィ" */
    0x0, 0x0, 0x0, 0x0, 0x0, 0x0, 0x0, 0x3,
    0x0, 0x0, 0x0, 0x0, 0x0, 0x0, 0x0, 0x0,
    0xbf, 0x30, 0x0, 0x0, 0x0, 0x0, 0x0, 0x0,
    0xb, 0xff, 0xf3, 0x0, 0x0, 0x0, 0x0, 0x0,
    0x1, 0xcf, 0xff, 0xc0, 0x0, 0x0, 0x0, 0x0,
    0x0, 0x4e, 0xff, 0xfa, 0x0, 0x0, 0x0, 0x0,
    0x0, 0x19, 0xff, 0xff, 0x70, 0x0, 0x0, 0x0,
    0x0, 0x18, 0xff, 0xff, 0xe3, 0x0, 0x0, 0x0,
    0x0, 0x29, 0xff, 0xff, 0xff, 0x20, 0x0, 0x0,
    0x2, 0x7c, 0xff, 0xff, 0xff, 0xff, 0x20, 0x0,
    0x0, 0x3f, 0xff, 0xff, 0xfb, 0x6f, 0xff, 0x20,
    0x0, 0x0, 0xb, 0xff, 0xf9, 0x20, 0x2f, 0xff,
    0x20, 0x0, 0x0, 0x3, 0xb5, 0x0, 0x0, 0x2f,
    0xff, 0x20, 0x0, 0x0, 0x0, 0x0, 0x0, 0x0,
    0x2f, 0xff, 0x20, 0x0, 0x0, 0x0, 0x0, 0x0,
    0x0, 0x2f, 0xff, 0x20, 0x0, 0x0, 0x0, 0x0,
    0x0, 0x0, 0x2f, 0xff, 0x20, 0x0, 0x0, 0x0,
    0x0, 0x0, 0x0, 0x2f, 0xff, 0x20, 0x0, 0x0,
    0x0, 0x0, 0x0, 0x0, 0x2f, 0xff, 0x20, 0x0,
    0x0, 0x0, 0x0, 0x0, 0x0, 0x3f, 0xff, 0x30,
    0x0, 0x0,

    /* U+30A4 "イ" */
    0x0, 0x0, 0x0, 0x0, 0x0, 0x0, 0x0, 0x0,
    0x2, 0x0, 0x0, 0x0, 0x0, 0x0, 0x0, 0x0,
    0x0, 0x0, 0x2, 0xeb, 0x0, 0x0, 0x0, 0x0,
    0x0, 0x0, 0x0, 0x0, 0x2, 0xef, 0xfc, 0x0,
    0x0, 0x0, 0x0, 0x0, 0x0, 0x0, 0x3, 0xef,
    0xff, 0xc0, 0x0, 0x0, 0x0, 0x0, 0x0, 0x0,
    0x6, 0xff, 0xff, 0xb0, 0x0, 0x0, 0x0, 0x0,
    0x0, 0x0, 0x1a, 0xff, 0xff, 0x80, 0x0, 0x0,
    0x0, 0x0, 0x0, 0x0, 0x5e, 0xff, 0xff, 0x50,
    0x0, 0x0, 0x0, 0x0, 0x0, 0x4, 0xcf, 0xff,
    0xfc, 0x20, 0x0, 0x0, 0x0, 0x0, 0x0, 0x5c,
    0xff, 0xff, 0xfe, 0x0, 0x0, 0x0, 0x0, 0x0,
    0x39, 0xef, 0xff, 0xff, 0xff, 0xe0, 0x0, 0x0,
    0x0, 0x29, 0xef, 0xff, 0xff, 0xfb, 0xaf, 0xfe,
    0x0, 0x0, 0x0, 0x1, 0xff, 0xff, 0xff, 0xa3,
    0x8, 0xff, 0xe0, 0x0, 0x0, 0x0, 0x9, 0xff,
    0xd7, 0x10, 0x0, 0x8f, 0xfe, 0x0, 0x0, 0x0,
    0x0, 0x18, 0x30, 0x0, 0x0, 0x8, 0xff, 0xe0,
    0x0, 0x0, 0x0, 0x0, 0x0, 0x0, 0x0, 0x0,
    0x8f, 0xfe, 0x0, 0x0, 0x0, 0x0, 0x0, 0x0,
    0x0, 0x0, 0x8, 0xff, 0xe0, 0x0, 0x0, 0x0,
    0x0, 0x0, 0x0, 0x0, 0x0, 0x8f, 0xfe, 0x0,
    0x0, 0x0, 0x0, 0x0, 0x0, 0x0, 0x0, 0x8,
    0xff, 0xe0, 0x0, 0x0, 0x0, 0x0, 0x0, 0x0,
    0x0, 0x0, 0x8f, 0xfe, 0x0, 0x0, 0x0, 0x0,
    0x0, 0x0, 0x0, 0x0, 0x8, 0xff, 0xf0, 0x0,
    0x0, 0x0, 0x0, 0x0, 0x0, 0x0, 0x0, 0x9f,
    0xff, 0x0, 0x0, 0x0, 0x0, 0x0, 0x0, 0x0,
    0x0, 0x0, 0x11, 0x10, 0x0, 0x0, 0x0,

    /* U+30A5 "ゥ" */
    0x0, 0x0, 0x0, 0x2, 0x22, 0x0, 0x0, 0x0,
    0x0, 0x0, 0x0, 0x0, 0xe, 0xff, 0x40, 0x0,
    0x0, 0x0, 0x0, 0x0, 0x0, 0xd, 0xff, 0x40,
    0x0, 0x0, 0x0, 0x2, 0x11, 0x11, 0x1d, 0xff,
    0x51, 0x11, 0x22, 0x0, 0xf, 0xff, 0xff, 0xff,
    0xff, 0xff, 0xff, 0xff, 0xa1, 0xe, 0xff, 0xff,
    0xff, 0xff, 0xff, 0xff, 0xff, 0xf3, 0xe, 0xff,
    0xbb, 0xbb, 0xbb, 0xbb, 0xbd, 0xff, 0xf0, 0xe,
    0xff, 0x0, 0x0, 0x0, 0x0, 0x9, 0xff, 0xd0,
    0xe, 0xff, 0x0, 0x0, 0x0, 0x0, 0xd, 0xff,
    0x90, 0xe, 0xff, 0x0, 0x0, 0x0, 0x0, 0x2f,
    0xff, 0x40, 0xd, 0xff, 0x0, 0x0, 0x0, 0x0,
    0x9f, 0xfe, 0x0, 0x0, 0x0, 0x0, 0x0, 0x0,
    0x3, 0xff, 0xf7, 0x0, 0x0, 0x0, 0x0, 0x0,
    0x0, 0x1d, 0xff, 0xe1, 0x0, 0x0, 0x0, 0x0,
    0x0, 0x4, 0xef, 0xff, 0x50, 0x0, 0x0, 0x0,
    0x0, 0x3, 0xaf, 0xff, 0xf8, 0x0, 0x0, 0x0,
    0x0, 0x38, 0xdf, 0xff, 0xff, 0x70, 0x0, 0x0,
    0x0, 0x0, 0x1e, 0xff, 0xff, 0xd3, 0x0, 0x0,
    0x0, 0x0, 0x0, 0x3, 0xff, 0xc6, 0x0, 0x0,
    0x0, 0x0, 0x0, 0x0, 0x0, 0x32, 0x0, 0x0,
    0x0, 0x0, 0x0,

    /* U+30A6 "ウ" */
    0x0, 0x0, 0x0, 0x0, 0xaa, 0xa5, 0x0, 0x0,
    0x0, 0x0, 0x0, 0x0, 0x0, 0x0, 0xff, 0xf7,
    0x0, 0x0, 0x0, 0x0, 0x0, 0x0, 0x0, 0x0,
    0xef, 0xf6, 0x0, 0x0, 0x0, 0x0, 0x0, 0x0,
    0x0, 0x0, 0xef, 0xf6, 0x0, 0x0, 0x0, 0x0,
    0x39, 0x99, 0x99, 0x99, 0xff, 0xfc, 0x99, 0x99,
    0x9b, 0x40, 0x3f, 0xff, 0xff, 0xff, 0xff, 0xff,
    0xff, 0xff, 0xff, 0xf7, 0x3f, 0xff, 0xff, 0xff,
    0xff, 0xff, 0xff, 0xff, 0xff, 0xf6, 0x3f, 0xfe,
    0x44, 0x44, 0x44, 0x44, 0x44, 0x49, 0xff, 0xf3,
    0x3f, 0xfe, 0x0, 0x0, 0x0, 0x0, 0x0, 0x9,
    0xff, 0xf0, 0x3f, 0xfe, 0x0, 0x0, 0x0, 0x0,
    0x0, 0xc, 0xff, 0xc0, 0x3f, 0xfe, 0x0, 0x0,
    0x0, 0x0, 0x0, 0x1f, 0xff, 0x70, 0x4f, 0xfe,
    0x0, 0x0, 0x0, 0x0, 0x0, 0x7f, 0xff, 0x20,
    0x28, 0x88, 0x0, 0x0, 0x0, 0x0, 0x0, 0xef,
    0xfc, 0x0, 0x0, 0x0, 0x0, 0x0, 0x0, 0x0,
    0x8, 0xff, 0xf5, 0x0, 0x0, 0x0, 0x0, 0x0,
    0x0, 0x0, 0x5f, 0xff, 0xc0, 0x0, 0x0, 0x0,
    0x0, 0x0, 0x0, 0x6, 0xff, 0xff, 0x20, 0x0,
    0x0, 0x0, 0x0, 0x0, 0x1, 0xbf, 0xff, 0xf5,
    0x0, 0x0, 0x0, 0x0, 0x0, 0x3, 0x9f, 0xff,
    0xff, 0x60, 0x0, 0x0, 0x0, 0x0, 0xa, 0xef,
    0xff, 0xff, 0xe4, 0x0, 0x0, 0x0, 0x0, 0x0,
    0x5, 0xff, 0xff, 0xf9, 0x10, 0x0, 0x0, 0x0,
    0x0, 0x0, 0x0, 0x8f, 0xe9, 0x20, 0x0, 0x0,
    0x0, 0x0, 0x0, 0x0, 0x0, 0x3, 0x0, 0x0,
    0x0, 0x0, 0x0, 0x0,

    /* U+30A7 "ェ" */
    0x7, 0xee, 0xee, 0xee, 0xee, 0xee, 0xee, 0xee,
    0x40, 0x7, 0xff, 0xff, 0xff, 0xff, 0xff, 0xff,
    0xff, 0x40, 0x7, 0xff, 0xff, 0xff, 0xff, 0xff,
    0xff, 0xff, 0x40, 0x0, 0x0, 0x0, 0xd, 0xff,
    0x40, 0x0, 0x0, 0x0, 0x0, 0x0, 0x0, 0xd,
    0xff, 0x40, 0x0, 0x0, 0x0, 0x0, 0x0, 0x0,
    0xd, 0xff, 0x40, 0x0, 0x0, 0x0, 0x0, 0x0,
    0x0, 0xd, 0xff, 0x40, 0x0, 0x0, 0x0, 0x0,
    0x0, 0x0, 0xd, 0xff, 0x40, 0x0, 0x0, 0x0,
    0x0, 0x0, 0x0, 0xd, 0xff, 0x40, 0x0, 0x0,
    0x0, 0x0, 0x0, 0x0, 0xd, 0xff, 0x40, 0x0,
    0x0, 0x0, 0x79, 0x99, 0x99, 0x9f, 0xff, 0xb9,
    0x99, 0x99, 0xa3, 0xbf, 0xff, 0xff, 0xff, 0xff,
    0xff, 0xff, 0xff, 0xf5, 0xbf, 0xff, 0xff, 0xff,
    0xff, 0xff, 0xff, 0xff, 0xf5, 0x45, 0x55, 0x55,
    0x55, 0x55, 0x55, 0x55, 0x55, 0x52,

    /* U+30A8 "エ" */
    0x0, 0xab, 0xaa, 0xaa, 0xaa, 0xaa, 0xaa, 0xaa,
    0xaa, 0xb9, 0x0, 0x0, 0xdf, 0xff, 0xff, 0xff,
    0xff, 0xff, 0xff, 0xff, 0xfc, 0x0, 0x0, 0xdf,
    0xff, 0xff, 0xff, 0xff, 0xff, 0xff, 0xff, 0xfc,
    0x0, 0x0, 0x66, 0x66, 0x66, 0x6f, 0xff, 0xa6,
    0x66, 0x66, 0x65, 0x0, 0x0, 0x0, 0x0, 0x0,
    0xe, 0xff, 0x70, 0x0, 0x0, 0x0, 0x0, 0x0,
    0x0, 0x0, 0x0, 0xe, 0xff, 0x70, 0x0, 0x0,
    0x0, 0x0, 0x0, 0x0, 0x0, 0x0, 0xe, 0xff,
    0x70, 0x0, 0x0, 0x0, 0x0, 0x0, 0x0, 0x0,
    0x0, 0xe, 0xff, 0x70, 0x0, 0x0, 0x0, 0x0,
    0x0, 0x0, 0x0, 0x0, 0xe, 0xff, 0x70, 0x0,
    0x0, 0x0, 0x0, 0x0, 0x0, 0x0, 0x0, 0xe,
    0xff, 0x70, 0x0, 0x0, 0x0, 0x0, 0x0, 0x0,
    0x0, 0x0, 0xe, 0xff, 0x70, 0x0, 0x0, 0x0,
    0x0, 0x0, 0x0, 0x0, 0x0, 0xe, 0xff, 0x70,
    0x0, 0x0, 0x0, 0x0, 0x0, 0x0, 0x0, 0x0,
    0xe, 0xff, 0x70, 0x0, 0x0, 0x0, 0x0, 0x5d,
    0xcc, 0xcc, 0xcc, 0xcf, 0xff, 0xdc, 0xcc, 0xcc,
    0xcc, 0xe0, 0x6f, 0xff, 0xff, 0xff, 0xff, 0xff,
    0xff, 0xff, 0xff, 0xff, 0xf0, 0x6f, 0xff, 0xff,
    0xff, 0xff, 0xff, 0xff, 0xff, 0xff, 0xff, 0xf0,
    0x37, 0x66, 0x66, 0x66, 0x66, 0x66, 0x66, 0x66,
    0x66, 0x66, 0x70,

    /* U+30A9 "ォ" */
    0x0, 0x0, 0x0, 0x0, 0x0, 0x22, 0x20, 0x0,
    0x0, 0x0, 0x0, 0x0, 0x0, 0x0, 0xff, 0xf0,
    0x0, 0x0, 0x0, 0x0, 0x0, 0x0, 0x0, 0xef,
    0xe0, 0x0, 0x0, 0x0, 0x0, 0x0, 0x0, 0x0,
    0xdf, 0xe0, 0x0, 0x0, 0x7, 0xbb, 0xbb, 0xbb,
    0xbb, 0xff, 0xfb, 0xbb, 0xb9, 0x9, 0xff, 0xff,
    0xff, 0xff, 0xff, 0xff, 0xff, 0xfb, 0x9, 0xff,
    0xff, 0xff, 0xff, 0xff, 0xff, 0xff, 0xfb, 0x0,
    0x0, 0x0, 0x0, 0x8f, 0xff, 0xf0, 0x0, 0x0,
    0x0, 0x0, 0x0, 0x6, 0xff, 0xff, 0xf0, 0x0,
    0x0, 0x0, 0x0, 0x0, 0x6f, 0xff, 0xff, 0xf1,
    0x0, 0x0, 0x0, 0x0, 0x8, 0xff, 0xf9, 0xbf,
    0xf1, 0x0, 0x0, 0x0, 0x1, 0xbf, 0xff, 0xa0,
    0xbf, 0xf1, 0x0, 0x0, 0x0, 0x6f, 0xff, 0xf9,
    0x0, 0xbf, 0xf2, 0x0, 0x0, 0x3c, 0xff, 0xff,
    0x70, 0x0, 0xaf, 0xf2, 0x0, 0x0, 0x1d, 0xff,
    0xe3, 0x0, 0x0, 0xaf, 0xf2, 0x0, 0x0, 0x2,
    0xe9, 0x10, 0xc, 0xa9, 0xff, 0xf2, 0x0, 0x0,
    0x0, 0x0, 0x0, 0xf, 0xff, 0xff, 0xf1, 0x0,
    0x0, 0x0, 0x0, 0x0, 0xd, 0xff, 0xff, 0x70,
    0x0, 0x0, 0x0, 0x0, 0x0, 0x0, 0x0, 0x0,
    0x0, 0x0, 0x0,

    /* U+30AA "オ" */
    0x0, 0x0, 0x0, 0x0, 0x0, 0x0, 0x33, 0x31,
    0x0, 0x0, 0x0, 0x0, 0x0, 0x0, 0x0, 0x0,
    0xe, 0xff, 0x50, 0x0, 0x0, 0x0, 0x0, 0x0,
    0x0, 0x0, 0x0, 0xcf, 0xf4, 0x0, 0x0, 0x0,
    0x0, 0x0, 0x0, 0x0, 0x0, 0xb, 0xff, 0x40,
    0x0, 0x0, 0x1, 0x21, 0x11, 0x11, 0x11, 0x11,
    0xbf, 0xf5, 0x11, 0x12, 0x20, 0x4f, 0xff, 0xff,
    0xff, 0xff, 0xff, 0xff, 0xff, 0xff, 0xfc, 0x4,
    0xff, 0xff, 0xff, 0xff, 0xff, 0xff, 0xff, 0xff,
    0xff, 0xc0, 0x4e, 0xed, 0xdd, 0xdd, 0xdd, 0xff,
    0xff, 0xed, 0xdd, 0xeb, 0x0, 0x0, 0x0, 0x0,
    0x0, 0x8f, 0xff, 0xf6, 0x0, 0x0, 0x0, 0x0,
    0x0, 0x0, 0x0, 0x5f, 0xff, 0xff, 0x60, 0x0,
    0x0, 0x0, 0x0, 0x0, 0x0, 0x5f, 0xff, 0xef,
    0xf7, 0x0, 0x0, 0x0, 0x0, 0x0, 0x0, 0x6f,
    0xff, 0xa8, 0xff, 0x70, 0x0, 0x0, 0x0, 0x0,
    0x0, 0x9f, 0xff, 0xb0, 0x8f, 0xf7, 0x0, 0x0,
    0x0, 0x0, 0x2, 0xcf, 0xff, 0xb0, 0x8, 0xff,
    0x70, 0x0, 0x0, 0x0, 0x7, 0xff, 0xff, 0xa0,
    0x0, 0x8f, 0xf8, 0x0, 0x0, 0x0, 0x5d, 0xff,
    0xff, 0x70, 0x0, 0x8, 0xff, 0x80, 0x0, 0x0,
    0x3f, 0xff, 0xfe, 0x30, 0x0, 0x0, 0x8f, 0xf8,
    0x0, 0x0, 0x0, 0x6f, 0xf9, 0x0, 0x1, 0x10,
    0x9, 0xff, 0x90, 0x0, 0x0, 0x0, 0x63, 0x0,
    0x0, 0x7f, 0xff, 0xff, 0xf9, 0x0, 0x0, 0x0,
    0x0, 0x0, 0x0, 0x6, 0xff, 0xff, 0xff, 0x70,
    0x0, 0x0, 0x0, 0x0, 0x0, 0x0, 0x4e, 0xff,
    0xff, 0xa0, 0x0, 0x0, 0x0, 0x0, 0x0, 0x0,
    0x0, 0x0, 0x0, 0x0, 0x0, 0x0, 0x0,

    /* U+30AB "カ" */
    0x0, 0x0, 0x0, 0x2, 0x44, 0x30, 0x0, 0x0,
    0x0, 0x0, 0x0, 0x0, 0x0, 0x8, 0xff, 0xd0,
    0x0, 0x0, 0x0, 0x0, 0x0, 0x0, 0x0, 0x7,
    0xff, 0xc0, 0x0, 0x0, 0x0, 0x0, 0x0, 0x0,
    0x0, 0x7, 0xff, 0xb0, 0x0, 0x0, 0x0, 0x0,
    0x1, 0x0, 0x0, 0x7, 0xff, 0xb0, 0x0, 0x0,
    0x0, 0x0, 0x1f, 0xff, 0xff, 0xff, 0xff, 0xff,
    0xff, 0xff, 0xfd, 0x60, 0x1f, 0xff, 0xff, 0xff,
    0xff, 0xff, 0xff, 0xff, 0xff, 0xf0, 0x1f, 0xfe,
    0xee, 0xef, 0xff, 0xfe, 0xee, 0xef, 0xff, 0xe0,
    0x0, 0x0, 0x0, 0xd, 0xff, 0x40, 0x0, 0x3,
    0xff, 0xd0, 0x0, 0x0, 0x0, 0x1f, 0xff, 0x10,
    0x0, 0x4, 0xff, 0xc0, 0x0, 0x0, 0x0, 0x4f,
    0xfe, 0x0, 0x0, 0x4, 0xff, 0xb0, 0x0, 0x0,
    0x0, 0x9f, 0xfa, 0x0, 0x0, 0x5, 0xff, 0xa0,
    0x0, 0x0, 0x0, 0xef, 0xf5, 0x0, 0x0, 0x7,
    0xff, 0x90, 0x0, 0x0, 0x7, 0xff, 0xf0, 0x0,
    0x0, 0x8, 0xff, 0x70, 0x0, 0x0, 0x1e, 0xff,
    0x90, 0x0, 0x0, 0xa, 0xff, 0x60, 0x0, 0x0,
    0xbf, 0xff, 0x20, 0x0, 0x0, 0xd, 0xff, 0x40,
    0x0, 0x9, 0xff, 0xf8, 0x0, 0x0, 0x0, 0x1f,
    0xff, 0x10, 0x0, 0xaf, 0xff, 0xc0, 0x0, 0x65,
    0x33, 0xaf, 0xfe, 0x0, 0x4d, 0xff, 0xfe, 0x10,
    0x0, 0xdf, 0xff, 0xff, 0xfa, 0x0, 0x4f, 0xff,
    0xd2, 0x0, 0x0, 0xbf, 0xff, 0xff, 0xf3, 0x0,
    0x2, 0xdc, 0x10, 0x0, 0x0, 0x7c, 0xde, 0xec,
    0x50, 0x0, 0x0, 0x0, 0x0, 0x0, 0x0, 0x0,
    0x0, 0x0, 0x0, 0x0,

    /* U+30AC "ガ" */
    0x0, 0x0, 0x0, 0x0, 0x0, 0x0, 0x0, 0x0,
    0x0, 0x2, 0x20, 0x0, 0x0, 0x0, 0x0, 0x2,
    0x22, 0x0, 0x0, 0x0, 0x25, 0xfd, 0x0, 0x0,
    0x0, 0x0, 0x2, 0xff, 0xf3, 0x0, 0x3, 0xee,
    0x1d, 0xf7, 0x0, 0x0, 0x0, 0x0, 0x1f, 0xff,
    0x20, 0x0, 0xc, 0xf9, 0x4f, 0xf1, 0x0, 0x0,
    0x0, 0x1, 0xff, 0xf1, 0x0, 0x0, 0x3f, 0xf2,
    0x72, 0x0, 0x0, 0x0, 0x0, 0x1f, 0xff, 0x10,
    0x0, 0x0, 0x84, 0x0, 0x0, 0xb, 0xee, 0xdd,
    0xde, 0xff, 0xfd, 0xdd, 0xdd, 0xee, 0x70, 0x0,
    0x0, 0xbf, 0xff, 0xff, 0xff, 0xff, 0xff, 0xff,
    0xff, 0xff, 0x60, 0x0, 0xb, 0xff, 0xff, 0xff,
    0xff, 0xff, 0xff, 0xff, 0xff, 0xf4, 0x0, 0x0,
    0x11, 0x0, 0x0, 0x7f, 0xfb, 0x0, 0x0, 0xd,
    0xff, 0x30, 0x0, 0x0, 0x0, 0x0, 0xa, 0xff,
    0x80, 0x0, 0x0, 0xdf, 0xf2, 0x0, 0x0, 0x0,
    0x0, 0x0, 0xef, 0xf5, 0x0, 0x0, 0xe, 0xff,
    0x20, 0x0, 0x0, 0x0, 0x0, 0x2f, 0xff, 0x10,
    0x0, 0x0, 0xff, 0xf0, 0x0, 0x0, 0x0, 0x0,
    0x8, 0xff, 0xc0, 0x0, 0x0, 0xf, 0xff, 0x0,
    0x0, 0x0, 0x0, 0x1, 0xff, 0xf7, 0x0, 0x0,
    0x2, 0xff, 0xe0, 0x0, 0x0, 0x0, 0x0, 0x9f,
    0xff, 0x10, 0x0, 0x0, 0x4f, 0xfc, 0x0, 0x0,
    0x0, 0x0, 0x4f, 0xff, 0x80, 0x0, 0x0, 0x6,
    0xff, 0xa0, 0x0, 0x0, 0x0, 0x3f, 0xff, 0xe1,
    0x0, 0x0, 0x0, 0xaf, 0xf8, 0x0, 0x0, 0x0,
    0x4f, 0xff, 0xf4, 0x0, 0x34, 0x21, 0x4f, 0xff,
    0x50, 0x0, 0x0, 0x8f, 0xff, 0xf7, 0x0, 0x7,
    0xff, 0xff, 0xff, 0xf1, 0x0, 0x0, 0x2d, 0xff,
    0xf7, 0x0, 0x0, 0x5f, 0xff, 0xff, 0xfa, 0x0,
    0x0, 0x0, 0xa, 0xf6, 0x0, 0x0, 0x3, 0xde,
    0xff, 0xfa, 0x0, 0x0, 0x0, 0x0, 0x1, 0x0,
    0x0, 0x0, 0x0, 0x0, 0x0, 0x0, 0x0, 0x0,
    0x0,

    /* U+30AD "キ" */
    0x0, 0x0, 0x0, 0x2, 0x55, 0x0, 0x0, 0x0,
    0x0, 0x0, 0x0, 0x0, 0x0, 0x9f, 0xfc, 0x0,
    0x0, 0x0, 0x0, 0x0, 0x0, 0x0, 0x0, 0x5f,
    0xfe, 0x0, 0x0, 0x0, 0x0, 0x0, 0x0, 0x0,
    0x0, 0x2f, 0xff, 0x10, 0x0, 0x25, 0x83, 0x0,
    0x0, 0x0, 0x0, 0xe, 0xff, 0x9a, 0xcf, 0xff,
    0xf7, 0x0, 0x12, 0x46, 0x8a, 0xdf, 0xff, 0xff,
    0xff, 0xff, 0xfa, 0x0, 0xbf, 0xff, 0xff, 0xff,
    0xff, 0xff, 0xff, 0xeb, 0x95, 0x0, 0x8f, 0xff,
    0xff, 0xff, 0xff, 0xf5, 0x30, 0x0, 0x0, 0x0,
    0x4f, 0xda, 0x75, 0x22, 0xff, 0xf0, 0x0, 0x0,
    0x0, 0x0, 0x1, 0x0, 0x0, 0x0, 0xff, 0xf3,
    0x0, 0x0, 0x0, 0x0, 0x0, 0x0, 0x0, 0x0,
    0xcf, 0xf6, 0x0, 0x36, 0x8c, 0xf6, 0x0, 0x0,
    0x0, 0x0, 0xaf, 0xfe, 0xdf, 0xff, 0xff, 0xf9,
    0x2, 0x46, 0x9b, 0xef, 0xff, 0xff, 0xff, 0xff,
    0xff, 0xfc, 0xbf, 0xff, 0xff, 0xff, 0xff, 0xff,
    0xff, 0xda, 0x75, 0x20, 0x7f, 0xff, 0xff, 0xff,
    0xcf, 0xff, 0x50, 0x0, 0x0, 0x0, 0x4f, 0xda,
    0x74, 0x20, 0xd, 0xff, 0x60, 0x0, 0x0, 0x0,
    0x0, 0x0, 0x0, 0x0, 0xa, 0xff, 0x90, 0x0,
    0x0, 0x0, 0x0, 0x0, 0x0, 0x0, 0x7, 0xff,
    0xc0, 0x0, 0x0, 0x0, 0x0, 0x0, 0x0, 0x0,
    0x4, 0xff, 0xf0, 0x0, 0x0, 0x0, 0x0, 0x0,
    0x0, 0x0, 0x1, 0xff, 0xf4, 0x0, 0x0, 0x0,
    0x0, 0x0, 0x0, 0x0, 0x0, 0xff, 0xf7, 0x0,
    0x0, 0x0, 0x0, 0x0, 0x0, 0x0, 0x0, 0x53,
    0x10, 0x0, 0x0, 0x0,

    /* U+30AE "ギ" */
    0x0, 0x0, 0x0, 0x0, 0x0, 0x0, 0x0, 0x0,
    0x0, 0x39, 0x50, 0x0, 0x0, 0x0, 0x0, 0x0,
    0x0, 0x0, 0x0, 0x17, 0x66, 0xfe, 0x0, 0x0,
    0x0, 0x0, 0xa, 0xcf, 0x50, 0x0, 0x5, 0xff,
    0x1c, 0xf8, 0x0, 0x0, 0x0, 0x0, 0xcf, 0xf7,
    0x0, 0x0, 0xb, 0xfa, 0x4f, 0x90, 0x0, 0x0,
    0x0, 0x9, 0xff, 0xa0, 0x0, 0x0, 0x3f, 0xc0,
    0x10, 0x0, 0x0, 0x0, 0x0, 0x5f, 0xfd, 0x14,
    0x69, 0xcf, 0xf0, 0x0, 0x0, 0x0, 0x0, 0x2,
    0x59, 0xff, 0xff, 0xff, 0xff, 0xff, 0x30, 0x0,
    0x1, 0xbc, 0xef, 0xff, 0xff, 0xff, 0xff, 0xff,
    0xff, 0xf5, 0x0, 0x0, 0xf, 0xff, 0xff, 0xff,
    0xff, 0xfe, 0xb8, 0x64, 0x10, 0x0, 0x0, 0x0,
    0xcf, 0xff, 0xda, 0x8c, 0xff, 0x90, 0x0, 0x0,
    0x0, 0x0, 0x0, 0x5, 0x63, 0x0, 0x0, 0x6f,
    0xfc, 0x0, 0x0, 0x0, 0x0, 0x0, 0x0, 0x0,
    0x0, 0x0, 0x3, 0xff, 0xf0, 0x0, 0x0, 0x26,
    0x90, 0x0, 0x0, 0x0, 0x0, 0x0, 0xf, 0xff,
    0x77, 0xad, 0xff, 0xff, 0x20, 0x0, 0x0, 0x0,
    0x35, 0x8a, 0xff, 0xff, 0xff, 0xff, 0xff, 0xf5,
    0x0, 0xa, 0xce, 0xff, 0xff, 0xff, 0xff, 0xff,
    0xff, 0xfd, 0xb8, 0x30, 0x0, 0xef, 0xff, 0xff,
    0xff, 0xff, 0xfe, 0x85, 0x20, 0x0, 0x0, 0x0,
    0xb, 0xff, 0xfd, 0xa7, 0x45, 0xff, 0xf0, 0x0,
    0x0, 0x0, 0x0, 0x0, 0x45, 0x30, 0x0, 0x0,
    0xf, 0xff, 0x20, 0x0, 0x0, 0x0, 0x0, 0x0,
    0x0, 0x0, 0x0, 0x0, 0xdf, 0xf5, 0x0, 0x0,
    0x0, 0x0, 0x0, 0x0, 0x0, 0x0, 0x0, 0xb,
    0xff, 0x80, 0x0, 0x0, 0x0, 0x0, 0x0, 0x0,
    0x0, 0x0, 0x0, 0x8f, 0xfc, 0x0, 0x0, 0x0,
    0x0, 0x0, 0x0, 0x0, 0x0, 0x0, 0x5, 0xff,
    0xf0, 0x0, 0x0, 0x0, 0x0, 0x0, 0x0, 0x0,
    0x0, 0x0, 0x3c, 0x96, 0x10, 0x0, 0x0, 0x0,
    0x0,

    /* U+30AF "ク" */
    0x0, 0x0, 0x0, 0x0, 0x9, 0x50, 0x0, 0x0,
    0x0, 0x0, 0x0, 0x0, 0x0, 0x0, 0x3, 0xff,
    0xf6, 0x0, 0x0, 0x0, 0x0, 0x0, 0x0, 0x0,
    0x0, 0xbf, 0xff, 0x10, 0x0, 0x0, 0x0, 0x0,
    0x0, 0x0, 0x0, 0x4f, 0xff, 0x80, 0x0, 0x1,
    0x22, 0x0, 0x0, 0x0, 0x0, 0x1e, 0xff, 0xff,
    0xff, 0xff, 0xff, 0xf7, 0x0, 0x0, 0x0, 0xb,
    0xff, 0xff, 0xff, 0xff, 0xff, 0xff, 0xf5, 0x0,
    0x0, 0x8, 0xff, 0xfc, 0xaa, 0xaa, 0xaa, 0xff,
    0xfe, 0x0, 0x0, 0x7, 0xff, 0xfb, 0x0, 0x0,
    0x0, 0x1f, 0xff, 0x90, 0x0, 0x9, 0xff, 0xfd,
    0x10, 0x0, 0x0, 0x6, 0xff, 0xf3, 0x0, 0x2c,
    0xff, 0xfd, 0x10, 0x0, 0x0, 0x0, 0xdf, 0xfd,
    0x0, 0x1e, 0xff, 0xfc, 0x10, 0x0, 0x0, 0x0,
    0x6f, 0xff, 0x50, 0x0, 0x2d, 0xfa, 0x0, 0x0,
    0x0, 0x0, 0x1e, 0xff, 0xd0, 0x0, 0x0, 0x4,
    0x0, 0x0, 0x0, 0x0, 0xa, 0xff, 0xf4, 0x0,
    0x0, 0x0, 0x0, 0x0, 0x0, 0x0, 0x8, 0xff,
    0xfa, 0x0, 0x0, 0x0, 0x0, 0x0, 0x0, 0x0,
    0x7, 0xff, 0xfd, 0x0, 0x0, 0x0, 0x0, 0x0,
    0x0, 0x0, 0x9, 0xff, 0xfe, 0x20, 0x0, 0x0,
    0x0, 0x0, 0x0, 0x0, 0x3d, 0xff, 0xfe, 0x30,
    0x0, 0x0, 0x0, 0x0, 0x0, 0x2, 0x9f, 0xff,
    0xfe, 0x20, 0x0, 0x0, 0x0, 0x0, 0x0, 0x5b,
    0xff, 0xff, 0xfb, 0x10, 0x0, 0x0, 0x0, 0x0,
    0x0, 0x7f, 0xff, 0xff, 0xe6, 0x0, 0x0, 0x0,
    0x0, 0x0, 0x0, 0x0, 0x6f, 0xff, 0x81, 0x0,
    0x0, 0x0, 0x0, 0x0, 0x0, 0x0, 0x0, 0x57,
    0x0, 0x0, 0x0, 0x0, 0x0, 0x0, 0x0,

    /* U+30B0 "グ" */
    0x0, 0x0, 0x0, 0x0, 0x0, 0x0, 0x0, 0x0,
    0x0, 0x0, 0x69, 0x0, 0x0, 0x0, 0x0, 0x0,
    0x2, 0x10, 0x0, 0x0, 0x3, 0x81, 0xef, 0x50,
    0x0, 0x0, 0x0, 0x0, 0xc, 0xfb, 0x60, 0x0,
    0xd, 0xf7, 0x6f, 0xe0, 0x0, 0x0, 0x0, 0x0,
    0x3f, 0xff, 0x80, 0x0, 0x5, 0xff, 0x1d, 0xd3,
    0x0, 0x0, 0x0, 0x0, 0xcf, 0xfe, 0x0, 0x0,
    0x0, 0xcf, 0x51, 0x0, 0x0, 0x0, 0x0, 0x7,
    0xff, 0xfd, 0xaa, 0xaa, 0xac, 0xf5, 0x0, 0x0,
    0x0, 0x0, 0x0, 0x2f, 0xff, 0xff, 0xff, 0xff,
    0xff, 0xff, 0x80, 0x0, 0x0, 0x0, 0x1, 0xdf,
    0xff, 0xff, 0xff, 0xff, 0xff, 0xff, 0x50, 0x0,
    0x0, 0x0, 0xc, 0xff, 0xf5, 0x0, 0x0, 0x0,
    0xbf, 0xff, 0x0, 0x0, 0x0, 0x1, 0xcf, 0xff,
    0x70, 0x0, 0x0, 0x0, 0xff, 0xfa, 0x0, 0x0,
    0x0, 0x3e, 0xff, 0xf8, 0x0, 0x0, 0x0, 0x6,
    0xff, 0xf4, 0x0, 0x0, 0x8, 0xff, 0xff, 0x80,
    0x0, 0x0, 0x0, 0xe, 0xff, 0xc0, 0x0, 0x0,
    0x4, 0xef, 0xf6, 0x0, 0x0, 0x0, 0x0, 0x7f,
    0xff, 0x40, 0x0, 0x0, 0x0, 0x1a, 0x30, 0x0,
    0x0, 0x0, 0x2, 0xff, 0xfc, 0x0, 0x0, 0x0,
    0x0, 0x0, 0x0, 0x0, 0x0, 0x0, 0x1d, 0xff,
    0xf3, 0x0, 0x0, 0x0, 0x0, 0x0, 0x0, 0x0,
    0x0, 0x0, 0xcf, 0xff, 0x70, 0x0, 0x0, 0x0,
    0x0, 0x0, 0x0, 0x0, 0x0, 0x1c, 0xff, 0xfa,
    0x0, 0x0, 0x0, 0x0, 0x0, 0x0, 0x0, 0x0,
    0x4, 0xef, 0xff, 0xb0, 0x0, 0x0, 0x0, 0x0,
    0x0, 0x0, 0x0, 0x2, 0xaf, 0xff, 0xfb, 0x0,
    0x0, 0x0, 0x0, 0x0, 0x0, 0x0, 0x3, 0xaf,
    0xff, 0xff, 0x90, 0x0, 0x0, 0x0, 0x0, 0x0,
    0x0, 0x4, 0xdf, 0xff, 0xff, 0xe5, 0x0, 0x0,
    0x0, 0x0, 0x0, 0x0, 0x0, 0x0, 0x8f, 0xff,
    0xf8, 0x0, 0x0, 0x0, 0x0, 0x0, 0x0, 0x0,
    0x0, 0x0, 0x7, 0xe8, 0x10, 0x0, 0x0, 0x0,
    0x0, 0x0, 0x0, 0x0, 0x0, 0x0, 0x0, 0x0,
    0x0, 0x0, 0x0, 0x0, 0x0, 0x0, 0x0, 0x0,

    /* U+30B1 "ケ" */
    0x0, 0x0, 0x0, 0x63, 0x0, 0x0, 0x0, 0x0,
    0x0, 0x0, 0x0, 0x0, 0x0, 0x1, 0xff, 0xf8,
    0x0, 0x0, 0x0, 0x0, 0x0, 0x0, 0x0, 0x0,
    0x5, 0xff, 0xf3, 0x0, 0x0, 0x0, 0x0, 0x0,
    0x0, 0x0, 0x0, 0xa, 0xff, 0xd0, 0x0, 0x0,
    0x0, 0x0, 0x0, 0x0, 0x0, 0x0, 0xf, 0xff,
    0x81, 0x11, 0x11, 0x11, 0x11, 0x11, 0x30, 0x0,
    0x0, 0x7f, 0xff, 0xff, 0xff, 0xff, 0xff, 0xff,
    0xff, 0xf2, 0x0, 0x1, 0xff, 0xff, 0xff, 0xff,
    0xff, 0xff, 0xff, 0xff, 0xf2, 0x0, 0xa, 0xff,
    0xfe, 0xee, 0xee, 0xff, 0xff, 0xee, 0xee, 0xf2,
    0x0, 0x6f, 0xff, 0x80, 0x0, 0x1, 0xff, 0xf3,
    0x0, 0x0, 0x0, 0x4, 0xff, 0xfe, 0x0, 0x0,
    0x3, 0xff, 0xf2, 0x0, 0x0, 0x0, 0x4f, 0xff,
    0xf3, 0x0, 0x0, 0x6, 0xff, 0xf0, 0x0, 0x0,
    0x0, 0x6f, 0xff, 0x60, 0x0, 0x0, 0xa, 0xff,
    0xc0, 0x0, 0x0, 0x0, 0x1, 0xa8, 0x0, 0x0,
    0x0, 0xf, 0xff, 0x80, 0x0, 0x0, 0x0, 0x0,
    0x0, 0x0, 0x0, 0x0, 0x6f, 0xff, 0x30, 0x0,
    0x0, 0x0, 0x0, 0x0, 0x0, 0x0, 0x0, 0xef,
    0xfd, 0x0, 0x0, 0x0, 0x0, 0x0, 0x0, 0x0,
    0x0, 0xa, 0xff, 0xf5, 0x0, 0x0, 0x0, 0x0,
    0x0, 0x0, 0x0, 0x0, 0x8f, 0xff, 0xc0, 0x0,
    0x0, 0x0, 0x0, 0x0, 0x0, 0x0, 0x8, 0xff,
    0xff, 0x20, 0x0, 0x0, 0x0, 0x0, 0x0, 0x0,
    0x3, 0xcf, 0xff, 0xf5, 0x0, 0x0, 0x0, 0x0,
    0x0, 0x0, 0x0, 0x9, 0xff, 0xff, 0x60, 0x0,
    0x0, 0x0, 0x0, 0x0, 0x0, 0x0, 0x0, 0x4e,
    0xe4, 0x0, 0x0, 0x0, 0x0, 0x0, 0x0, 0x0,
    0x0, 0x0, 0x1, 0x10, 0x0, 0x0, 0x0, 0x0,
    0x0, 0x0,

    /* U+30B2 "ゲ" */
    0x0, 0x0, 0x0, 0x0, 0x0, 0x0, 0x0, 0x0,
    0x0, 0x0, 0x45, 0x0, 0x0, 0x0, 0x0, 0x0,
    0x0, 0x0, 0x0, 0x0, 0x2, 0x54, 0xff, 0x10,
    0x0, 0x0, 0x0, 0x3f, 0xc9, 0x30, 0x0, 0x0,
    0x2f, 0xf3, 0xaf, 0xa0, 0x0, 0x0, 0x0, 0x6f,
    0xff, 0x20, 0x0, 0x0, 0x9, 0xfc, 0x2f, 0xe1,
    0x0, 0x0, 0x0, 0xbf, 0xfc, 0x0, 0x0, 0x0,
    0x1, 0xff, 0x34, 0x0, 0x0, 0x0, 0x1, 0xff,
    0xf6, 0x0, 0x0, 0x0, 0x0, 0x42, 0x0, 0x0,
    0x0, 0x0, 0x7, 0xff, 0xfc, 0xbb, 0xbb, 0xbb,
    0xbb, 0xbb, 0xbc, 0x0, 0x0, 0x0, 0x1e, 0xff,
    0xff, 0xff, 0xff, 0xff, 0xff, 0xff, 0xff, 0x0,
    0x0, 0x0, 0xaf, 0xff, 0xff, 0xff, 0xff, 0xff,
    0xff, 0xff, 0xff, 0x0, 0x0, 0x5, 0xff, 0xfa,
    0x55, 0x55, 0x8f, 0xff, 0x55, 0x55, 0x55, 0x0,
    0x0, 0x3f, 0xff, 0xe0, 0x0, 0x0, 0x6f, 0xff,
    0x0, 0x0, 0x0, 0x0, 0x2, 0xef, 0xff, 0x40,
    0x0, 0x0, 0x8f, 0xfd, 0x0, 0x0, 0x0, 0x0,
    0xd, 0xff, 0xf8, 0x0, 0x0, 0x0, 0xcf, 0xfa,
    0x0, 0x0, 0x0, 0x0, 0x1, 0x9f, 0xa0, 0x0,
    0x0, 0x1, 0xff, 0xf6, 0x0, 0x0, 0x0, 0x0,
    0x0, 0x3, 0x0, 0x0, 0x0, 0x7, 0xff, 0xf2,
    0x0, 0x0, 0x0, 0x0, 0x0, 0x0, 0x0, 0x0,
    0x0, 0xe, 0xff, 0xc0, 0x0, 0x0, 0x0, 0x0,
    0x0, 0x0, 0x0, 0x0, 0x0, 0x9f, 0xff, 0x50,
    0x0, 0x0, 0x0, 0x0, 0x0, 0x0, 0x0, 0x0,
    0x5, 0xff, 0xfd, 0x0, 0x0, 0x0, 0x0, 0x0,
    0x0, 0x0, 0x0, 0x0, 0x5f, 0xff, 0xf3, 0x0,
    0x0, 0x0, 0x0, 0x0, 0x0, 0x0, 0x0, 0x8,
    0xff, 0xff, 0x70, 0x0, 0x0, 0x0, 0x0, 0x0,
    0x0, 0x0, 0x1, 0xdf, 0xff, 0xf9, 0x0, 0x0,
    0x0, 0x0, 0x0, 0x0, 0x0, 0x0, 0x0, 0x3d,
    0xff, 0x70, 0x0, 0x0, 0x0, 0x0, 0x0, 0x0,
    0x0, 0x0, 0x0, 0x0, 0x74, 0x0, 0x0, 0x0,
    0x0, 0x0, 0x0, 0x0,

    /* U+30B3 "コ" */
    0x0, 0x0, 0x0, 0x0, 0x0, 0x0, 0x0, 0x0,
    0x0, 0x7f, 0xfe, 0xee, 0xee, 0xee, 0xee, 0xee,
    0xee, 0xea, 0x7f, 0xff, 0xff, 0xff, 0xff, 0xff,
    0xff, 0xff, 0xfa, 0x7f, 0xff, 0xff, 0xff, 0xff,
    0xff, 0xff, 0xff, 0xfa, 0x13, 0x22, 0x22, 0x22,
    0x22, 0x22, 0x22, 0xcf, 0xfa, 0x0, 0x0, 0x0,
    0x0, 0x0, 0x0, 0x0, 0xbf, 0xfa, 0x0, 0x0,
    0x0, 0x0, 0x0, 0x0, 0x0, 0xbf, 0xfa, 0x0,
    0x0, 0x0, 0x0, 0x0, 0x0, 0x0, 0xbf, 0xfa,
    0x0, 0x0, 0x0, 0x0, 0x0, 0x0, 0x0, 0xbf,
    0xfa, 0x0, 0x0, 0x0, 0x0, 0x0, 0x0, 0x0,
    0xbf, 0xfa, 0x0, 0x0, 0x0, 0x0, 0x0, 0x0,
    0x0, 0xbf, 0xfa, 0x0, 0x0, 0x0, 0x0, 0x0,
    0x0, 0x0, 0xbf, 0xfa, 0x0, 0x0, 0x0, 0x0,
    0x0, 0x0, 0x0, 0xbf, 0xfa, 0x0, 0x0, 0x0,
    0x0, 0x0, 0x0, 0x0, 0xbf, 0xfa, 0xcf, 0xee,
    0xee, 0xee, 0xee, 0xee, 0xee, 0xff, 0xfa, 0xcf,
    0xff, 0xff, 0xff, 0xff, 0xff, 0xff, 0xff, 0xfa,
    0xcf, 0xff, 0xff, 0xff, 0xff, 0xff, 0xff, 0xff,
    0xfa, 0x44, 0x43, 0x33, 0x33, 0x33, 0x33, 0x33,
    0xcf, 0xfb, 0x0, 0x0, 0x0, 0x0, 0x0, 0x0,
    0x0, 0x57, 0x75,

    /* U+30B4 "ゴ" */
    0x0, 0x0, 0x0, 0x0, 0x0, 0x0, 0x0, 0x0,
    0x2, 0x85, 0x0, 0x0, 0x0, 0x0, 0x0, 0x0,
    0x0, 0x0, 0x7d, 0x47, 0xff, 0x10, 0x0, 0x0,
    0x0, 0x0, 0x0, 0x0, 0x0, 0x9f, 0xd0, 0xdf,
    0x90, 0x0, 0x0, 0x0, 0x0, 0x0, 0x0, 0x0,
    0x1e, 0xf7, 0x4f, 0x90, 0x3, 0x22, 0x22, 0x22,
    0x22, 0x22, 0x22, 0x28, 0xd6, 0x1, 0x0, 0xd,
    0xff, 0xff, 0xff, 0xff, 0xff, 0xff, 0xff, 0xff,
    0x50, 0x0, 0xd, 0xff, 0xff, 0xff, 0xff, 0xff,
    0xff, 0xff, 0xff, 0x40, 0x0, 0xd, 0xff, 0xff,
    0xff, 0xff, 0xff, 0xff, 0xff, 0xff, 0x40, 0x0,
    0x0, 0x0, 0x0, 0x0, 0x0, 0x0, 0x0, 0xf,
    0xff, 0x40, 0x0, 0x0, 0x0, 0x0, 0x0, 0x0,
    0x0, 0x0, 0xf, 0xff, 0x40, 0x0, 0x0, 0x0,
    0x0, 0x0, 0x0, 0x0, 0x0, 0xf, 0xff, 0x40,
    0x0, 0x0, 0x0, 0x0, 0x0, 0x0, 0x0, 0x0,
    0xf, 0xff, 0x40, 0x0, 0x0, 0x0, 0x0, 0x0,
    0x0, 0x0, 0x0, 0xf, 0xff, 0x40, 0x0, 0x0,
    0x0, 0x0, 0x0, 0x0, 0x0, 0x0, 0xf, 0xff,
    0x40, 0x0, 0x0, 0x0, 0x0, 0x0, 0x0, 0x0,
    0x0, 0xf, 0xff, 0x40, 0x0, 0x0, 0x0, 0x0,
    0x0, 0x0, 0x0, 0x0, 0xf, 0xff, 0x40, 0x0,
    0x0, 0x0, 0x0, 0x0, 0x0, 0x0, 0x0, 0xf,
    0xff, 0x40, 0x0, 0x3, 0x21, 0x11, 0x11, 0x11,
    0x11, 0x11, 0x2f, 0xff, 0x40, 0x0, 0x1f, 0xff,
    0xff, 0xff, 0xff, 0xff, 0xff, 0xff, 0xff, 0x40,
    0x0, 0x1f, 0xff, 0xff, 0xff, 0xff, 0xff, 0xff,
    0xff, 0xff, 0x40, 0x0, 0x1f, 0xff, 0xff, 0xff,
    0xff, 0xff, 0xff, 0xff, 0xff, 0x40, 0x0, 0x2,
    0x10, 0x0, 0x0, 0x0, 0x0, 0x0, 0x1f, 0xff,
    0x50, 0x0, 0x0, 0x0, 0x0, 0x0, 0x0, 0x0,
    0x0, 0x4, 0x44, 0x10, 0x0,

    /* U+30B5 "サ" */
    0x0, 0x0, 0xa, 0xaa, 0x20, 0x0, 0x3, 0xee,
    0xe1, 0x0, 0x0, 0x0, 0x0, 0xf, 0xff, 0x20,
    0x0, 0x3, 0xff, 0xf0, 0x0, 0x0, 0x0, 0x0,
    0xf, 0xff, 0x20, 0x0, 0x2, 0xff, 0xf0, 0x0,
    0x0, 0x0, 0x0, 0xf, 0xff, 0x20, 0x0, 0x2,
    0xff, 0xf0, 0x0, 0x0, 0x33, 0x22, 0x2f, 0xff,
    0x42, 0x22, 0x24, 0xff, 0xf2, 0x22, 0x31, 0xaf,
    0xff, 0xff, 0xff, 0xff, 0xff, 0xff, 0xff, 0xff,
    0xff, 0xf6, 0xaf, 0xff, 0xff, 0xff, 0xff, 0xff,
    0xff, 0xff, 0xff, 0xff, 0xf6, 0x8d, 0xdd, 0xdf,
    0xff, 0xdd, 0xdd, 0xdd, 0xff, 0xfd, 0xdd, 0xd5,
    0x0, 0x0, 0xf, 0xff, 0x20, 0x0, 0x2, 0xff,
    0xf0, 0x0, 0x0, 0x0, 0x0, 0xf, 0xff, 0x20,
    0x0, 0x3, 0xff, 0xe0, 0x0, 0x0, 0x0, 0x0,
    0xf, 0xff, 0x20, 0x0, 0x4, 0xff, 0xe0, 0x0,
    0x0, 0x0, 0x0, 0xf, 0xff, 0x20, 0x0, 0x6,
    0xff, 0xc0, 0x0, 0x0, 0x0, 0x0, 0xf, 0xff,
    0x20, 0x0, 0x9, 0xff, 0xa0, 0x0, 0x0, 0x0,
    0x0, 0x9, 0x99, 0x20, 0x0, 0xe, 0xff, 0x60,
    0x0, 0x0, 0x0, 0x0, 0x0, 0x0, 0x0, 0x0,
    0x6f, 0xff, 0x20, 0x0, 0x0, 0x0, 0x0, 0x0,
    0x0, 0x0, 0x2, 0xff, 0xfb, 0x0, 0x0, 0x0,
    0x0, 0x0, 0x0, 0x0, 0x0, 0x4e, 0xff, 0xf3,
    0x0, 0x0, 0x0, 0x0, 0x0, 0x0, 0x0, 0x3b,
    0xff, 0xff, 0x60, 0x0, 0x0, 0x0, 0x0, 0x0,
    0x0, 0x7, 0xff, 0xff, 0xf6, 0x0, 0x0, 0x0,
    0x0, 0x0, 0x0, 0x0, 0x0, 0x9f, 0xfd, 0x30,
    0x0, 0x0, 0x0, 0x0, 0x0, 0x0, 0x0, 0x0,
    0x7, 0x50, 0x0, 0x0, 0x0, 0x0, 0x0,

    /* U+30B6 "ザ" */
    0x0, 0x0, 0x0, 0x0, 0x0, 0x0, 0x0, 0x0,
    0x0, 0x0, 0x23, 0x0, 0x0, 0x3, 0x88, 0x80,
    0x0, 0x0, 0x4c, 0xcc, 0x28, 0x2f, 0xd0, 0x0,
    0x0, 0x4f, 0xfe, 0x0, 0x0, 0x4, 0xff, 0xf5,
    0xf7, 0x9f, 0x40, 0x0, 0x4, 0xff, 0xe0, 0x0,
    0x0, 0x3f, 0xfe, 0xf, 0xd3, 0xf9, 0x0, 0x0,
    0x4f, 0xfe, 0x0, 0x0, 0x3, 0xff, 0xe0, 0xad,
    0x13, 0x1, 0x0, 0x4, 0xff, 0xe0, 0x0, 0x0,
    0x3f, 0xfe, 0x0, 0x1, 0x0, 0xef, 0xff, 0xff,
    0xff, 0xff, 0xff, 0xff, 0xff, 0xff, 0xff, 0xf5,
    0xe, 0xff, 0xff, 0xff, 0xff, 0xff, 0xff, 0xff,
    0xff, 0xff, 0xff, 0x50, 0xef, 0xff, 0xff, 0xff,
    0xff, 0xff, 0xff, 0xff, 0xff, 0xff, 0xf5, 0x0,
    0x0, 0x4, 0xff, 0xe0, 0x0, 0x0, 0x3f, 0xfe,
    0x0, 0x0, 0x0, 0x0, 0x0, 0x4f, 0xfe, 0x0,
    0x0, 0x3, 0xff, 0xe0, 0x0, 0x0, 0x0, 0x0,
    0x4, 0xff, 0xe0, 0x0, 0x0, 0x4f, 0xfd, 0x0,
    0x0, 0x0, 0x0, 0x0, 0x4f, 0xfe, 0x0, 0x0,
    0x6, 0xff, 0xc0, 0x0, 0x0, 0x0, 0x0, 0x4,
    0xff, 0xe0, 0x0, 0x0, 0x9f, 0xf9, 0x0, 0x0,
    0x0, 0x0, 0x0, 0x4c, 0xcb, 0x0, 0x0, 0xe,
    0xff, 0x60, 0x0, 0x0, 0x0, 0x0, 0x0, 0x0,
    0x0, 0x0, 0x6, 0xff, 0xf1, 0x0, 0x0, 0x0,
    0x0, 0x0, 0x0, 0x0, 0x0, 0x2, 0xef, 0xfb,
    0x0, 0x0, 0x0, 0x0, 0x0, 0x0, 0x0, 0x0,
    0x3, 0xef, 0xff, 0x30, 0x0, 0x0, 0x0, 0x0,
    0x0, 0x0, 0x0, 0x2a, 0xff, 0xff, 0x70, 0x0,
    0x0, 0x0, 0x0, 0x0, 0x0, 0x0, 0xaf, 0xff,
    0xff, 0x70, 0x0, 0x0, 0x0, 0x0, 0x0, 0x0,
    0x0, 0x2, 0xdf, 0xfd, 0x40, 0x0, 0x0, 0x0,
    0x0, 0x0, 0x0, 0x0, 0x0, 0x1, 0xb6, 0x0,
    0x0, 0x0, 0x0, 0x0, 0x0,

    /* U+30B7 "シ" */
    0x0, 0x0, 0x0, 0x0, 0x0, 0x0, 0x0, 0x0,
    0x0, 0x0, 0x0, 0x0, 0x0, 0x0, 0xc5, 0x0,
    0x0, 0x0, 0x0, 0x0, 0x0, 0x0, 0x0, 0x0,
    0x9, 0xff, 0xb2, 0x0, 0x0, 0x0, 0x0, 0x0,
    0x0, 0x0, 0x0, 0x1f, 0xff, 0xff, 0x70, 0x0,
    0x0, 0x0, 0x0, 0x0, 0x0, 0x0, 0x2, 0xbf,
    0xff, 0xfa, 0x0, 0x0, 0x0, 0x0, 0x0, 0x0,
    0x0, 0x0, 0x5, 0xef, 0xf3, 0x0, 0x0, 0x0,
    0x0, 0x0, 0x0, 0x31, 0x0, 0x0, 0x1a, 0x70,
    0x0, 0x0, 0x0, 0x4, 0x0, 0x1, 0xef, 0x80,
    0x0, 0x0, 0x0, 0x0, 0x0, 0x0, 0x3f, 0x20,
    0xa, 0xff, 0xfd, 0x40, 0x0, 0x0, 0x0, 0x0,
    0x1, 0xef, 0xa0, 0x6, 0xef, 0xff, 0xfa, 0x0,
    0x0, 0x0, 0x0, 0xb, 0xff, 0xf2, 0x0, 0x19,
    0xff, 0xfc, 0x0, 0x0, 0x0, 0x0, 0xaf, 0xff,
    0xa0, 0x0, 0x0, 0x3d, 0xf2, 0x0, 0x0, 0x0,
    0xa, 0xff, 0xfd, 0x0, 0x0, 0x0, 0x0, 0x40,
    0x0, 0x0, 0x0, 0xbf, 0xff, 0xe1, 0x0, 0x0,
    0x0, 0x0, 0x0, 0x0, 0x0, 0x3d, 0xff, 0xfe,
    0x20, 0x0, 0x0, 0x0, 0x0, 0x0, 0x0, 0x7,
    0xff, 0xff, 0xd1, 0x0, 0x0, 0x0, 0x0, 0x0,
    0x0, 0x5, 0xdf, 0xff, 0xfb, 0x10, 0x0, 0x0,
    0x0, 0x0, 0x0, 0x17, 0xdf, 0xff, 0xff, 0x70,
    0x0, 0x0, 0x0, 0x0, 0x14, 0x8c, 0xff, 0xff,
    0xff, 0xc2, 0x0, 0x0, 0x0, 0x0, 0x0, 0xcf,
    0xff, 0xff, 0xff, 0xd5, 0x0, 0x0, 0x0, 0x0,
    0x0, 0x0, 0x3f, 0xff, 0xff, 0xc5, 0x0, 0x0,
    0x0, 0x0, 0x0, 0x0, 0x0, 0xa, 0xfc, 0x72,
    0x0, 0x0, 0x0, 0x0, 0x0, 0x0, 0x0, 0x0,
    0x0, 0x0, 0x0, 0x0, 0x0, 0x0, 0x0, 0x0,
    0x0, 0x0,

    /* U+30B8 "ジ" */
    0x0, 0x0, 0x0, 0x0, 0x0, 0x0, 0x0, 0x0,
    0x0, 0x16, 0x0, 0x0, 0x0, 0x0, 0x3a, 0x10,
    0x0, 0x0, 0x0, 0x3, 0xe, 0xf9, 0x0, 0x0,
    0x0, 0xc, 0xff, 0x70, 0x0, 0x0, 0x3f, 0xf2,
    0x5f, 0xf3, 0x0, 0x0, 0x6, 0xff, 0xff, 0xc3,
    0x0, 0x0, 0xcf, 0xb0, 0xcf, 0xc0, 0x0, 0x0,
    0x7, 0xff, 0xff, 0xf4, 0x0, 0x3, 0xff, 0x43,
    0xb3, 0x0, 0x0, 0x0, 0x1, 0xaf, 0xfd, 0x0,
    0x0, 0xb, 0xc4, 0x0, 0x0, 0x0, 0x30, 0x0,
    0x0, 0x5e, 0x30, 0x0, 0x0, 0x0, 0x2, 0x0,
    0x0, 0x3f, 0xc3, 0x0, 0x0, 0x0, 0x0, 0x0,
    0x0, 0x7, 0xb0, 0x0, 0xd, 0xff, 0xf9, 0x10,
    0x0, 0x0, 0x0, 0x0, 0x3, 0xff, 0x40, 0x1,
    0xbf, 0xff, 0xfe, 0x40, 0x0, 0x0, 0x0, 0x1,
    0xef, 0xfd, 0x0, 0x0, 0x4e, 0xff, 0xf8, 0x0,
    0x0, 0x0, 0x0, 0xcf, 0xff, 0x60, 0x0, 0x0,
    0x9, 0xfd, 0x0, 0x0, 0x0, 0x1, 0xcf, 0xff,
    0xa0, 0x0, 0x0, 0x0, 0x3, 0x30, 0x0, 0x0,
    0x2, 0xdf, 0xff, 0xc0, 0x0, 0x0, 0x0, 0x0,
    0x0, 0x0, 0x0, 0x4, 0xef, 0xff, 0xc0, 0x0,
    0x0, 0x0, 0x0, 0x0, 0x0, 0x0, 0x19, 0xff,
    0xff, 0xb0, 0x0, 0x0, 0x0, 0x0, 0x0, 0x0,
    0x0, 0x6e, 0xff, 0xff, 0x90, 0x0, 0x0, 0x0,
    0x0, 0x0, 0x0, 0x17, 0xef, 0xff, 0xff, 0x50,
    0x0, 0x0, 0x0, 0x0, 0x0, 0x37, 0xcf, 0xff,
    0xff, 0xfb, 0x10, 0x0, 0x0, 0x0, 0x0, 0x2,
    0xff, 0xff, 0xff, 0xff, 0xd4, 0x0, 0x0, 0x0,
    0x0, 0x0, 0x0, 0x9, 0xff, 0xff, 0xfb, 0x40,
    0x0, 0x0, 0x0, 0x0, 0x0, 0x0, 0x0, 0x1f,
    0xfc, 0x72, 0x0, 0x0, 0x0, 0x0, 0x0, 0x0,
    0x0, 0x0, 0x0, 0x21, 0x0, 0x0, 0x0, 0x0,
    0x0, 0x0, 0x0, 0x0, 0x0,

    /* U+30B9 "ス" */
    0x0, 0x4, 0x43, 0x33, 0x33, 0x33, 0x33, 0x33,
    0x63, 0x0, 0x0, 0x0, 0xc, 0xff, 0xff, 0xff,
    0xff, 0xff, 0xff, 0xff, 0x60, 0x0, 0x0, 0xc,
    0xff, 0xff, 0xff, 0xff, 0xff, 0xff, 0xff, 0xa0,
    0x0, 0x0, 0xb, 0xfe, 0xdd, 0xdd, 0xdd, 0xdd,
    0xff, 0xff, 0x20, 0x0, 0x0, 0x0, 0x0, 0x0,
    0x0, 0x0, 0x0, 0xff, 0xfa, 0x0, 0x0, 0x0,
    0x0, 0x0, 0x0, 0x0, 0x0, 0x7, 0xff, 0xf3,
    0x0, 0x0, 0x0, 0x0, 0x0, 0x0, 0x0, 0x0,
    0x1e, 0xff, 0xa0, 0x0, 0x0, 0x0, 0x0, 0x0,
    0x0, 0x0, 0x0, 0xaf, 0xff, 0x10, 0x0, 0x0,
    0x0, 0x0, 0x0, 0x0, 0x0, 0x5, 0xff, 0xf7,
    0x0, 0x0, 0x0, 0x0, 0x0, 0x0, 0x0, 0x0,
    0x3f, 0xff, 0xc0, 0x0, 0x0, 0x0, 0x0, 0x0,
    0x0, 0x0, 0x2, 0xef, 0xff, 0xd1, 0x0, 0x0,
    0x0, 0x0, 0x0, 0x0, 0x0, 0x3e, 0xff, 0xff,
    0xfd, 0x20, 0x0, 0x0, 0x0, 0x0, 0x0, 0x4,
    0xff, 0xff, 0xcf, 0xff, 0xe2, 0x0, 0x0, 0x0,
    0x0, 0x0, 0x8f, 0xff, 0xf5, 0xa, 0xff, 0xfe,
    0x20, 0x0, 0x0, 0x0, 0x3c, 0xff, 0xff, 0x40,
    0x0, 0xaf, 0xff, 0xd1, 0x0, 0x0, 0x19, 0xff,
    0xff, 0xe2, 0x0, 0x0, 0xb, 0xff, 0xfd, 0x10,
    0x9, 0xff, 0xff, 0xfb, 0x10, 0x0, 0x0, 0x0,
    0xcf, 0xff, 0xb0, 0x5, 0xff, 0xff, 0x60, 0x0,
    0x0, 0x0, 0x0, 0x1e, 0xff, 0x60, 0x0, 0x6f,
    0x91, 0x0, 0x0, 0x0, 0x0, 0x0, 0x3, 0xf4,
    0x0, 0x0, 0x1, 0x0, 0x0, 0x0, 0x0, 0x0,
    0x0, 0x0, 0x10, 0x0,

    /* U+30BA "ズ" */
    0x0, 0x0, 0x0, 0x0, 0x0, 0x0, 0x0, 0x0,
    0x0, 0x6, 0x80, 0x0, 0x0, 0x0, 0x0, 0x0,
    0x0, 0x0, 0x0, 0x19, 0xa2, 0xff, 0x40, 0x0,
    0x0, 0x0, 0x0, 0x0, 0x0, 0x0, 0x1, 0xff,
    0x57, 0xfd, 0x0, 0x0, 0x0, 0x0, 0x0, 0x0,
    0x0, 0x0, 0x8, 0xfe, 0x1e, 0xd2, 0x0, 0x3f,
    0xed, 0xdd, 0xdd, 0xdd, 0xdd, 0xde, 0xff, 0xb1,
    0x10, 0x0, 0x3, 0xff, 0xff, 0xff, 0xff, 0xff,
    0xff, 0xff, 0xf5, 0x0, 0x0, 0x0, 0x3f, 0xff,
    0xff, 0xff, 0xff, 0xff, 0xff, 0xfd, 0x0, 0x0,
    0x0, 0x1, 0x54, 0x44, 0x44, 0x44, 0x44, 0x8f,
    0xff, 0x60, 0x0, 0x0, 0x0, 0x0, 0x0, 0x0,
    0x0, 0x0, 0xb, 0xff, 0xd0, 0x0, 0x0, 0x0,
    0x0, 0x0, 0x0, 0x0, 0x0, 0x4, 0xff, 0xf5,
    0x0, 0x0, 0x0, 0x0, 0x0, 0x0, 0x0, 0x0,
    0x0, 0xdf, 0xfc, 0x0, 0x0, 0x0, 0x0, 0x0,
    0x0, 0x0, 0x0, 0x0, 0x8f, 0xff, 0x30, 0x0,
    0x0, 0x0, 0x0, 0x0, 0x0, 0x0, 0x0, 0x5f,
    0xff, 0x80, 0x0, 0x0, 0x0, 0x0, 0x0, 0x0,
    0x0, 0x0, 0x3f, 0xff, 0xf3, 0x0, 0x0, 0x0,
    0x0, 0x0, 0x0, 0x0, 0x0, 0x3f, 0xff, 0xff,
    0xe3, 0x0, 0x0, 0x0, 0x0, 0x0, 0x0, 0x0,
    0x5f, 0xff, 0xff, 0xff, 0xf3, 0x0, 0x0, 0x0,
    0x0, 0x0, 0x0, 0x8f, 0xff, 0xf4, 0x8f, 0xff,
    0xf3, 0x0, 0x0, 0x0, 0x0, 0x2, 0xcf, 0xff,
    0xe3, 0x0, 0x8f, 0xff, 0xf3, 0x0, 0x0, 0x0,
    0x8, 0xff, 0xff, 0xd2, 0x0, 0x0, 0x9f, 0xff,
    0xe2, 0x0, 0x1, 0x8e, 0xff, 0xff, 0xb1, 0x0,
    0x0, 0x0, 0xaf, 0xff, 0xe1, 0x0, 0x3f, 0xff,
    0xff, 0x60, 0x0, 0x0, 0x0, 0x0, 0xcf, 0xff,
    0x40, 0x0, 0x4f, 0xfb, 0x20, 0x0, 0x0, 0x0,
    0x0, 0x1, 0xef, 0x40, 0x0, 0x0, 0x43, 0x0,
    0x0, 0x0, 0x0, 0x0, 0x0, 0x3, 0x20, 0x0,
    0x0,

    /* U+30BB "セ" */
    0x0, 0x0, 0x5, 0xff, 0xf1, 0x0, 0x0, 0x0,
    0x0, 0x0, 0x0, 0x0, 0x0, 0x4f, 0xff, 0x0,
    0x0, 0x0, 0x0, 0x0, 0x0, 0x0, 0x0, 0x3,
    0xff, 0xf0, 0x0, 0x0, 0x0, 0x0, 0x0, 0x0,
    0x0, 0x0, 0x3f, 0xff, 0x0, 0x0, 0x0, 0x0,
    0x26, 0x0, 0x0, 0x0, 0x3, 0xff, 0xf0, 0x0,
    0x14, 0x7a, 0xef, 0xfc, 0x10, 0x0, 0x0, 0x3f,
    0xff, 0x7a, 0xdf, 0xff, 0xff, 0xff, 0xfa, 0x0,
    0x35, 0x8c, 0xff, 0xff, 0xff, 0xff, 0xff, 0xff,
    0xff, 0x2b, 0xff, 0xff, 0xff, 0xff, 0xff, 0xfe,
    0xb8, 0x5e, 0xff, 0x90, 0x9f, 0xff, 0xff, 0xff,
    0xf8, 0x41, 0x0, 0x8, 0xff, 0xe1, 0x6, 0xfe,
    0xb8, 0x7f, 0xff, 0x0, 0x0, 0x4, 0xff, 0xf5,
    0x0, 0x12, 0x0, 0x3, 0xff, 0xf0, 0x0, 0x2,
    0xef, 0xfa, 0x0, 0x0, 0x0, 0x0, 0x3f, 0xff,
    0x0, 0x2, 0xdf, 0xfd, 0x0, 0x0, 0x0, 0x0,
    0x3, 0xff, 0xf0, 0x0, 0x19, 0xff, 0x20, 0x0,
    0x0, 0x0, 0x0, 0x3f, 0xff, 0x0, 0x0, 0x3,
    0x30, 0x0, 0x0, 0x0, 0x0, 0x3, 0xff, 0xf0,
    0x0, 0x0, 0x0, 0x0, 0x0, 0x0, 0x0, 0x0,
    0x3f, 0xff, 0x0, 0x0, 0x0, 0x0, 0x0, 0x0,
    0x0, 0x0, 0x3, 0xff, 0xf8, 0x10, 0x0, 0x13,
    0x57, 0xa6, 0x0, 0x0, 0x0, 0xf, 0xff, 0xff,
    0xff, 0xff, 0xff, 0xff, 0x80, 0x0, 0x0, 0x0,
    0x8f, 0xff, 0xff, 0xff, 0xff, 0xff, 0xf7, 0x0,
    0x0, 0x0, 0x0, 0x4a, 0xde, 0xff, 0xee, 0xdc,
    0xa9, 0x30,

    /* U+30BC "ゼ" */
    0x0, 0x0, 0x0, 0x0, 0x0, 0x0, 0x0, 0x0,
    0x0, 0x3, 0xa6, 0x0, 0x0, 0x0, 0x0, 0x0,
    0x0, 0x0, 0x0, 0x0, 0x17, 0x84, 0xff, 0x10,
    0x0, 0x0, 0x0, 0xab, 0xb6, 0x0, 0x0, 0x0,
    0x3f, 0xf3, 0xaf, 0xa0, 0x0, 0x0, 0x0, 0xdf,
    0xf7, 0x0, 0x0, 0x0, 0x9, 0xfc, 0x2f, 0x90,
    0x0, 0x0, 0x0, 0xcf, 0xf6, 0x0, 0x0, 0x0,
    0x1, 0xfc, 0x10, 0x0, 0x0, 0x0, 0x0, 0xcf,
    0xf6, 0x0, 0x0, 0x0, 0x0, 0x30, 0x0, 0x0,
    0x0, 0x0, 0x0, 0xcf, 0xf6, 0x0, 0x0, 0x15,
    0x8c, 0xfd, 0x20, 0x0, 0x0, 0x0, 0x0, 0xcf,
    0xf7, 0x58, 0xbe, 0xff, 0xff, 0xff, 0xf2, 0x0,
    0x0, 0x0, 0x36, 0xef, 0xff, 0xff, 0xff, 0xff,
    0xff, 0xff, 0xb0, 0x0, 0x3b, 0xdf, 0xff, 0xff,
    0xff, 0xff, 0xff, 0xda, 0xbf, 0xff, 0x30, 0x0,
    0x3f, 0xff, 0xff, 0xff, 0xfe, 0xa7, 0x41, 0x0,
    0xdf, 0xf9, 0x0, 0x0, 0xf, 0xff, 0xda, 0xef,
    0xf6, 0x0, 0x0, 0x9, 0xff, 0xe0, 0x0, 0x0,
    0x6, 0x41, 0x0, 0xcf, 0xf6, 0x0, 0x0, 0x6f,
    0xff, 0x40, 0x0, 0x0, 0x0, 0x0, 0x0, 0xcf,
    0xf6, 0x0, 0x5, 0xff, 0xf8, 0x0, 0x0, 0x0,
    0x0, 0x0, 0x0, 0xcf, 0xf6, 0x0, 0x8, 0xff,
    0xb0, 0x0, 0x0, 0x0, 0x0, 0x0, 0x0, 0xcf,
    0xf6, 0x0, 0x0, 0x29, 0x10, 0x0, 0x0, 0x0,
    0x0, 0x0, 0x0, 0xcf, 0xf6, 0x0, 0x0, 0x0,
    0x0, 0x0, 0x0, 0x0, 0x0, 0x0, 0x0, 0xcf,
    0xf6, 0x0, 0x0, 0x0, 0x0, 0x0, 0x0, 0x0,
    0x0, 0x0, 0x0, 0xcf, 0xfb, 0x0, 0x0, 0x0,
    0x2, 0x47, 0x0, 0x0, 0x0, 0x0, 0x0, 0xaf,
    0xff, 0xfc, 0xcc, 0xde, 0xff, 0xff, 0x0, 0x0,
    0x0, 0x0, 0x0, 0x4f, 0xff, 0xff, 0xff, 0xff,
    0xff, 0xff, 0x0, 0x0, 0x0, 0x0, 0x0, 0x5,
    0xcf, 0xff, 0xff, 0xff, 0xff, 0xdb, 0x0, 0x0,
    0x0, 0x0, 0x0, 0x0, 0x0, 0x23, 0x33, 0x21,
    0x0, 0x0, 0x0, 0x0,

    /* U+30BD "ソ" */
    0x0, 0x0, 0x0, 0x0, 0x0, 0x0, 0x0, 0x0,
    0x0, 0x0, 0x1, 0x8a, 0x0, 0x0, 0x0, 0x0,
    0x0, 0xc, 0xec, 0x90, 0x5f, 0xff, 0x50, 0x0,
    0x0, 0x0, 0x0, 0xe, 0xff, 0xc0, 0x2f, 0xff,
    0xe0, 0x0, 0x0, 0x0, 0x0, 0xf, 0xff, 0x90,
    0x8, 0xff, 0xf8, 0x0, 0x0, 0x0, 0x0, 0x4f,
    0xff, 0x50, 0x0, 0xef, 0xff, 0x10, 0x0, 0x0,
    0x0, 0x7f, 0xff, 0x10, 0x0, 0x6f, 0xff, 0xa0,
    0x0, 0x0, 0x0, 0xcf, 0xfc, 0x0, 0x0, 0xd,
    0xff, 0xf3, 0x0, 0x0, 0x1, 0xff, 0xf7, 0x0,
    0x0, 0x5, 0xff, 0xa1, 0x0, 0x0, 0x7, 0xff,
    0xf2, 0x0, 0x0, 0x0, 0xa3, 0x0, 0x0, 0x0,
    0xe, 0xff, 0xb0, 0x0, 0x0, 0x0, 0x0, 0x0,
    0x0, 0x0, 0x9f, 0xff, 0x40, 0x0, 0x0, 0x0,
    0x0, 0x0, 0x0, 0x4, 0xff, 0xfc, 0x0, 0x0,
    0x0, 0x0, 0x0, 0x0, 0x0, 0x2e, 0xff, 0xf2,
    0x0, 0x0, 0x0, 0x0, 0x0, 0x0, 0x1, 0xdf,
    0xff, 0x70, 0x0, 0x0, 0x0, 0x0, 0x0, 0x0,
    0x2e, 0xff, 0xfb, 0x0, 0x0, 0x0, 0x0, 0x0,
    0x0, 0x5, 0xff, 0xff, 0xc0, 0x0, 0x0, 0x0,
    0x0, 0x0, 0x2, 0xbf, 0xff, 0xfc, 0x10, 0x0,
    0x0, 0x0, 0x0, 0x0, 0xaf, 0xff, 0xff, 0xb0,
    0x0, 0x0, 0x0, 0x0, 0x0, 0x0, 0x3e, 0xff,
    0xf6, 0x0, 0x0, 0x0, 0x0, 0x0, 0x0, 0x0,
    0x1, 0xda, 0x10, 0x0, 0x0, 0x0, 0x0, 0x0,
    0x0, 0x0, 0x0, 0x0, 0x0, 0x0, 0x0, 0x0,
    0x0, 0x0,

    /* U+30BE "ゾ" */
    0x0, 0x0, 0x0, 0x0, 0x0, 0x0, 0x0, 0x0,
    0x0, 0x17, 0x70, 0x0, 0x0, 0x0, 0x0, 0x0,
    0x0, 0x0, 0x0, 0x5c, 0x74, 0xff, 0x30, 0x0,
    0x0, 0x0, 0x0, 0x0, 0x0, 0x0, 0x6, 0xff,
    0x1a, 0xfc, 0x0, 0x0, 0x10, 0x0, 0x0, 0x0,
    0x0, 0x0, 0xc, 0xfa, 0x2f, 0xb1, 0x1, 0x9f,
    0x80, 0x0, 0x0, 0x0, 0x0, 0x1, 0x6c, 0x50,
    0x10, 0x0, 0xdf, 0xff, 0x20, 0x0, 0x0, 0x0,
    0x0, 0x6f, 0xfc, 0x30, 0x0, 0x5, 0xff, 0xfb,
    0x0, 0x0, 0x0, 0x0, 0x9, 0xff, 0xf1, 0x0,
    0x0, 0xb, 0xff, 0xf5, 0x0, 0x0, 0x0, 0x0,
    0xcf, 0xfd, 0x0, 0x0, 0x0, 0x2f, 0xff, 0xd0,
    0x0, 0x0, 0x0, 0xf, 0xff, 0x80, 0x0, 0x0,
    0x0, 0x9f, 0xff, 0x70, 0x0, 0x0, 0x4, 0xff,
    0xf4, 0x0, 0x0, 0x0, 0x1, 0xff, 0xfe, 0x0,
    0x0, 0x0, 0xaf, 0xfe, 0x0, 0x0, 0x0, 0x0,
    0x8, 0xf9, 0x10, 0x0, 0x0, 0x1f, 0xff, 0x90,
    0x0, 0x0, 0x0, 0x0, 0x13, 0x0, 0x0, 0x0,
    0x8, 0xff, 0xf2, 0x0, 0x0, 0x0, 0x0, 0x0,
    0x0, 0x0, 0x0, 0x2, 0xff, 0xfb, 0x0, 0x0,
    0x0, 0x0, 0x0, 0x0, 0x0, 0x0, 0x0, 0xdf,
    0xff, 0x20, 0x0, 0x0, 0x0, 0x0, 0x0, 0x0,
    0x0, 0x0, 0xaf, 0xff, 0x80, 0x0, 0x0, 0x0,
    0x0, 0x0, 0x0, 0x0, 0x0, 0xaf, 0xff, 0xd0,
    0x0, 0x0, 0x0, 0x0, 0x0, 0x0, 0x0, 0x1,
    0xcf, 0xff, 0xe2, 0x0, 0x0, 0x0, 0x0, 0x0,
    0x0, 0x0, 0x5, 0xef, 0xff, 0xe3, 0x0, 0x0,
    0x0, 0x0, 0x0, 0x0, 0x0, 0x4c, 0xff, 0xff,
    0xe3, 0x0, 0x0, 0x0, 0x0, 0x0, 0x0, 0x0,
    0x3f, 0xff, 0xff, 0xb1, 0x0, 0x0, 0x0, 0x0,
    0x0, 0x0, 0x0, 0x0, 0x2e, 0xff, 0x60, 0x0,
    0x0, 0x0, 0x0, 0x0, 0x0, 0x0, 0x0, 0x0,
    0x18, 0x10, 0x0, 0x0, 0x0, 0x0, 0x0, 0x0,
    0x0,

    /* U+30BF "タ" */
    0x0, 0x0, 0x0, 0x0, 0x1, 0x0, 0x0, 0x0,
    0x0, 0x0, 0x0, 0x0, 0x0, 0x0, 0x1, 0xfc,
    0x72, 0x0, 0x0, 0x0, 0x0, 0x0, 0x0, 0x0,
    0x0, 0x8f, 0xff, 0x30, 0x0, 0x0, 0x0, 0x0,
    0x0, 0x0, 0x0, 0x1f, 0xff, 0xa0, 0x0, 0x0,
    0x0, 0x0, 0x0, 0x0, 0x0, 0xa, 0xff, 0xfc,
    0xbb, 0xbb, 0xbd, 0xb2, 0x0, 0x0, 0x0, 0x6,
    0xff, 0xff, 0xff, 0xff, 0xff, 0xff, 0xf4, 0x0,
    0x0, 0x3, 0xff, 0xff, 0xff, 0xff, 0xff, 0xff,
    0xff, 0x10, 0x0, 0x1, 0xef, 0xfe, 0x20, 0x0,
    0x0, 0xe, 0xff, 0xb0, 0x0, 0x1, 0xdf, 0xff,
    0x30, 0x0, 0x0, 0x4, 0xff, 0xf5, 0x0, 0x3,
    0xef, 0xff, 0x50, 0x20, 0x0, 0x0, 0xbf, 0xfe,
    0x0, 0x6, 0xff, 0xff, 0x50, 0x8f, 0xa1, 0x0,
    0x3f, 0xff, 0x70, 0x3, 0xff, 0xff, 0x40, 0x7f,
    0xff, 0xe5, 0xd, 0xff, 0xe0, 0x0, 0x2, 0xdd,
    0x30, 0x1, 0xbf, 0xff, 0xfd, 0xff, 0xf5, 0x0,
    0x0, 0x0, 0x0, 0x0, 0x0, 0x6f, 0xff, 0xff,
    0xfb, 0x0, 0x0, 0x0, 0x0, 0x0, 0x0, 0x0,
    0x2d, 0xff, 0xff, 0xa0, 0x0, 0x0, 0x0, 0x0,
    0x0, 0x0, 0x4, 0xff, 0xff, 0xff, 0xd2, 0x0,
    0x0, 0x0, 0x0, 0x0, 0x6, 0xff, 0xff, 0xff,
    0xff, 0x90, 0x0, 0x0, 0x0, 0x0, 0x1a, 0xff,
    0xff, 0x52, 0xdf, 0xc0, 0x0, 0x0, 0x0, 0x0,
    0x7f, 0xff, 0xff, 0x40, 0x1, 0xa1, 0x0, 0x0,
    0x0, 0x39, 0xff, 0xff, 0xfd, 0x20, 0x0, 0x0,
    0x0, 0x0, 0x0, 0xb, 0xff, 0xff, 0xf8, 0x0,
    0x0, 0x0, 0x0, 0x0, 0x0, 0x0, 0x9, 0xff,
    0x91, 0x0, 0x0, 0x0, 0x0, 0x0, 0x0, 0x0,
    0x0, 0x4, 0x10, 0x0, 0x0, 0x0, 0x0, 0x0,
    0x0, 0x0,

    /* U+30C0 "ダ" */
    0x0, 0x0, 0x0, 0x0, 0x0, 0x0, 0x0, 0x0,
    0x0, 0x0, 0x69, 0x0, 0x0, 0x0, 0x0, 0x0,
    0x3, 0x30, 0x0, 0x0, 0x3, 0x81, 0xef, 0x50,
    0x0, 0x0, 0x0, 0x0, 0xb, 0xfe, 0x90, 0x0,
    0xe, 0xf7, 0x6f, 0xe0, 0x0, 0x0, 0x0, 0x0,
    0x3f, 0xff, 0x70, 0x0, 0x5, 0xff, 0x1d, 0xd3,
    0x0, 0x0, 0x0, 0x0, 0xcf, 0xfd, 0x0, 0x0,
    0x0, 0xdf, 0x51, 0x0, 0x0, 0x0, 0x0, 0x7,
    0xff, 0xff, 0xff, 0xff, 0xff, 0xfb, 0x10, 0x0,
    0x0, 0x0, 0x0, 0x3f, 0xff, 0xff, 0xff, 0xff,
    0xff, 0xff, 0xc0, 0x0, 0x0, 0x0, 0x1, 0xef,
    0xfe, 0xcc, 0xcc, 0xcc, 0xdf, 0xff, 0x60, 0x0,
    0x0, 0x0, 0x1c, 0xff, 0xf3, 0x0, 0x0, 0x0,
    0x9f, 0xff, 0x0, 0x0, 0x0, 0x1, 0xcf, 0xff,
    0x50, 0x0, 0x0, 0x0, 0xef, 0xfa, 0x0, 0x0,
    0x0, 0x2d, 0xff, 0xf7, 0x6, 0x30, 0x0, 0x7,
    0xff, 0xf3, 0x0, 0x0, 0x7, 0xff, 0xff, 0x70,
    0x7f, 0xf9, 0x0, 0x1e, 0xff, 0xb0, 0x0, 0x0,
    0x7, 0xff, 0xf5, 0x2, 0xff, 0xff, 0xe4, 0x9f,
    0xff, 0x20, 0x0, 0x0, 0x0, 0x3c, 0x30, 0x0,
    0x2c, 0xff, 0xff, 0xff, 0xf9, 0x0, 0x0, 0x0,
    0x0, 0x0, 0x0, 0x0, 0x0, 0x7f, 0xff, 0xff,
    0xe0, 0x0, 0x0, 0x0, 0x0, 0x0, 0x0, 0x0,
    0x0, 0x5, 0xff, 0xff, 0xf8, 0x0, 0x0, 0x0,
    0x0, 0x0, 0x0, 0x0, 0x0, 0x3e, 0xff, 0xff,
    0xff, 0xc1, 0x0, 0x0, 0x0, 0x0, 0x0, 0x0,
    0x6, 0xff, 0xff, 0xbf, 0xff, 0xc0, 0x0, 0x0,
    0x0, 0x0, 0x0, 0x2, 0xbf, 0xff, 0xf7, 0x4,
    0xfe, 0x10, 0x0, 0x0, 0x0, 0x0, 0x2, 0x9f,
    0xff, 0xff, 0x50, 0x0, 0x23, 0x0, 0x0, 0x0,
    0x0, 0x4, 0xbf, 0xff, 0xff, 0xd3, 0x0, 0x0,
    0x0, 0x0, 0x0, 0x0, 0x0, 0x1, 0xdf, 0xff,
    0xf7, 0x0, 0x0, 0x0, 0x0, 0x0, 0x0, 0x0,
    0x0, 0x0, 0x1b, 0xe8, 0x10, 0x0, 0x0, 0x0,
    0x0, 0x0, 0x0, 0x0, 0x0, 0x0, 0x0, 0x0,
    0x0, 0x0, 0x0, 0x0, 0x0, 0x0, 0x0, 0x0,

    /* U+30C1 "チ" */
    0x0, 0x0, 0x0, 0x0, 0x0, 0x0, 0x0, 0x16,
    0xb3, 0x0, 0x0, 0x0, 0x0, 0x1, 0x12, 0x34,
    0x68, 0xbe, 0xff, 0xfd, 0x0, 0x0, 0x0, 0x2f,
    0xff, 0xff, 0xff, 0xff, 0xff, 0xff, 0xff, 0x80,
    0x0, 0x0, 0xe, 0xff, 0xff, 0xff, 0xff, 0xff,
    0xc9, 0x52, 0x0, 0x0, 0x0, 0x7, 0xba, 0xa9,
    0x88, 0xff, 0xf0, 0x0, 0x0, 0x0, 0x0, 0x0,
    0x0, 0x0, 0x0, 0x2, 0xff, 0xf0, 0x0, 0x0,
    0x0, 0x0, 0x0, 0x0, 0x0, 0x0, 0x2, 0xff,
    0xf0, 0x0, 0x0, 0x0, 0x0, 0x3, 0x22, 0x22,
    0x22, 0x24, 0xff, 0xf2, 0x22, 0x22, 0x22, 0x30,
    0x2f, 0xff, 0xff, 0xff, 0xff, 0xff, 0xff, 0xff,
    0xff, 0xff, 0xf3, 0x2f, 0xff, 0xff, 0xff, 0xff,
    0xff, 0xff, 0xff, 0xff, 0xff, 0xf3, 0x1c, 0xbb,
    0xbb, 0xbb, 0xbc, 0xff, 0xfb, 0xbb, 0xbb, 0xbb,
    0xc2, 0x0, 0x0, 0x0, 0x0, 0x6, 0xff, 0xc0,
    0x0, 0x0, 0x0, 0x0, 0x0, 0x0, 0x0, 0x0,
    0xa, 0xff, 0x90, 0x0, 0x0, 0x0, 0x0, 0x0,
    0x0, 0x0, 0x0, 0x1f, 0xff, 0x50, 0x0, 0x0,
    0x0, 0x0, 0x0, 0x0, 0x0, 0x0, 0x8f, 0xff,
    0x10, 0x0, 0x0, 0x0, 0x0, 0x0, 0x0, 0x0,
    0x4, 0xff, 0xf9, 0x0, 0x0, 0x0, 0x0, 0x0,
    0x0, 0x0, 0x0, 0x4f, 0xff, 0xf1, 0x0, 0x0,
    0x0, 0x0, 0x0, 0x0, 0x0, 0x7, 0xff, 0xff,
    0x50, 0x0, 0x0, 0x0, 0x0, 0x0, 0x0, 0x0,
    0xcf, 0xff, 0xf7, 0x0, 0x0, 0x0, 0x0, 0x0,
    0x0, 0x0, 0x0, 0x2b, 0xff, 0x60, 0x0, 0x0,
    0x0, 0x0, 0x0, 0x0, 0x0, 0x0, 0x0, 0x62,
    0x0, 0x0, 0x0, 0x0, 0x0, 0x0, 0x0,

    /* U+30C2 "ヂ" */
    0x0, 0x0, 0x0, 0x0, 0x0, 0x0, 0x0, 0x38,
    0x50, 0x0, 0x0, 0x0, 0x0, 0x0, 0x0, 0x12,
    0x46, 0x8b, 0xff, 0xff, 0x20, 0x0, 0x0, 0x0,
    0xef, 0xff, 0xff, 0xff, 0xff, 0xff, 0xff, 0xfc,
    0x0, 0x20, 0x0, 0xb, 0xff, 0xff, 0xff, 0xff,
    0xff, 0xeb, 0x84, 0x22, 0xfd, 0x0, 0x0, 0x6d,
    0xcb, 0xba, 0x9f, 0xff, 0x40, 0x0, 0xcf, 0x2b,
    0xf8, 0x0, 0x0, 0x0, 0x0, 0x0, 0xef, 0xf4,
    0x0, 0x7, 0xfc, 0x2f, 0xc0, 0x0, 0x0, 0x0,
    0x0, 0xe, 0xff, 0x40, 0x0, 0xe, 0xf2, 0x30,
    0x1, 0x0, 0x0, 0x0, 0x0, 0xef, 0xf4, 0x0,
    0x0, 0x31, 0x0, 0x0, 0xef, 0xff, 0xff, 0xff,
    0xff, 0xff, 0xff, 0xff, 0xff, 0xff, 0x70, 0xe,
    0xff, 0xff, 0xff, 0xff, 0xff, 0xff, 0xff, 0xff,
    0xff, 0xf7, 0x0, 0xce, 0xee, 0xee, 0xee, 0xef,
    0xff, 0xee, 0xee, 0xee, 0xee, 0x70, 0x0, 0x0,
    0x0, 0x0, 0x2, 0xff, 0xf1, 0x0, 0x0, 0x0,
    0x0, 0x0, 0x0, 0x0, 0x0, 0x0, 0x6f, 0xfe,
    0x0, 0x0, 0x0, 0x0, 0x0, 0x0, 0x0, 0x0,
    0x0, 0xb, 0xff, 0xa0, 0x0, 0x0, 0x0, 0x0,
    0x0, 0x0, 0x0, 0x0, 0x3, 0xff, 0xf5, 0x0,
    0x0, 0x0, 0x0, 0x0, 0x0, 0x0, 0x0, 0x0,
    0xdf, 0xfe, 0x0, 0x0, 0x0, 0x0, 0x0, 0x0,
    0x0, 0x0, 0x0, 0xcf, 0xff, 0x60, 0x0, 0x0,
    0x0, 0x0, 0x0, 0x0, 0x0, 0x3, 0xdf, 0xff,
    0xb0, 0x0, 0x0, 0x0, 0x0, 0x0, 0x0, 0x0,
    0x8, 0xff, 0xff, 0xc0, 0x0, 0x0, 0x0, 0x0,
    0x0, 0x0, 0x0, 0x0, 0x1b, 0xff, 0xb0, 0x0,
    0x0, 0x0, 0x0, 0x0, 0x0, 0x0, 0x0, 0x0,
    0x6, 0x60, 0x0, 0x0, 0x0, 0x0, 0x0, 0x0,
    0x0, 0x0,

    /* U+30C3 "ッ" */
    0x0, 0x0, 0x0, 0x0, 0x10, 0x0, 0x0, 0x0,
    0x0, 0x0, 0x0, 0x0, 0x4b, 0xf6, 0x0, 0x0,
    0x34, 0x0, 0x4, 0x9b, 0x0, 0x6f, 0xfd, 0x0,
    0x0, 0x8f, 0xf9, 0x1f, 0xff, 0x30, 0xf, 0xff,
    0x30, 0x0, 0xbf, 0xfa, 0xa, 0xff, 0xa0, 0x9,
    0xff, 0x90, 0x0, 0xff, 0xf5, 0x4, 0xff, 0xf0,
    0x4, 0xff, 0xe0, 0x4, 0xff, 0xf1, 0x0, 0xdf,
    0xf6, 0x0, 0xd8, 0x30, 0xa, 0xff, 0xb0, 0x0,
    0x8f, 0xf7, 0x0, 0x0, 0x0, 0x2f, 0xff, 0x40,
    0x0, 0x25, 0x0, 0x0, 0x0, 0x0, 0xaf, 0xfd,
    0x0, 0x0, 0x0, 0x0, 0x0, 0x0, 0x5, 0xff,
    0xf5, 0x0, 0x0, 0x0, 0x0, 0x0, 0x0, 0x4f,
    0xff, 0xb0, 0x0, 0x0, 0x0, 0x0, 0x0, 0x5,
    0xff, 0xfe, 0x10, 0x0, 0x0, 0x0, 0x0, 0x1,
    0xaf, 0xff, 0xe2, 0x0, 0x0, 0x0, 0x0, 0x1,
    0x7e, 0xff, 0xfe, 0x30, 0x0, 0x0, 0x0, 0x1,
    0xaf, 0xff, 0xff, 0xc1, 0x0, 0x0, 0x0, 0x0,
    0x0, 0x9f, 0xff, 0xf7, 0x0, 0x0, 0x0, 0x0,
    0x0, 0x0, 0x9, 0xf9, 0x20, 0x0, 0x0, 0x0,
    0x0, 0x0, 0x0, 0x0, 0x10, 0x0, 0x0, 0x0,
    0x0, 0x0,

    /* U+30C4 "ツ" */
    0x0, 0x0, 0x0, 0x0, 0x16, 0x50, 0x0, 0x0,
    0x0, 0x0, 0x0, 0x0, 0x1, 0x0, 0x6, 0xff,
    0xe0, 0x0, 0x0, 0x4, 0x94, 0x0, 0x17, 0xcf,
    0x0, 0x2, 0xff, 0xf5, 0x0, 0x0, 0x7, 0xff,
    0xf2, 0x1f, 0xff, 0x70, 0x0, 0xbf, 0xfb, 0x0,
    0x0, 0xa, 0xff, 0xd0, 0x9, 0xff, 0xd0, 0x0,
    0x4f, 0xff, 0x10, 0x0, 0xe, 0xff, 0x90, 0x3,
    0xff, 0xf4, 0x0, 0xe, 0xff, 0x70, 0x0, 0x3f,
    0xff, 0x40, 0x0, 0xcf, 0xfb, 0x0, 0x9, 0xff,
    0xb0, 0x0, 0x8f, 0xff, 0x0, 0x0, 0x6f, 0xff,
    0x10, 0x3, 0x93, 0x0, 0x0, 0xef, 0xf9, 0x0,
    0x0, 0xf, 0xfd, 0x30, 0x0, 0x0, 0x0, 0x5,
    0xff, 0xf3, 0x0, 0x0, 0x6, 0x30, 0x0, 0x0,
    0x0, 0x0, 0xd, 0xff, 0xc0, 0x0, 0x0, 0x0,
    0x0, 0x0, 0x0, 0x0, 0x0, 0x6f, 0xff, 0x40,
    0x0, 0x0, 0x0, 0x0, 0x0, 0x0, 0x0, 0x3,
    0xff, 0xfb, 0x0, 0x0, 0x0, 0x0, 0x0, 0x0,
    0x0, 0x0, 0x2e, 0xff, 0xf2, 0x0, 0x0, 0x0,
    0x0, 0x0, 0x0, 0x0, 0x3, 0xef, 0xff, 0x50,
    0x0, 0x0, 0x0, 0x0, 0x0, 0x0, 0x0, 0x7f,
    0xff, 0xf8, 0x0, 0x0, 0x0, 0x0, 0x0, 0x0,
    0x0, 0x3c, 0xff, 0xff, 0x80, 0x0, 0x0, 0x0,
    0x0, 0x0, 0x0, 0x3a, 0xff, 0xff, 0xf6, 0x0,
    0x0, 0x0, 0x0, 0x0, 0x0, 0x2d, 0xff, 0xff,
    0xfe, 0x30, 0x0, 0x0, 0x0, 0x0, 0x0, 0x0,
    0x6, 0xff, 0xff, 0x90, 0x0, 0x0, 0x0, 0x0,
    0x0, 0x0, 0x0, 0x0, 0x6f, 0x92, 0x0, 0x0,
    0x0, 0x0, 0x0, 0x0, 0x0, 0x0, 0x0, 0x0,
    0x0, 0x0, 0x0, 0x0, 0x0, 0x0, 0x0,

    /* U+30C5 "ヅ" */
    0x0, 0x0, 0x0, 0x0, 0x0, 0x0, 0x0, 0x0,
    0x0, 0x6, 0x90, 0x0, 0x0, 0x0, 0x0, 0x0,
    0x0, 0x0, 0x0, 0x4c, 0x92, 0xff, 0x50, 0x0,
    0x0, 0x0, 0x0, 0x0, 0x0, 0x0, 0x3, 0xff,
    0x38, 0xfe, 0x0, 0x0, 0x0, 0x0, 0x38, 0xd3,
    0x0, 0x0, 0xa, 0xfc, 0xe, 0xb2, 0x0, 0x33,
    0x0, 0xc, 0xff, 0xa0, 0x0, 0x0, 0x1d, 0x60,
    0x0, 0x6, 0xef, 0xc0, 0x0, 0x5f, 0xff, 0x10,
    0x0, 0x0, 0x84, 0x10, 0x0, 0x5f, 0xff, 0x30,
    0x0, 0xff, 0xf6, 0x0, 0x0, 0x2f, 0xff, 0x60,
    0x0, 0xdf, 0xfa, 0x0, 0x9, 0xff, 0xc0, 0x0,
    0x6, 0xff, 0xf2, 0x0, 0x7, 0xff, 0xf1, 0x0,
    0x3f, 0xff, 0x20, 0x0, 0xaf, 0xfd, 0x0, 0x0,
    0x1f, 0xff, 0x60, 0x0, 0xdf, 0xc3, 0x0, 0xf,
    0xff, 0x80, 0x0, 0x0, 0xaf, 0xfd, 0x0, 0x3,
    0x20, 0x0, 0x5, 0xff, 0xf2, 0x0, 0x0, 0x4,
    0xfc, 0x60, 0x0, 0x0, 0x0, 0x0, 0xdf, 0xfc,
    0x0, 0x0, 0x0, 0x2, 0x0, 0x0, 0x0, 0x0,
    0x0, 0x5f, 0xff, 0x40, 0x0, 0x0, 0x0, 0x0,
    0x0, 0x0, 0x0, 0x0, 0x1e, 0xff, 0xc0, 0x0,
    0x0, 0x0, 0x0, 0x0, 0x0, 0x0, 0x0, 0xc,
    0xff, 0xf3, 0x0, 0x0, 0x0, 0x0, 0x0, 0x0,
    0x0, 0x0, 0xb, 0xff, 0xf8, 0x0, 0x0, 0x0,
    0x0, 0x0, 0x0, 0x0, 0x0, 0x1c, 0xff, 0xfb,
    0x0, 0x0, 0x0, 0x0, 0x0, 0x0, 0x0, 0x0,
    0x5e, 0xff, 0xfc, 0x0, 0x0, 0x0, 0x0, 0x0,
    0x0, 0x0, 0x2, 0xbf, 0xff, 0xfc, 0x10, 0x0,
    0x0, 0x0, 0x0, 0x0, 0x0, 0x4b, 0xff, 0xff,
    0xfa, 0x0, 0x0, 0x0, 0x0, 0x0, 0x0, 0x0,
    0x7f, 0xff, 0xff, 0xf6, 0x0, 0x0, 0x0, 0x0,
    0x0, 0x0, 0x0, 0x0, 0x8f, 0xff, 0xa1, 0x0,
    0x0, 0x0, 0x0, 0x0, 0x0, 0x0, 0x0, 0x0,
    0x89, 0x20, 0x0, 0x0, 0x0, 0x0, 0x0, 0x0,
    0x0,

    /* U+30C6 "テ" */
    0x0, 0x1, 0x0, 0x0, 0x0, 0x0, 0x0, 0x0,
    0x11, 0x0, 0x0, 0x1, 0xff, 0xff, 0xff, 0xff,
    0xff, 0xff, 0xff, 0xb0, 0x0, 0x0, 0x1f, 0xff,
    0xff, 0xff, 0xff, 0xff, 0xff, 0xfb, 0x0, 0x0,
    0x1, 0xdd, 0xdd, 0xdd, 0xdd, 0xdd, 0xdd, 0xdd,
    0xa0, 0x0, 0x0, 0x0, 0x0, 0x0, 0x0, 0x0,
    0x0, 0x0, 0x0, 0x0, 0x0, 0x0, 0x0, 0x0,
    0x0, 0x0, 0x0, 0x0, 0x0, 0x0, 0x0, 0x10,
    0x0, 0x0, 0x0, 0x0, 0x0, 0x0, 0x0, 0x0,
    0x0, 0xf, 0xff, 0xff, 0xff, 0xff, 0xff, 0xff,
    0xff, 0xff, 0xff, 0xf4, 0xff, 0xff, 0xff, 0xff,
    0xff, 0xff, 0xff, 0xff, 0xff, 0xff, 0x4e, 0xfe,
    0xee, 0xee, 0xee, 0xff, 0xff, 0xee, 0xee, 0xee,
    0xf3, 0x0, 0x0, 0x0, 0x0, 0xf, 0xff, 0x50,
    0x0, 0x0, 0x0, 0x0, 0x0, 0x0, 0x0, 0x2,
    0xff, 0xf3, 0x0, 0x0, 0x0, 0x0, 0x0, 0x0,
    0x0, 0x0, 0x4f, 0xff, 0x0, 0x0, 0x0, 0x0,
    0x0, 0x0, 0x0, 0x0, 0x9, 0xff, 0xd0, 0x0,
    0x0, 0x0, 0x0, 0x0, 0x0, 0x0, 0x1, 0xff,
    0xf8, 0x0, 0x0, 0x0, 0x0, 0x0, 0x0, 0x0,
    0x0, 0xaf, 0xff, 0x20, 0x0, 0x0, 0x0, 0x0,
    0x0, 0x0, 0x0, 0x8f, 0xff, 0x90, 0x0, 0x0,
    0x0, 0x0, 0x0, 0x0, 0x1, 0xaf, 0xff, 0xd0,
    0x0, 0x0, 0x0, 0x0, 0x0, 0x0, 0x5, 0xef,
    0xff, 0xe2, 0x0, 0x0, 0x0, 0x0, 0x0, 0x0,
    0x0, 0x9, 0xff, 0xc1, 0x0, 0x0, 0x0, 0x0,
    0x0, 0x0, 0x0, 0x0, 0x5, 0x60, 0x0, 0x0,
    0x0, 0x0, 0x0, 0x0, 0x0,

    /* U+30C7 "デ" */
    0x0, 0x0, 0x0, 0x0, 0x0, 0x0, 0x0, 0x0,
    0x0, 0x4, 0xa1, 0x0, 0x0, 0x0, 0x0, 0x0,
    0x0, 0x0, 0x0, 0x1, 0x84, 0xaf, 0xa0, 0x0,
    0x0, 0x0, 0x0, 0x0, 0x0, 0x0, 0x0, 0x8f,
    0xd1, 0xff, 0x30, 0x0, 0x4f, 0xfe, 0xee, 0xee,
    0xee, 0xef, 0xfc, 0xdf, 0x68, 0xe5, 0x0, 0x4,
    0xff, 0xff, 0xff, 0xff, 0xff, 0xff, 0xb5, 0xf9,
    0x0, 0x0, 0x0, 0x4e, 0xee, 0xee, 0xee, 0xee,
    0xee, 0xeb, 0x2, 0x0, 0x0, 0x0, 0x0, 0x0,
    0x0, 0x0, 0x0, 0x0, 0x0, 0x0, 0x0, 0x0,
    0x0, 0x0, 0x0, 0x0, 0x0, 0x0, 0x0, 0x0,
    0x0, 0x0, 0x0, 0x0, 0x0, 0x0, 0x0, 0x0,
    0x0, 0x0, 0x0, 0x0, 0x0, 0x0, 0x0, 0x4,
    0xed, 0xdd, 0xdd, 0xdd, 0xdd, 0xdd, 0xdd, 0xdd,
    0xdd, 0xdd, 0x0, 0x4f, 0xff, 0xff, 0xff, 0xff,
    0xff, 0xff, 0xff, 0xff, 0xff, 0xf0, 0x4, 0xff,
    0xff, 0xff, 0xff, 0xff, 0xff, 0xff, 0xff, 0xff,
    0xff, 0x0, 0x1, 0x11, 0x11, 0x11, 0x13, 0xff,
    0xf3, 0x11, 0x11, 0x11, 0x10, 0x0, 0x0, 0x0,
    0x0, 0x0, 0x4f, 0xff, 0x10, 0x0, 0x0, 0x0,
    0x0, 0x0, 0x0, 0x0, 0x0, 0x7, 0xff, 0xe0,
    0x0, 0x0, 0x0, 0x0, 0x0, 0x0, 0x0, 0x0,
    0x0, 0xbf, 0xfa, 0x0, 0x0, 0x0, 0x0, 0x0,
    0x0, 0x0, 0x0, 0x0, 0x2f, 0xff, 0x60, 0x0,
    0x0, 0x0, 0x0, 0x0, 0x0, 0x0, 0x0, 0xb,
    0xff, 0xf0, 0x0, 0x0, 0x0, 0x0, 0x0, 0x0,
    0x0, 0x0, 0x9, 0xff, 0xf8, 0x0, 0x0, 0x0,
    0x0, 0x0, 0x0, 0x0, 0x0, 0xa, 0xff, 0xfd,
    0x0, 0x0, 0x0, 0x0, 0x0, 0x0, 0x0, 0x0,
    0x6e, 0xff, 0xfd, 0x10, 0x0, 0x0, 0x0, 0x0,
    0x0, 0x0, 0x0, 0x3, 0xdf, 0xfc, 0x10, 0x0,
    0x0, 0x0, 0x0, 0x0, 0x0, 0x0, 0x0, 0x0,
    0x97, 0x0, 0x0, 0x0, 0x0, 0x0, 0x0, 0x0,
    0x0,

    /* U+30C8 "ト" */
    0x9f, 0xff, 0x0, 0x0, 0x0, 0x0, 0x0, 0x8f,
    0xfe, 0x0, 0x0, 0x0, 0x0, 0x0, 0x7f, 0xfd,
    0x0, 0x0, 0x0, 0x0, 0x0, 0x7f, 0xfd, 0x0,
    0x0, 0x0, 0x0, 0x0, 0x7f, 0xfd, 0x0, 0x0,
    0x0, 0x0, 0x0, 0x7f, 0xfd, 0x0, 0x0, 0x0,
    0x0, 0x0, 0x7f, 0xfe, 0x51, 0x0, 0x0, 0x0,
    0x0, 0x7f, 0xff, 0xff, 0xb5, 0x0, 0x0, 0x0,
    0x7f, 0xff, 0xff, 0xff, 0xfa, 0x40, 0x0, 0x7f,
    0xff, 0xff, 0xff, 0xff, 0xfd, 0x71, 0x7f, 0xfd,
    0x28, 0xef, 0xff, 0xff, 0xfb, 0x7f, 0xfd, 0x0,
    0x4, 0xaf, 0xff, 0xf4, 0x7f, 0xfd, 0x0, 0x0,
    0x1, 0x8e, 0xe0, 0x7f, 0xfd, 0x0, 0x0, 0x0,
    0x0, 0x30, 0x7f, 0xfd, 0x0, 0x0, 0x0, 0x0,
    0x0, 0x7f, 0xfd, 0x0, 0x0, 0x0, 0x0, 0x0,
    0x7f, 0xfd, 0x0, 0x0, 0x0, 0x0, 0x0, 0x7f,
    0xfd, 0x0, 0x0, 0x0, 0x0, 0x0, 0x8f, 0xfe,
    0x0, 0x0, 0x0, 0x0, 0x0, 0xaf, 0xff, 0x0,
    0x0, 0x0, 0x0, 0x0, 0x1, 0x11, 0x0, 0x0,
    0x0, 0x0, 0x0,

    /* U+30C9 "ド" */
    0x0, 0x0, 0x0, 0x0, 0x0, 0x0, 0x2, 0x0,
    0x6d, 0xdd, 0x10, 0x0, 0x0, 0x4, 0xee, 0x10,
    0x6f, 0xff, 0x0, 0x0, 0x4c, 0xa0, 0xdf, 0xb0,
    0x5f, 0xff, 0x0, 0x0, 0x4f, 0xf4, 0x4f, 0xf4,
    0x5f, 0xff, 0x0, 0x0, 0xa, 0xfd, 0xb, 0xb3,
    0x5f, 0xff, 0x0, 0x0, 0x2, 0xfe, 0x30, 0x0,
    0x5f, 0xff, 0x0, 0x0, 0x0, 0x40, 0x0, 0x0,
    0x5f, 0xff, 0x40, 0x0, 0x0, 0x0, 0x0, 0x0,
    0x5f, 0xff, 0xff, 0xa4, 0x0, 0x0, 0x0, 0x0,
    0x5f, 0xff, 0xff, 0xff, 0xe9, 0x30, 0x0, 0x0,
    0x5f, 0xff, 0xff, 0xff, 0xff, 0xfc, 0x60, 0x0,
    0x5f, 0xff, 0x39, 0xef, 0xff, 0xff, 0xfc, 0x0,
    0x5f, 0xff, 0x0, 0x5, 0xbf, 0xff, 0xf8, 0x0,
    0x5f, 0xff, 0x0, 0x0, 0x2, 0x9f, 0xf1, 0x0,
    0x5f, 0xff, 0x0, 0x0, 0x0, 0x1, 0x60, 0x0,
    0x5f, 0xff, 0x0, 0x0, 0x0, 0x0, 0x0, 0x0,
    0x5f, 0xff, 0x0, 0x0, 0x0, 0x0, 0x0, 0x0,
    0x5f, 0xff, 0x0, 0x0, 0x0, 0x0, 0x0, 0x0,
    0x5f, 0xff, 0x0, 0x0, 0x0, 0x0, 0x0, 0x0,
    0x6f, 0xff, 0x10, 0x0, 0x0, 0x0, 0x0, 0x0,
    0x7f, 0xff, 0x20, 0x0, 0x0, 0x0, 0x0, 0x0,
    0x12, 0x22, 0x0, 0x0, 0x0, 0x0, 0x0, 0x0,

    /* U+30CA "ナ" */
    0x0, 0x0, 0x0, 0x0, 0x13, 0x33, 0x10, 0x0,
    0x0, 0x0, 0x0, 0x0, 0x0, 0x0, 0x2, 0xff,
    0xf6, 0x0, 0x0, 0x0, 0x0, 0x0, 0x0, 0x0,
    0x0, 0x1f, 0xff, 0x50, 0x0, 0x0, 0x0, 0x0,
    0x0, 0x0, 0x0, 0x0, 0xff, 0xf4, 0x0, 0x0,
    0x0, 0x0, 0x0, 0x0, 0x0, 0x0, 0xf, 0xff,
    0x40, 0x0, 0x0, 0x0, 0x0, 0x0, 0x0, 0x0,
    0x0, 0xff, 0xf4, 0x0, 0x0, 0x0, 0x0, 0xcc,
    0xcc, 0xcc, 0xcc, 0xcf, 0xff, 0xdc, 0xcc, 0xcc,
    0xcd, 0x4e, 0xff, 0xff, 0xff, 0xff, 0xff, 0xff,
    0xff, 0xff, 0xff, 0xf5, 0xef, 0xff, 0xff, 0xff,
    0xff, 0xff, 0xff, 0xff, 0xff, 0xff, 0x55, 0x44,
    0x44, 0x44, 0x45, 0xff, 0xf7, 0x44, 0x44, 0x44,
    0x51, 0x0, 0x0, 0x0, 0x0, 0x2f, 0xff, 0x30,
    0x0, 0x0, 0x0, 0x0, 0x0, 0x0, 0x0, 0x4,
    0xff, 0xf1, 0x0, 0x0, 0x0, 0x0, 0x0, 0x0,
    0x0, 0x0, 0x8f, 0xfe, 0x0, 0x0, 0x0, 0x0,
    0x0, 0x0, 0x0, 0x0, 0xe, 0xff, 0xa0, 0x0,
    0x0, 0x0, 0x0, 0x0, 0x0, 0x0, 0x6, 0xff,
    0xf5, 0x0, 0x0, 0x0, 0x0, 0x0, 0x0, 0x0,
    0x2, 0xff, 0xfe, 0x0, 0x0, 0x0, 0x0, 0x0,
    0x0, 0x0, 0x1, 0xdf, 0xff, 0x50, 0x0, 0x0,
    0x0, 0x0, 0x0, 0x0, 0x3, 0xef, 0xff, 0xa0,
    0x0, 0x0, 0x0, 0x0, 0x0, 0x0, 0x19, 0xff,
    0xff, 0xc0, 0x0, 0x0, 0x0, 0x0, 0x0, 0x0,
    0x1, 0xaf, 0xff, 0xb0, 0x0, 0x0, 0x0, 0x0,
    0x0, 0x0, 0x0, 0x0, 0x6e, 0x70, 0x0, 0x0,
    0x0, 0x0, 0x0, 0x0, 0x0, 0x0, 0x0, 0x0,
    0x0, 0x0, 0x0, 0x0, 0x0, 0x0, 0x0,

    /* U+30CB "ニ" */
    0x0, 0x33, 0x22, 0x22, 0x22, 0x22, 0x22, 0x22,
    0x32, 0x0, 0x0, 0xef, 0xff, 0xff, 0xff, 0xff,
    0xff, 0xff, 0xf7, 0x0, 0x0, 0xef, 0xff, 0xff,
    0xff, 0xff, 0xff, 0xff, 0xf7, 0x0, 0x0, 0xef,
    0xff, 0xff, 0xff, 0xff, 0xff, 0xff, 0xf7, 0x0,
    0x0, 0x21, 0x11, 0x11, 0x11, 0x11, 0x11, 0x11,
    0x21, 0x0, 0x0, 0x0, 0x0, 0x0, 0x0, 0x0,
    0x0, 0x0, 0x0, 0x0, 0x0, 0x0, 0x0, 0x0,
    0x0, 0x0, 0x0, 0x0, 0x0, 0x0, 0x0, 0x0,
    0x0, 0x0, 0x0, 0x0, 0x0, 0x0, 0x0, 0x0,
    0x0, 0x0, 0x0, 0x0, 0x0, 0x0, 0x0, 0x0,
    0x0, 0x0, 0x0, 0x0, 0x0, 0x0, 0x0, 0x0,
    0x0, 0x0, 0x0, 0x0, 0x0, 0x0, 0x0, 0x0,
    0x0, 0x0, 0x0, 0x0, 0x0, 0x0, 0x0, 0x0,
    0x0, 0x0, 0x0, 0x0, 0x0, 0x0, 0x0, 0x0,
    0x87, 0x76, 0x66, 0x66, 0x66, 0x66, 0x66, 0x66,
    0x66, 0x74, 0xff, 0xff, 0xff, 0xff, 0xff, 0xff,
    0xff, 0xff, 0xff, 0xf7, 0xff, 0xff, 0xff, 0xff,
    0xff, 0xff, 0xff, 0xff, 0xff, 0xf7, 0xff, 0xff,
    0xff, 0xff, 0xff, 0xff, 0xff, 0xff, 0xff, 0xf7,
    0x10, 0x0, 0x0, 0x0, 0x0, 0x0, 0x0, 0x0,
    0x0, 0x0,

    /* U+30CC "ヌ" */
    0x0, 0x33, 0x22, 0x22, 0x22, 0x22, 0x22, 0x24,
    0x30, 0x0, 0xe, 0xff, 0xff, 0xff, 0xff, 0xff,
    0xff, 0xff, 0x70, 0x0, 0xef, 0xff, 0xff, 0xff,
    0xff, 0xff, 0xff, 0xff, 0x30, 0xc, 0xed, 0xdd,
    0xdd, 0xdd, 0xdd, 0xdf, 0xff, 0xc0, 0x0, 0x0,
    0x0, 0x0, 0x0, 0x0, 0x3, 0xff, 0xf6, 0x0,
    0x0, 0x0, 0x0, 0x0, 0x0, 0x0, 0x9f, 0xff,
    0x10, 0x0, 0x0, 0x4c, 0x30, 0x0, 0x0, 0xf,
    0xff, 0xa0, 0x0, 0x0, 0x2f, 0xff, 0xa1, 0x0,
    0x7, 0xff, 0xf3, 0x0, 0x0, 0x7, 0xff, 0xff,
    0xe6, 0x1, 0xff, 0xfb, 0x0, 0x0, 0x0, 0x3,
    0xcf, 0xff, 0xfb, 0xbf, 0xff, 0x20, 0x0, 0x0,
    0x0, 0x0, 0x6f, 0xff, 0xff, 0xff, 0x90, 0x0,
    0x0, 0x0, 0x0, 0x0, 0x2c, 0xff, 0xff, 0xf1,
    0x0, 0x0, 0x0, 0x0, 0x0, 0x0, 0x5f, 0xff,
    0xff, 0xd3, 0x0, 0x0, 0x0, 0x0, 0x0, 0x8f,
    0xff, 0xff, 0xff, 0xf6, 0x0, 0x0, 0x0, 0x2,
    0xcf, 0xff, 0xf8, 0xbf, 0xff, 0xf9, 0x0, 0x0,
    0x19, 0xff, 0xff, 0xf6, 0x0, 0x9f, 0xff, 0xf2,
    0x4, 0xaf, 0xff, 0xff, 0xe3, 0x0, 0x0, 0x6f,
    0xf5, 0x3, 0xff, 0xff, 0xff, 0xa1, 0x0, 0x0,
    0x0, 0x47, 0x0, 0x4, 0xff, 0xfc, 0x30, 0x0,
    0x0, 0x0, 0x0, 0x0, 0x0, 0x4, 0xa3, 0x0,
    0x0, 0x0, 0x0, 0x0, 0x0, 0x0,

    /* U+30CD "ネ" */
    0x0, 0x0, 0x0, 0x0, 0x3, 0x99, 0x90, 0x0,
    0x0, 0x0, 0x0, 0x0, 0x0, 0x0, 0x0, 0x0,
    0x4f, 0xff, 0x0, 0x0, 0x0, 0x0, 0x0, 0x0,
    0x0, 0x0, 0x0, 0x3, 0xff, 0xe0, 0x0, 0x0,
    0x0, 0x0, 0x0, 0x2, 0x32, 0x22, 0x22, 0x5f,
    0xff, 0x22, 0x23, 0x40, 0x0, 0x0, 0x0, 0x7f,
    0xff, 0xff, 0xff, 0xff, 0xff, 0xff, 0xff, 0xb0,
    0x0, 0x0, 0x7, 0xff, 0xff, 0xff, 0xff, 0xff,
    0xff, 0xff, 0xff, 0x80, 0x0, 0x0, 0x5c, 0xbb,
    0xbb, 0xbb, 0xbb, 0xbb, 0xef, 0xff, 0xd1, 0x0,
    0x0, 0x0, 0x0, 0x0, 0x0, 0x0, 0x0, 0x4f,
    0xff, 0xd1, 0x0, 0x0, 0x0, 0x0, 0x0, 0x0,
    0x0, 0x0, 0x5f, 0xff, 0xe2, 0x0, 0x0, 0x0,
    0x0, 0x0, 0x0, 0x0, 0x0, 0x8f, 0xff, 0xe2,
    0x0, 0x0, 0x0, 0x0, 0x0, 0x0, 0x0, 0x3,
    0xcf, 0xff, 0xd2, 0x0, 0x0, 0x0, 0x0, 0x0,
    0x0, 0x0, 0x2a, 0xff, 0xff, 0xb1, 0x8, 0x20,
    0x0, 0x0, 0x0, 0x0, 0x3, 0xaf, 0xff, 0xff,
    0xe0, 0xa, 0xff, 0x80, 0x0, 0x0, 0x2, 0x7c,
    0xff, 0xff, 0xff, 0xfd, 0x4, 0xff, 0xff, 0xe5,
    0x0, 0x3e, 0xff, 0xff, 0xff, 0xc8, 0xff, 0xd0,
    0x3, 0xcf, 0xff, 0xfa, 0x0, 0xbf, 0xff, 0xfb,
    0x40, 0x4f, 0xfd, 0x0, 0x0, 0x7f, 0xff, 0x90,
    0x1, 0xec, 0x71, 0x0, 0x4, 0xff, 0xd0, 0x0,
    0x0, 0x2d, 0xc0, 0x0, 0x0, 0x0, 0x0, 0x0,
    0x4f, 0xfd, 0x0, 0x0, 0x0, 0x1, 0x0, 0x0,
    0x0, 0x0, 0x0, 0x4, 0xff, 0xd0, 0x0, 0x0,
    0x0, 0x0, 0x0, 0x0, 0x0, 0x0, 0x0, 0x4f,
    0xfe, 0x0, 0x0, 0x0, 0x0, 0x0, 0x0, 0x0,
    0x0, 0x0, 0x5, 0xff, 0xf0, 0x0, 0x0, 0x0,
    0x0, 0x0, 0x0, 0x0, 0x0, 0x0, 0x26, 0x66,
    0x0, 0x0, 0x0, 0x0, 0x0,

    /* U+30CE "ノ" */
    0x0, 0x0, 0x0, 0x0, 0x0, 0x0, 0x0, 0x53,
    0x0, 0x0, 0x0, 0x0, 0x0, 0x0, 0x0, 0x0,
    0xf, 0xff, 0xa0, 0x0, 0x0, 0x0, 0x0, 0x0,
    0x0, 0x3, 0xff, 0xf8, 0x0, 0x0, 0x0, 0x0,
    0x0, 0x0, 0x0, 0x8f, 0xff, 0x20, 0x0, 0x0,
    0x0, 0x0, 0x0, 0x0, 0xd, 0xff, 0xd0, 0x0,
    0x0, 0x0, 0x0, 0x0, 0x0, 0x3, 0xff, 0xf6,
    0x0, 0x0, 0x0, 0x0, 0x0, 0x0, 0x0, 0xaf,
    0xff, 0x0, 0x0, 0x0, 0x0, 0x0, 0x0, 0x0,
    0x2f, 0xff, 0x90, 0x0, 0x0, 0x0, 0x0, 0x0,
    0x0, 0xa, 0xff, 0xf2, 0x0, 0x0, 0x0, 0x0,
    0x0, 0x0, 0x4, 0xff, 0xf9, 0x0, 0x0, 0x0,
    0x0, 0x0, 0x0, 0x1, 0xef, 0xff, 0x10, 0x0,
    0x0, 0x0, 0x0, 0x0, 0x0, 0xcf, 0xff, 0x70,
    0x0, 0x0, 0x0, 0x0, 0x0, 0x1, 0xcf, 0xff,
    0xc0, 0x0, 0x0, 0x0, 0x0, 0x0, 0x2, 0xdf,
    0xff, 0xe1, 0x0, 0x0, 0x0, 0x0, 0x0, 0x5,
    0xff, 0xff, 0xe2, 0x0, 0x0, 0x0, 0x0, 0x0,
    0x2b, 0xff, 0xff, 0xe2, 0x0, 0x0, 0x0, 0x0,
    0x4, 0xaf, 0xff, 0xff, 0xc1, 0x0, 0x0, 0x0,
    0x0, 0x1, 0xdf, 0xff, 0xff, 0x90, 0x0, 0x0,
    0x0, 0x0, 0x0, 0x2, 0xef, 0xfd, 0x40, 0x0,
    0x0, 0x0, 0x0, 0x0, 0x0, 0x2, 0xb6, 0x0,
    0x0, 0x0, 0x0, 0x0, 0x0, 0x0,

    /* U+30CF "ハ" */
    0x0, 0x0, 0x0, 0x0, 0x0, 0x0, 0x0, 0x2,
    0x0, 0x0, 0x0, 0x0, 0x0, 0x0, 0xdc, 0x94,
    0x0, 0x4b, 0xfe, 0x0, 0x0, 0x0, 0x0, 0x0,
    0x0, 0xff, 0xf7, 0x0, 0x4f, 0xff, 0x60, 0x0,
    0x0, 0x0, 0x0, 0x2, 0xff, 0xf4, 0x0, 0xc,
    0xff, 0xd0, 0x0, 0x0, 0x0, 0x0, 0x5, 0xff,
    0xf0, 0x0, 0x5, 0xff, 0xf5, 0x0, 0x0, 0x0,
    0x0, 0x9, 0xff, 0xd0, 0x0, 0x0, 0xdf, 0xfc,
    0x0, 0x0, 0x0, 0x0, 0xd, 0xff, 0x90, 0x0,
    0x0, 0x7f, 0xff, 0x30, 0x0, 0x0, 0x0, 0x2f,
    0xff, 0x40, 0x0, 0x0, 0x1f, 0xff, 0xa0, 0x0,
    0x0, 0x0, 0x7f, 0xff, 0x0, 0x0, 0x0, 0xa,
    0xff, 0xf1, 0x0, 0x0, 0x0, 0xdf, 0xfb, 0x0,
    0x0, 0x0, 0x4, 0xff, 0xf6, 0x0, 0x0, 0x4,
    0xff, 0xf6, 0x0, 0x0, 0x0, 0x0, 0xef, 0xfc,
    0x0, 0x0, 0xb, 0xff, 0xf0, 0x0, 0x0, 0x0,
    0x0, 0x9f, 0xff, 0x20, 0x0, 0x2f, 0xff, 0x90,
    0x0, 0x0, 0x0, 0x0, 0x3f, 0xff, 0x70, 0x0,
    0xbf, 0xff, 0x20, 0x0, 0x0, 0x0, 0x0, 0xe,
    0xff, 0xc0, 0x4, 0xff, 0xfb, 0x0, 0x0, 0x0,
    0x0, 0x0, 0xa, 0xff, 0xf1, 0xd, 0xff, 0xf2,
    0x0, 0x0, 0x0, 0x0, 0x0, 0x5, 0xff, 0xf6,
    0x8f, 0xff, 0x90, 0x0, 0x0, 0x0, 0x0, 0x0,
    0x1, 0xff, 0xfb, 0x4, 0xbe, 0x10, 0x0, 0x0,
    0x0, 0x0, 0x0, 0x0, 0xca, 0x50, 0x0, 0x0,
    0x0, 0x0, 0x0, 0x0, 0x0, 0x0, 0x0, 0x0,
    0x0,

    /* U+30D0 "バ" */
    0x0, 0x0, 0x0, 0x0, 0x0, 0x0, 0x0, 0x0,
    0x0, 0x0, 0x1, 0x0, 0x0, 0x0, 0x0, 0x0,
    0x0, 0x0, 0x0, 0x0, 0x0, 0x1, 0xce, 0x10,
    0x0, 0x0, 0x0, 0x0, 0x0, 0x0, 0x0, 0x0,
    0xa, 0xf2, 0xbf, 0xa0, 0x0, 0x0, 0x0, 0x0,
    0x0, 0x0, 0x0, 0x0, 0xa, 0xfb, 0x2f, 0xf3,
    0x0, 0x0, 0x0, 0x17, 0x30, 0x0, 0x0, 0x5a,
    0x51, 0xff, 0x48, 0x71, 0x0, 0x0, 0x0, 0x3f,
    0xff, 0x40, 0xc, 0xff, 0xd0, 0x89, 0x20, 0x0,
    0x0, 0x0, 0x0, 0x6f, 0xff, 0x0, 0x5, 0xff,
    0xf5, 0x0, 0x0, 0x0, 0x0, 0x0, 0x0, 0x9f,
    0xfd, 0x0, 0x0, 0xdf, 0xfc, 0x0, 0x0, 0x0,
    0x0, 0x0, 0x0, 0xdf, 0xf9, 0x0, 0x0, 0x6f,
    0xff, 0x40, 0x0, 0x0, 0x0, 0x0, 0x1, 0xff,
    0xf5, 0x0, 0x0, 0xe, 0xff, 0xb0, 0x0, 0x0,
    0x0, 0x0, 0x5, 0xff, 0xf1, 0x0, 0x0, 0x8,
    0xff, 0xf2, 0x0, 0x0, 0x0, 0x0, 0xa, 0xff,
    0xd0, 0x0, 0x0, 0x2, 0xff, 0xf8, 0x0, 0x0,
    0x0, 0x0, 0xf, 0xff, 0x80, 0x0, 0x0, 0x0,
    0xbf, 0xfe, 0x0, 0x0, 0x0, 0x0, 0x6f, 0xff,
    0x30, 0x0, 0x0, 0x0, 0x5f, 0xff, 0x40, 0x0,
    0x0, 0x0, 0xcf, 0xfd, 0x0, 0x0, 0x0, 0x0,
    0xf, 0xff, 0xa0, 0x0, 0x0, 0x4, 0xff, 0xf7,
    0x0, 0x0, 0x0, 0x0, 0xb, 0xff, 0xf0, 0x0,
    0x0, 0xc, 0xff, 0xf1, 0x0, 0x0, 0x0, 0x0,
    0x6, 0xff, 0xf5, 0x0, 0x0, 0x5f, 0xff, 0x90,
    0x0, 0x0, 0x0, 0x0, 0x1, 0xff, 0xfa, 0x0,
    0x0, 0xef, 0xff, 0x10, 0x0, 0x0, 0x0, 0x0,
    0x0, 0xcf, 0xff, 0x0, 0x9, 0xff, 0xf8, 0x0,
    0x0, 0x0, 0x0, 0x0, 0x0, 0x8f, 0xff, 0x40,
    0x7, 0xef, 0xe0, 0x0, 0x0, 0x0, 0x0, 0x0,
    0x0, 0x4f, 0xfa, 0x30, 0x0, 0x5, 0x40, 0x0,
    0x0, 0x0, 0x0, 0x0, 0x0, 0x5, 0x0, 0x0,

    /* U+30D1 "パ" */
    0x0, 0x0, 0x0, 0x0, 0x0, 0x0, 0x0, 0x0,
    0x0, 0x0, 0x10, 0x0, 0x0, 0x0, 0x0, 0x0,
    0x0, 0x0, 0x0, 0x0, 0x0, 0x3e, 0xff, 0x60,
    0x0, 0x0, 0x0, 0x0, 0x0, 0x0, 0x0, 0x0,
    0x0, 0xed, 0x6b, 0xf3, 0x0, 0x0, 0x0, 0x0,
    0x0, 0x0, 0x0, 0x0, 0x3, 0xf4, 0x0, 0xf7,
    0x0, 0x0, 0x0, 0x17, 0x30, 0x0, 0x0, 0x5a,
    0x52, 0xf8, 0x4, 0xf5, 0x0, 0x0, 0x0, 0x3f,
    0xff, 0x40, 0xc, 0xff, 0xd0, 0x9f, 0xef, 0xc0,
    0x0, 0x0, 0x0, 0x6f, 0xff, 0x0, 0x5, 0xff,
    0xf5, 0x5, 0x96, 0x0, 0x0, 0x0, 0x0, 0x9f,
    0xfd, 0x0, 0x0, 0xdf, 0xfc, 0x0, 0x0, 0x0,
    0x0, 0x0, 0x0, 0xdf, 0xf9, 0x0, 0x0, 0x6f,
    0xff, 0x40, 0x0, 0x0, 0x0, 0x0, 0x1, 0xff,
    0xf5, 0x0, 0x0, 0xe, 0xff, 0xb0, 0x0, 0x0,
    0x0, 0x0, 0x5, 0xff, 0xf1, 0x0, 0x0, 0x8,
    0xff, 0xf2, 0x0, 0x0, 0x0, 0x0, 0xa, 0xff,
    0xd0, 0x0, 0x0, 0x2, 0xff, 0xf8, 0x0, 0x0,
    0x0, 0x0, 0xf, 0xff, 0x80, 0x0, 0x0, 0x0,
    0xbf, 0xfe, 0x0, 0x0, 0x0, 0x0, 0x6f, 0xff,
    0x30, 0x0, 0x0, 0x0, 0x5f, 0xff, 0x40, 0x0,
    0x0, 0x0, 0xcf, 0xfd, 0x0, 0x0, 0x0, 0x0,
    0xf, 0xff, 0xa0, 0x0, 0x0, 0x4, 0xff, 0xf7,
    0x0, 0x0, 0x0, 0x0, 0xb, 0xff, 0xf0, 0x0,
    0x0, 0xc, 0xff, 0xf1, 0x0, 0x0, 0x0, 0x0,
    0x6, 0xff, 0xf5, 0x0, 0x0, 0x5f, 0xff, 0x90,
    0x0, 0x0, 0x0, 0x0, 0x1, 0xff, 0xfa, 0x0,
    0x0, 0xef, 0xff, 0x10, 0x0, 0x0, 0x0, 0x0,
    0x0, 0xcf, 0xff, 0x0, 0x9, 0xff, 0xf8, 0x0,
    0x0, 0x0, 0x0, 0x0, 0x0, 0x8f, 0xff, 0x40,
    0x7, 0xef, 0xe0, 0x0, 0x0, 0x0, 0x0, 0x0,
    0x0, 0x4f, 0xfa, 0x30, 0x0, 0x5, 0x40, 0x0,
    0x0, 0x0, 0x0, 0x0, 0x0, 0x5, 0x0, 0x0,

    /* U+30D2 "ヒ" */
    0x1, 0x11, 0x0, 0x0, 0x0, 0x0, 0x0, 0x0,
    0x2, 0xff, 0xf3, 0x0, 0x0, 0x0, 0x0, 0x0,
    0x0, 0x1f, 0xff, 0x20, 0x0, 0x0, 0x0, 0x0,
    0x0, 0x1, 0xff, 0xf2, 0x0, 0x0, 0x0, 0x0,
    0x0, 0x0, 0x1f, 0xff, 0x20, 0x0, 0x0, 0x0,
    0x2, 0xa5, 0x1, 0xff, 0xf2, 0x0, 0x0, 0x0,
    0x5b, 0xff, 0xc0, 0x1f, 0xff, 0x20, 0x0, 0x49,
    0xff, 0xff, 0xff, 0x31, 0xff, 0xf4, 0x6b, 0xff,
    0xff, 0xff, 0xfc, 0x60, 0x1f, 0xff, 0xff, 0xff,
    0xff, 0xfe, 0x82, 0x0, 0x1, 0xff, 0xff, 0xff,
    0xfd, 0x83, 0x0, 0x0, 0x0, 0x1f, 0xff, 0xfb,
    0x72, 0x0, 0x0, 0x0, 0x0, 0x1, 0xff, 0xf2,
    0x0, 0x0, 0x0, 0x0, 0x0, 0x0, 0x1f, 0xff,
    0x20, 0x0, 0x0, 0x0, 0x0, 0x0, 0x1, 0xff,
    0xf2, 0x0, 0x0, 0x0, 0x0, 0x0, 0x0, 0x1f,
    0xff, 0x20, 0x0, 0x0, 0x0, 0x0, 0x0, 0x1,
    0xff, 0xf2, 0x0, 0x0, 0x0, 0x0, 0x0, 0x0,
    0xf, 0xff, 0x80, 0x0, 0x0, 0x0, 0x1, 0x35,
    0x70, 0xef, 0xff, 0xfe, 0xdd, 0xde, 0xff, 0xff,
    0xfd, 0x7, 0xff, 0xff, 0xff, 0xff, 0xff, 0xff,
    0xff, 0xd0, 0x6, 0xef, 0xff, 0xff, 0xff, 0xff,
    0xff, 0xfc, 0x0, 0x0, 0x23, 0x55, 0x55, 0x54,
    0x32, 0x10, 0x0,

    /* U+30D3 "ビ" */
    0x0, 0x0, 0x0, 0x0, 0x0, 0x0, 0x0, 0x0,
    0x15, 0x0, 0x0, 0x0, 0x0, 0x0, 0x0, 0x0,
    0x0, 0x41, 0xff, 0x30, 0x16, 0x66, 0x20, 0x0,
    0x0, 0x0, 0xe, 0xf5, 0x8f, 0xc0, 0x1f, 0xff,
    0x40, 0x0, 0x0, 0x0, 0x7, 0xfe, 0x1e, 0xf4,
    0xf, 0xff, 0x30, 0x0, 0x0, 0x0, 0x0, 0xef,
    0x64, 0x20, 0xf, 0xff, 0x20, 0x0, 0x0, 0x0,
    0x0, 0x56, 0x0, 0x0, 0xf, 0xff, 0x20, 0x0,
    0x0, 0x0, 0x17, 0xe7, 0x0, 0x0, 0xf, 0xff,
    0x20, 0x0, 0x0, 0x4a, 0xff, 0xfd, 0x0, 0x0,
    0xf, 0xff, 0x20, 0x4, 0x9e, 0xff, 0xff, 0xff,
    0x30, 0x0, 0xf, 0xff, 0x9b, 0xff, 0xff, 0xff,
    0xfd, 0x71, 0x0, 0x0, 0xf, 0xff, 0xff, 0xff,
    0xff, 0xe9, 0x30, 0x0, 0x0, 0x0, 0xf, 0xff,
    0xff, 0xfd, 0x83, 0x0, 0x0, 0x0, 0x0, 0x0,
    0xf, 0xff, 0xb6, 0x20, 0x0, 0x0, 0x0, 0x0,
    0x0, 0x0, 0xf, 0xff, 0x20, 0x0, 0x0, 0x0,
    0x0, 0x0, 0x0, 0x0, 0xf, 0xff, 0x20, 0x0,
    0x0, 0x0, 0x0, 0x0, 0x0, 0x0, 0xf, 0xff,
    0x20, 0x0, 0x0, 0x0, 0x0, 0x0, 0x0, 0x0,
    0xf, 0xff, 0x20, 0x0, 0x0, 0x0, 0x0, 0x0,
    0x0, 0x0, 0xf, 0xff, 0x30, 0x0, 0x0, 0x0,
    0x0, 0x0, 0x0, 0x0, 0xf, 0xff, 0xc5, 0x32,
    0x22, 0x34, 0x56, 0x8b, 0xc0, 0x0, 0xc, 0xff,
    0xff, 0xff, 0xff, 0xff, 0xff, 0xff, 0xe0, 0x0,
    0x3, 0xff, 0xff, 0xff, 0xff, 0xff, 0xff, 0xff,
    0xe0, 0x0, 0x0, 0x18, 0xce, 0xff, 0xff, 0xff,
    0xed, 0xca, 0x80, 0x0, 0x0, 0x0, 0x0, 0x0,
    0x0, 0x0, 0x0, 0x0, 0x0, 0x0,

    /* U+30D4 "ピ" */
    0x0, 0x0, 0x0, 0x0, 0x0, 0x0, 0x0, 0x7,
    0xdd, 0x60, 0x16, 0x66, 0x20, 0x0, 0x0, 0x0,
    0x0, 0x7f, 0xab, 0xf6, 0x1f, 0xff, 0x40, 0x0,
    0x0, 0x0, 0x0, 0xdb, 0x0, 0xcc, 0xf, 0xff,
    0x30, 0x0, 0x0, 0x0, 0x0, 0xdb, 0x0, 0xdc,
    0xf, 0xff, 0x20, 0x0, 0x0, 0x0, 0x0, 0x7f,
    0xbc, 0xf5, 0xf, 0xff, 0x20, 0x0, 0x0, 0x0,
    0x17, 0xed, 0xcc, 0x50, 0xf, 0xff, 0x20, 0x0,
    0x0, 0x39, 0xff, 0xfd, 0x0, 0x0, 0xf, 0xff,
    0x20, 0x4, 0x9e, 0xff, 0xff, 0xff, 0x30, 0x0,
    0xf, 0xff, 0x8a, 0xff, 0xff, 0xff, 0xfe, 0x81,
    0x0, 0x0, 0xf, 0xff, 0xff, 0xff, 0xff, 0xe9,
    0x40, 0x0, 0x0, 0x0, 0xf, 0xff, 0xff, 0xfd,
    0x83, 0x0, 0x0, 0x0, 0x0, 0x0, 0xf, 0xff,
    0xb6, 0x20, 0x0, 0x0, 0x0, 0x0, 0x0, 0x0,
    0xf, 0xff, 0x20, 0x0, 0x0, 0x0, 0x0, 0x0,
    0x0, 0x0, 0xf, 0xff, 0x20, 0x0, 0x0, 0x0,
    0x0, 0x0, 0x0, 0x0, 0xf, 0xff, 0x20, 0x0,
    0x0, 0x0, 0x0, 0x0, 0x0, 0x0, 0xf, 0xff,
    0x20, 0x0, 0x0, 0x0, 0x0, 0x0, 0x0, 0x0,
    0xf, 0xff, 0x30, 0x0, 0x0, 0x0, 0x0, 0x0,
    0x0, 0x0, 0xf, 0xff, 0xc5, 0x32, 0x22, 0x34,
    0x56, 0x8b, 0xc0, 0x0, 0xc, 0xff, 0xff, 0xff,
    0xff, 0xff, 0xff, 0xff, 0xe0, 0x0, 0x3, 0xff,
    0xff, 0xff, 0xff, 0xff, 0xff, 0xff, 0xe0, 0x0,
    0x0, 0x18, 0xce, 0xff, 0xff, 0xff, 0xed, 0xca,
    0x80, 0x0, 0x0, 0x0, 0x0, 0x0, 0x0, 0x0,
    0x0, 0x0, 0x0, 0x0,

    /* U+30D5 "フ" */
    0x43, 0x22, 0x22, 0x22, 0x22, 0x22, 0x22, 0x24,
    0x10, 0xe, 0xff, 0xff, 0xff, 0xff, 0xff, 0xff,
    0xff, 0xfe, 0x50, 0xef, 0xff, 0xff, 0xff, 0xff,
    0xff, 0xff, 0xff, 0xff, 0x2d, 0xff, 0xff, 0xff,
    0xff, 0xff, 0xff, 0xff, 0xff, 0xe0, 0x0, 0x0,
    0x0, 0x0, 0x0, 0x0, 0x0, 0xff, 0xfa, 0x0,
    0x0, 0x0, 0x0, 0x0, 0x0, 0x0, 0x2f, 0xff,
    0x60, 0x0, 0x0, 0x0, 0x0, 0x0, 0x0, 0x7,
    0xff, 0xf1, 0x0, 0x0, 0x0, 0x0, 0x0, 0x0,
    0x0, 0xdf, 0xfc, 0x0, 0x0, 0x0, 0x0, 0x0,
    0x0, 0x0, 0x4f, 0xff, 0x60, 0x0, 0x0, 0x0,
    0x0, 0x0, 0x0, 0xd, 0xff, 0xe0, 0x0, 0x0,
    0x0, 0x0, 0x0, 0x0, 0x8, 0xff, 0xf7, 0x0,
    0x0, 0x0, 0x0, 0x0, 0x0, 0x5, 0xff, 0xfe,
    0x0, 0x0, 0x0, 0x0, 0x0, 0x0, 0x5, 0xff,
    0xff, 0x40, 0x0, 0x0, 0x0, 0x0, 0x0, 0x8,
    0xff, 0xff, 0x60, 0x0, 0x0, 0x0, 0x0, 0x0,
    0x5d, 0xff, 0xff, 0x70, 0x0, 0x0, 0x0, 0x0,
    0x16, 0xdf, 0xff, 0xff, 0x60, 0x0, 0x0, 0x0,
    0x0, 0xaf, 0xff, 0xff, 0xfd, 0x30, 0x0, 0x0,
    0x0, 0x0, 0x1, 0xef, 0xff, 0xf7, 0x0, 0x0,
    0x0, 0x0, 0x0, 0x0, 0x2, 0xed, 0x71, 0x0,
    0x0, 0x0, 0x0, 0x0, 0x0, 0x0, 0x1, 0x0,
    0x0, 0x0, 0x0, 0x0, 0x0, 0x0,

    /* U+30D6 "ブ" */
    0x0, 0x0, 0x0, 0x0, 0x0, 0x0, 0x0, 0x0,
    0x0, 0x6a, 0x0, 0x0, 0x0, 0x0, 0x0, 0x0,
    0x0, 0x0, 0x6e, 0xb1, 0xff, 0x70, 0x0, 0x0,
    0x0, 0x0, 0x0, 0x0, 0x0, 0x3f, 0xf4, 0x7f,
    0xf1, 0x12, 0x10, 0x0, 0x0, 0x0, 0x0, 0x0,
    0xb, 0xfd, 0xd, 0xc3, 0x8f, 0xff, 0xff, 0xff,
    0xff, 0xff, 0xff, 0xff, 0xfa, 0x1, 0x0, 0x8f,
    0xff, 0xff, 0xff, 0xff, 0xff, 0xff, 0xff, 0xff,
    0x80, 0x0, 0x8f, 0xff, 0xff, 0xff, 0xff, 0xff,
    0xff, 0xff, 0xff, 0x40, 0x0, 0x11, 0x11, 0x11,
    0x11, 0x11, 0x11, 0x11, 0x9f, 0xff, 0x0, 0x0,
    0x0, 0x0, 0x0, 0x0, 0x0, 0x0, 0x0, 0xcf,
    0xfc, 0x0, 0x0, 0x0, 0x0, 0x0, 0x0, 0x0,
    0x0, 0x1, 0xff, 0xf8, 0x0, 0x0, 0x0, 0x0,
    0x0, 0x0, 0x0, 0x0, 0x6, 0xff, 0xf2, 0x0,
    0x0, 0x0, 0x0, 0x0, 0x0, 0x0, 0x0, 0xd,
    0xff, 0xc0, 0x0, 0x0, 0x0, 0x0, 0x0, 0x0,
    0x0, 0x0, 0x6f, 0xff, 0x60, 0x0, 0x0, 0x0,
    0x0, 0x0, 0x0, 0x0, 0x2, 0xff, 0xfe, 0x0,
    0x0, 0x0, 0x0, 0x0, 0x0, 0x0, 0x0, 0x1d,
    0xff, 0xf5, 0x0, 0x0, 0x0, 0x0, 0x0, 0x0,
    0x0, 0x1, 0xcf, 0xff, 0xb0, 0x0, 0x0, 0x0,
    0x0, 0x0, 0x0, 0x0, 0x2d, 0xff, 0xfd, 0x10,
    0x0, 0x0, 0x0, 0x0, 0x0, 0x0, 0x8, 0xff,
    0xff, 0xd1, 0x0, 0x0, 0x0, 0x0, 0x0, 0x0,
    0x28, 0xef, 0xff, 0xfc, 0x10, 0x0, 0x0, 0x0,
    0x0, 0x0, 0x5d, 0xff, 0xff, 0xff, 0x90, 0x0,
    0x0, 0x0, 0x0, 0x0, 0x0, 0xb, 0xff, 0xff,
    0xc3, 0x0, 0x0, 0x0, 0x0, 0x0, 0x0, 0x0,
    0x0, 0xcf, 0xc5, 0x0, 0x0, 0x0, 0x0, 0x0,
    0x0, 0x0, 0x0, 0x0, 0x12, 0x0, 0x0, 0x0,
    0x0, 0x0, 0x0, 0x0, 0x0,

    /* U+30D7 "プ" */
    0x0, 0x0, 0x0, 0x0, 0x0, 0x0, 0x0, 0x0,
    0x3, 0x75, 0x0, 0x0, 0x0, 0x0, 0x0, 0x0,
    0x0, 0x0, 0x0, 0x6f, 0xff, 0xc0, 0x0, 0x0,
    0x0, 0x0, 0x0, 0x0, 0x0, 0x0, 0xfa, 0x5,
    0xf6, 0x12, 0x10, 0x0, 0x0, 0x0, 0x0, 0x0,
    0x4, 0xf5, 0x0, 0xf8, 0x7f, 0xff, 0xff, 0xff,
    0xff, 0xff, 0xff, 0xff, 0xfc, 0x48, 0xf4, 0x7f,
    0xff, 0xff, 0xff, 0xff, 0xff, 0xff, 0xff, 0xff,
    0xff, 0x90, 0x7f, 0xff, 0xff, 0xff, 0xff, 0xff,
    0xff, 0xff, 0xff, 0x72, 0x0, 0x11, 0x11, 0x11,
    0x11, 0x11, 0x11, 0x11, 0x9f, 0xff, 0x10, 0x0,
    0x0, 0x0, 0x0, 0x0, 0x0, 0x0, 0x0, 0xcf,
    0xfc, 0x0, 0x0, 0x0, 0x0, 0x0, 0x0, 0x0,
    0x0, 0x1, 0xff, 0xf8, 0x0, 0x0, 0x0, 0x0,
    0x0, 0x0, 0x0, 0x0, 0x6, 0xff, 0xf2, 0x0,
    0x0, 0x0, 0x0, 0x0, 0x0, 0x0, 0x0, 0xd,
    0xff, 0xd0, 0x0, 0x0, 0x0, 0x0, 0x0, 0x0,
    0x0, 0x0, 0x6f, 0xff, 0x60, 0x0, 0x0, 0x0,
    0x0, 0x0, 0x0, 0x0, 0x1, 0xef, 0xfe, 0x0,
    0x0, 0x0, 0x0, 0x0, 0x0, 0x0, 0x0, 0xc,
    0xff, 0xf5, 0x0, 0x0, 0x0, 0x0, 0x0, 0x0,
    0x0, 0x1, 0xcf, 0xff, 0xb0, 0x0, 0x0, 0x0,
    0x0, 0x0, 0x0, 0x0, 0x2d, 0xff, 0xfd, 0x10,
    0x0, 0x0, 0x0, 0x0, 0x0, 0x0, 0x8, 0xff,
    0xff, 0xe2, 0x0, 0x0, 0x0, 0x0, 0x0, 0x0,
    0x28, 0xef, 0xff, 0xfc, 0x10, 0x0, 0x0, 0x0,
    0x0, 0x0, 0x4d, 0xff, 0xff, 0xff, 0x90, 0x0,
    0x0, 0x0, 0x0, 0x0, 0x0, 0xb, 0xff, 0xff,
    0xd3, 0x0, 0x0, 0x0, 0x0, 0x0, 0x0, 0x0,
    0x0, 0xcf, 0xc5, 0x0, 0x0, 0x0, 0x0, 0x0,
    0x0, 0x0, 0x0, 0x0, 0x12, 0x0, 0x0, 0x0,
    0x0, 0x0, 0x0, 0x0, 0x0,

    /* U+30D8 "ヘ" */
    0x0, 0x0, 0x0, 0x0, 0x0, 0x0, 0x0, 0x0,
    0x0, 0x0, 0x0, 0x0, 0x0, 0x0, 0x0, 0x5c,
    0xd5, 0x0, 0x0, 0x0, 0x0, 0x0, 0x0, 0x0,
    0x0, 0x0, 0x6f, 0xff, 0xf8, 0x0, 0x0, 0x0,
    0x0, 0x0, 0x0, 0x0, 0x0, 0x3f, 0xff, 0xff,
    0xf9, 0x0, 0x0, 0x0, 0x0, 0x0, 0x0, 0x0,
    0x1e, 0xff, 0xff, 0xff, 0xf9, 0x0, 0x0, 0x0,
    0x0, 0x0, 0x0, 0xc, 0xff, 0xf3, 0x2d, 0xff,
    0xf8, 0x0, 0x0, 0x0, 0x0, 0x0, 0xb, 0xff,
    0xf6, 0x0, 0x1e, 0xff, 0xf7, 0x0, 0x0, 0x0,
    0x0, 0x9, 0xff, 0xfa, 0x0, 0x0, 0x2e, 0xff,
    0xf6, 0x0, 0x0, 0x0, 0x9, 0xff, 0xfd, 0x0,
    0x0, 0x0, 0x3f, 0xff, 0xf5, 0x0, 0x0, 0x9,
    0xff, 0xff, 0x30, 0x0, 0x0, 0x0, 0x4f, 0xff,
    0xf4, 0x0, 0x0, 0x4f, 0xff, 0x70, 0x0, 0x0,
    0x0, 0x0, 0x7f, 0xff, 0xf4, 0x0, 0x0, 0x4f,
    0xb0, 0x0, 0x0, 0x0, 0x0, 0x0, 0x9f, 0xff,
    0xf3, 0x0, 0x0, 0x52, 0x0, 0x0, 0x0, 0x0,
    0x0, 0x0, 0xbf, 0xff, 0xe2, 0x0, 0x0, 0x0,
    0x0, 0x0, 0x0, 0x0, 0x0, 0x1, 0xdf, 0xff,
    0xd0, 0x0, 0x0, 0x0, 0x0, 0x0, 0x0, 0x0,
    0x0, 0x2, 0xff, 0xf5, 0x0, 0x0, 0x0, 0x0,
    0x0, 0x0, 0x0, 0x0, 0x0, 0x4, 0xf6, 0x0,
    0x0, 0x0, 0x0, 0x0, 0x0, 0x0, 0x0, 0x0,
    0x0, 0x3, 0x0, 0x0,

    /* U+30D9 "ベ" */
    0x0, 0x0, 0x0, 0x0, 0x0, 0x0, 0x0, 0x0,
    0x0, 0x29, 0x80, 0x0, 0x0, 0x0, 0x0, 0x0,
    0x0, 0x0, 0x0, 0x6, 0x27, 0xff, 0x30, 0x0,
    0x0, 0x0, 0x0, 0x17, 0x50, 0x0, 0xc, 0xfb,
    0xc, 0xfd, 0x0, 0x0, 0x0, 0x0, 0x3f, 0xff,
    0xc1, 0x0, 0x3f, 0xf5, 0x3f, 0xf5, 0x0, 0x0,
    0x0, 0x2e, 0xff, 0xff, 0xd1, 0x0, 0xbf, 0xe0,
    0x84, 0x0, 0x0, 0x0, 0xd, 0xff, 0xff, 0xff,
    0xd1, 0x3, 0xe8, 0x0, 0x0, 0x0, 0x0, 0xb,
    0xff, 0xf8, 0xaf, 0xff, 0xd1, 0x0, 0x0, 0x0,
    0x0, 0x0, 0x8, 0xff, 0xf8, 0x0, 0x9f, 0xff,
    0xd1, 0x0, 0x0, 0x0, 0x0, 0x6, 0xff, 0xfc,
    0x0, 0x0, 0xaf, 0xff, 0xc0, 0x0, 0x0, 0x0,
    0x5, 0xff, 0xfe, 0x10, 0x0, 0x0, 0xbf, 0xff,
    0xc0, 0x0, 0x0, 0x6, 0xff, 0xff, 0x40, 0x0,
    0x0, 0x0, 0xcf, 0xff, 0xb0, 0x0, 0x0, 0xcf,
    0xff, 0x90, 0x0, 0x0, 0x0, 0x1, 0xef, 0xff,
    0xa0, 0x0, 0x0, 0xcf, 0xd0, 0x0, 0x0, 0x0,
    0x0, 0x2, 0xff, 0xff, 0x90, 0x0, 0x1, 0xc3,
    0x0, 0x0, 0x0, 0x0, 0x0, 0x4, 0xff, 0xff,
    0x80, 0x0, 0x0, 0x0, 0x0, 0x0, 0x0, 0x0,
    0x0, 0x7, 0xff, 0xff, 0x70, 0x0, 0x0, 0x0,
    0x0, 0x0, 0x0, 0x0, 0x0, 0x9, 0xff, 0xf8,
    0x0, 0x0, 0x0, 0x0, 0x0, 0x0, 0x0, 0x0,
    0x0, 0xc, 0xf9, 0x0, 0x0, 0x0, 0x0, 0x0,
    0x0, 0x0, 0x0, 0x0, 0x0, 0x18, 0x0,

    /* U+30DA "ペ" */
    0x0, 0x0, 0x0, 0x0, 0x0, 0x0, 0x0, 0x0,
    0x8, 0xdc, 0x50, 0x0, 0x0, 0x0, 0x0, 0x0,
    0x0, 0x0, 0x0, 0xa, 0xfd, 0xef, 0x60, 0x0,
    0x0, 0x0, 0x0, 0x16, 0x50, 0x0, 0x1, 0xf9,
    0x0, 0xdd, 0x0, 0x0, 0x0, 0x0, 0x3e, 0xff,
    0xc1, 0x0, 0x3f, 0x60, 0xa, 0xf0, 0x0, 0x0,
    0x0, 0x1e, 0xff, 0xff, 0xd1, 0x0, 0xfd, 0x35,
    0xfb, 0x0, 0x0, 0x0, 0xd, 0xff, 0xff, 0xff,
    0xd1, 0x5, 0xff, 0xfe, 0x20, 0x0, 0x0, 0xa,
    0xff, 0xf8, 0xaf, 0xff, 0xd1, 0x2, 0x65, 0x0,
    0x0, 0x0, 0x8, 0xff, 0xf8, 0x0, 0x9f, 0xff,
    0xd1, 0x0, 0x0, 0x0, 0x0, 0x6, 0xff, 0xfc,
    0x0, 0x0, 0xaf, 0xff, 0xc0, 0x0, 0x0, 0x0,
    0x5, 0xff, 0xfe, 0x10, 0x0, 0x0, 0xbf, 0xff,
    0xb0, 0x0, 0x0, 0x6, 0xff, 0xff, 0x50, 0x0,
    0x0, 0x0, 0xcf, 0xff, 0xb0, 0x0, 0x0, 0xcf,
    0xff, 0x90, 0x0, 0x0, 0x0, 0x1, 0xef, 0xff,
    0x90, 0x0, 0x1, 0xdf, 0xd0, 0x0, 0x0, 0x0,
    0x0, 0x3, 0xff, 0xff, 0x80, 0x0, 0x1, 0xd3,
    0x0, 0x0, 0x0, 0x0, 0x0, 0x4, 0xff, 0xff,
    0x70, 0x0, 0x0, 0x0, 0x0, 0x0, 0x0, 0x0,
    0x0, 0x7, 0xff, 0xff, 0x60, 0x0, 0x0, 0x0,
    0x0, 0x0, 0x0, 0x0, 0x0, 0xa, 0xff, 0xf8,
    0x0, 0x0, 0x0, 0x0, 0x0, 0x0, 0x0, 0x0,
    0x0, 0xc, 0xf9, 0x0, 0x0, 0x0, 0x0, 0x0,
    0x0, 0x0, 0x0, 0x0, 0x0, 0x19, 0x0,

    /* U+30DB "ホ" */
    0x0, 0x0, 0x0, 0x0, 0x5, 0xff, 0xf1, 0x0,
    0x0, 0x0, 0x0, 0x0, 0x0, 0x0, 0x0, 0x3,
    0xff, 0xf0, 0x0, 0x0, 0x0, 0x0, 0x0, 0x0,
    0x0, 0x0, 0x3, 0xff, 0xe0, 0x0, 0x0, 0x0,
    0x0, 0x1, 0x10, 0x0, 0x0, 0x3, 0xff, 0xe0,
    0x0, 0x0, 0x0, 0x10, 0xa, 0xff, 0xff, 0xff,
    0xff, 0xff, 0xff, 0xff, 0xff, 0xff, 0xd0, 0xa,
    0xff, 0xff, 0xff, 0xff, 0xff, 0xff, 0xff, 0xff,
    0xff, 0xd0, 0x9, 0xee, 0xee, 0xee, 0xee, 0xff,
    0xfe, 0xee, 0xee, 0xee, 0xd0, 0x0, 0x0, 0x0,
    0x0, 0x3, 0xff, 0xe0, 0x0, 0x0, 0x0, 0x0,
    0x0, 0x0, 0x0, 0x0, 0x3, 0xff, 0xe0, 0x0,
    0x0, 0x0, 0x0, 0x0, 0x0, 0x7a, 0x30, 0x3,
    0xff, 0xe0, 0x0, 0x6e, 0x40, 0x0, 0x0, 0x2,
    0xff, 0xf4, 0x3, 0xff, 0xe0, 0x8, 0xff, 0xe1,
    0x0, 0x0, 0xc, 0xff, 0xc0, 0x3, 0xff, 0xe0,
    0x1, 0xef, 0xfa, 0x0, 0x0, 0x7f, 0xff, 0x20,
    0x3, 0xff, 0xe0, 0x0, 0x4f, 0xff, 0x50, 0x4,
    0xff, 0xf7, 0x0, 0x3, 0xff, 0xe0, 0x0, 0xa,
    0xff, 0xe0, 0x3f, 0xff, 0xb0, 0x0, 0x3, 0xff,
    0xe0, 0x0, 0x2, 0xff, 0xf8, 0x3d, 0xfe, 0x10,
    0x0, 0x3, 0xff, 0xe0, 0x0, 0x0, 0x8f, 0xd4,
    0x0, 0x82, 0x0, 0x0, 0x4, 0xff, 0xe0, 0x0,
    0x0, 0x6, 0x0, 0x0, 0x0, 0x0, 0xbe, 0xce,
    0xff, 0xe0, 0x0, 0x0, 0x0, 0x0, 0x0, 0x0,
    0x0, 0xaf, 0xff, 0xff, 0xd0, 0x0, 0x0, 0x0,
    0x0, 0x0, 0x0, 0x0, 0x7f, 0xff, 0xfe, 0x40,
    0x0, 0x0, 0x0, 0x0, 0x0, 0x0, 0x0, 0x0,
    0x1, 0x10, 0x0, 0x0, 0x0, 0x0, 0x0,

    /* U+30DC "ボ" */
    0x0, 0x0, 0x0, 0x0, 0x0, 0x0, 0x0, 0x0,
    0x0, 0x0, 0x0, 0x0, 0x0, 0x0, 0x0, 0x0,
    0x0, 0x0, 0x0, 0x0, 0x30, 0x9e, 0x20, 0x0,
    0x0, 0x0, 0x0, 0x6, 0xff, 0xe0, 0x1, 0xef,
    0x2a, 0xfb, 0x0, 0x0, 0x0, 0x0, 0x0, 0x5f,
    0xfd, 0x0, 0x9, 0xfc, 0x1f, 0xf4, 0x0, 0x0,
    0x0, 0x0, 0x4, 0xff, 0xd0, 0x0, 0x1f, 0xf3,
    0x77, 0x10, 0x0, 0x0, 0x0, 0x0, 0x4f, 0xfd,
    0x0, 0x0, 0x42, 0x0, 0x0, 0xb, 0xfe, 0xee,
    0xee, 0xef, 0xff, 0xfe, 0xee, 0xee, 0xef, 0xc0,
    0x0, 0xbf, 0xff, 0xff, 0xff, 0xff, 0xff, 0xff,
    0xff, 0xff, 0xfc, 0x0, 0xb, 0xff, 0xff, 0xff,
    0xff, 0xff, 0xff, 0xff, 0xff, 0xff, 0xc0, 0x0,
    0x0, 0x0, 0x0, 0x0, 0x4f, 0xfd, 0x0, 0x0,
    0x0, 0x0, 0x0, 0x0, 0x0, 0x0, 0x0, 0x4,
    0xff, 0xd0, 0x0, 0x0, 0x0, 0x0, 0x0, 0x0,
    0x8, 0x91, 0x0, 0x4f, 0xfd, 0x0, 0x6, 0xd2,
    0x0, 0x0, 0x0, 0x2, 0xff, 0xf2, 0x4, 0xff,
    0xd0, 0x9, 0xff, 0xd0, 0x0, 0x0, 0x0, 0xcf,
    0xfb, 0x0, 0x4f, 0xfd, 0x0, 0x2f, 0xff, 0x90,
    0x0, 0x0, 0x8f, 0xff, 0x20, 0x4, 0xff, 0xd0,
    0x0, 0x6f, 0xff, 0x30, 0x0, 0x4f, 0xff, 0x60,
    0x0, 0x4f, 0xfd, 0x0, 0x0, 0xcf, 0xfd, 0x0,
    0x3f, 0xff, 0xb0, 0x0, 0x4, 0xff, 0xd0, 0x0,
    0x3, 0xff, 0xf7, 0x5, 0xef, 0xd1, 0x0, 0x0,
    0x4f, 0xfd, 0x0, 0x0, 0xa, 0xfd, 0x50, 0x1,
    0xa2, 0x0, 0x0, 0x5, 0xff, 0xd0, 0x0, 0x0,
    0x16, 0x0, 0x0, 0x0, 0x0, 0xc, 0xdb, 0xef,
    0xfd, 0x0, 0x0, 0x0, 0x0, 0x0, 0x0, 0x0,
    0x0, 0xbf, 0xff, 0xff, 0xc0, 0x0, 0x0, 0x0,
    0x0, 0x0, 0x0, 0x0, 0x9, 0xff, 0xff, 0xf4,
    0x0, 0x0, 0x0, 0x0, 0x0, 0x0, 0x0, 0x0,
    0x0, 0x12, 0x20, 0x0, 0x0, 0x0, 0x0, 0x0,
    0x0,

    /* U+30DD "ポ" */
    0x0, 0x0, 0x0, 0x0, 0x0, 0x0, 0x0, 0x0,
    0x4, 0xcd, 0x70, 0x0, 0x0, 0x0, 0x0, 0x0,
    0x0, 0x0, 0x0, 0x3f, 0xdb, 0xf7, 0x0, 0x0,
    0x0, 0x0, 0x6, 0xff, 0xe0, 0x0, 0x9e, 0x0,
    0xbd, 0x0, 0x0, 0x0, 0x0, 0x5, 0xff, 0xd0,
    0x0, 0x9e, 0x0, 0xbd, 0x0, 0x0, 0x0, 0x0,
    0x4, 0xff, 0xd0, 0x0, 0x3f, 0xdc, 0xf7, 0x0,
    0x0, 0x0, 0x0, 0x4, 0xff, 0xd0, 0x0, 0x4,
    0xbc, 0x70, 0xb, 0xfe, 0xee, 0xee, 0xef, 0xff,
    0xfe, 0xee, 0xee, 0xef, 0xc0, 0xb, 0xff, 0xff,
    0xff, 0xff, 0xff, 0xff, 0xff, 0xff, 0xff, 0xc0,
    0xb, 0xff, 0xff, 0xff, 0xff, 0xff, 0xff, 0xff,
    0xff, 0xff, 0xc0, 0x0, 0x0, 0x0, 0x0, 0x4,
    0xff, 0xd0, 0x0, 0x0, 0x0, 0x0, 0x0, 0x0,
    0x0, 0x0, 0x4, 0xff, 0xd0, 0x0, 0x0, 0x0,
    0x0, 0x0, 0x0, 0x89, 0x10, 0x4, 0xff, 0xd0,
    0x0, 0x6d, 0x20, 0x0, 0x0, 0x2, 0xff, 0xf2,
    0x4, 0xff, 0xd0, 0x9, 0xff, 0xd0, 0x0, 0x0,
    0xc, 0xff, 0xb0, 0x4, 0xff, 0xd0, 0x2, 0xff,
    0xf9, 0x0, 0x0, 0x8f, 0xff, 0x20, 0x4, 0xff,
    0xd0, 0x0, 0x6f, 0xff, 0x30, 0x4, 0xff, 0xf6,
    0x0, 0x4, 0xff, 0xd0, 0x0, 0xc, 0xff, 0xd0,
    0x3f, 0xff, 0xb0, 0x0, 0x4, 0xff, 0xd0, 0x0,
    0x3, 0xff, 0xf7, 0x5e, 0xfd, 0x10, 0x0, 0x4,
    0xff, 0xd0, 0x0, 0x0, 0xaf, 0xd5, 0x1, 0xa2,
    0x0, 0x0, 0x5, 0xff, 0xd0, 0x0, 0x0, 0x16,
    0x0, 0x0, 0x0, 0x0, 0xcd, 0xbe, 0xff, 0xd0,
    0x0, 0x0, 0x0, 0x0, 0x0, 0x0, 0x0, 0xbf,
    0xff, 0xff, 0xc0, 0x0, 0x0, 0x0, 0x0, 0x0,
    0x0, 0x0, 0x9f, 0xff, 0xff, 0x40, 0x0, 0x0,
    0x0, 0x0, 0x0, 0x0, 0x0, 0x0, 0x12, 0x20,
    0x0, 0x0, 0x0, 0x0, 0x0,

    /* U+30DE "マ" */
    0x10, 0x0, 0x0, 0x0, 0x0, 0x0, 0x0, 0x0,
    0x0, 0x10, 0xd, 0xff, 0xff, 0xff, 0xff, 0xff,
    0xff, 0xff, 0xff, 0xff, 0x50, 0xdf, 0xff, 0xff,
    0xff, 0xff, 0xff, 0xff, 0xff, 0xff, 0xff, 0x7d,
    0xff, 0xff, 0xff, 0xff, 0xff, 0xff, 0xff, 0xff,
    0xff, 0xf4, 0x21, 0x0, 0x0, 0x0, 0x0, 0x0,
    0x0, 0xb, 0xff, 0xf9, 0x0, 0x0, 0x0, 0x0,
    0x0, 0x0, 0x0, 0x5, 0xff, 0xfd, 0x0, 0x0,
    0x0, 0x0, 0x0, 0x0, 0x0, 0x2, 0xff, 0xff,
    0x30, 0x0, 0x0, 0x0, 0x20, 0x0, 0x0, 0x1,
    0xdf, 0xff, 0x60, 0x0, 0x0, 0x0, 0x9f, 0x90,
    0x0, 0x0, 0xcf, 0xff, 0x90, 0x0, 0x0, 0x0,
    0xbf, 0xff, 0xc1, 0x0, 0xcf, 0xff, 0xb0, 0x0,
    0x0, 0x0, 0x2, 0xdf, 0xff, 0xd4, 0xdf, 0xff,
    0xb0, 0x0, 0x0, 0x0, 0x0, 0x1, 0xbf, 0xff,
    0xff, 0xff, 0xb0, 0x0, 0x0, 0x0, 0x0, 0x0,
    0x0, 0xaf, 0xff, 0xff, 0xa0, 0x0, 0x0, 0x0,
    0x0, 0x0, 0x0, 0x0, 0x9f, 0xff, 0xf4, 0x0,
    0x0, 0x0, 0x0, 0x0, 0x0, 0x0, 0x0, 0x9f,
    0xff, 0xf3, 0x0, 0x0, 0x0, 0x0, 0x0, 0x0,
    0x0, 0x0, 0xaf, 0xff, 0xe2, 0x0, 0x0, 0x0,
    0x0, 0x0, 0x0, 0x0, 0x0, 0xbf, 0xff, 0xe1,
    0x0, 0x0, 0x0, 0x0, 0x0, 0x0, 0x0, 0x0,
    0xcf, 0xff, 0x40, 0x0, 0x0, 0x0, 0x0, 0x0,
    0x0, 0x0, 0x1, 0xed, 0x20, 0x0, 0x0, 0x0,
    0x0, 0x0, 0x0, 0x0, 0x0, 0x2, 0x0, 0x0,
    0x0, 0x0,

    /* U+30DF "ミ" */
    0x0, 0x4, 0xb8, 0x63, 0x0, 0x0, 0x0, 0x0,
    0x0, 0x0, 0xaf, 0xff, 0xff, 0xc9, 0x62, 0x0,
    0x0, 0x0, 0x1f, 0xff, 0xff, 0xff, 0xff, 0xfe,
    0xa6, 0x10, 0x0, 0x24, 0x8b, 0xef, 0xff, 0xff,
    0xff, 0xfb, 0x0, 0x0, 0x0, 0x0, 0x25, 0x9d,
    0xff, 0xff, 0x50, 0x0, 0x0, 0x0, 0x0, 0x0,
    0x1, 0x5a, 0xd0, 0x0, 0x13, 0x0, 0x0, 0x0,
    0x0, 0x0, 0x0, 0x0, 0x9, 0xff, 0xda, 0x63,
    0x0, 0x0, 0x0, 0x0, 0x0, 0xff, 0xff, 0xff,
    0xff, 0xb8, 0x30, 0x0, 0x0, 0x2b, 0xef, 0xff,
    0xff, 0xff, 0xff, 0xfa, 0x10, 0x0, 0x0, 0x14,
    0x8b, 0xff, 0xff, 0xff, 0xe0, 0x0, 0x0, 0x0,
    0x0, 0x0, 0x37, 0xcf, 0xf8, 0x0, 0x0, 0x0,
    0x0, 0x0, 0x0, 0x0, 0x15, 0x20, 0x0, 0x44,
    0x10, 0x0, 0x0, 0x0, 0x0, 0x0, 0x0, 0xd,
    0xff, 0xeb, 0x84, 0x0, 0x0, 0x0, 0x0, 0x4,
    0xff, 0xff, 0xff, 0xff, 0xc9, 0x51, 0x0, 0x0,
    0x5b, 0xef, 0xff, 0xff, 0xff, 0xff, 0xfc, 0x72,
    0x0, 0x0, 0x14, 0x8b, 0xff, 0xff, 0xff, 0xff,
    0xf1, 0x0, 0x0, 0x0, 0x0, 0x37, 0xbf, 0xff,
    0xfb, 0x0, 0x0, 0x0, 0x0, 0x0, 0x0, 0x4,
    0x9e, 0x30, 0x0, 0x0, 0x0, 0x0, 0x0, 0x0,
    0x0, 0x0, 0x0,

    /* U+30E0 "ム" */
    0x0, 0x0, 0x0, 0x0, 0x57, 0x40, 0x0, 0x0,
    0x0, 0x0, 0x0, 0x0, 0x0, 0x0, 0x0, 0xaf,
    0xff, 0x10, 0x0, 0x0, 0x0, 0x0, 0x0, 0x0,
    0x0, 0x0, 0xef, 0xfb, 0x0, 0x0, 0x0, 0x0,
    0x0, 0x0, 0x0, 0x0, 0x3, 0xff, 0xf6, 0x0,
    0x0, 0x0, 0x0, 0x0, 0x0, 0x0, 0x0, 0x7,
    0xff, 0xf1, 0x0, 0x0, 0x0, 0x0, 0x0, 0x0,
    0x0, 0x0, 0xc, 0xff, 0xb0, 0x0, 0x0, 0x0,
    0x0, 0x0, 0x0, 0x0, 0x0, 0x1f, 0xff, 0x60,
    0x0, 0x0, 0x0, 0x0, 0x0, 0x0, 0x0, 0x0,
    0x6f, 0xff, 0x10, 0x0, 0x0, 0x0, 0x0, 0x0,
    0x0, 0x0, 0x0, 0xbf, 0xfc, 0x0, 0x0, 0x0,
    0x0, 0x0, 0x0, 0x0, 0x0, 0x0, 0xff, 0xf6,
    0x0, 0x0, 0x4a, 0xe1, 0x0, 0x0, 0x0, 0x0,
    0x5, 0xff, 0xf1, 0x0, 0x2, 0xff, 0xfa, 0x0,
    0x0, 0x0, 0x0, 0xb, 0xff, 0xc0, 0x0, 0x0,
    0x7f, 0xff, 0x30, 0x0, 0x0, 0x0, 0x1f, 0xff,
    0x60, 0x0, 0x0, 0xd, 0xff, 0xc0, 0x0, 0x0,
    0x0, 0x6f, 0xff, 0x10, 0x0, 0x0, 0x5, 0xff,
    0xf4, 0x0, 0x0, 0x0, 0xbf, 0xfb, 0x0, 0x0,
    0x13, 0x57, 0xff, 0xfd, 0x0, 0x13, 0x35, 0xff,
    0xfc, 0xac, 0xef, 0xff, 0xff, 0xff, 0xff, 0x50,
    0x6f, 0xff, 0xff, 0xff, 0xff, 0xff, 0xff, 0xff,
    0xff, 0xff, 0xd0, 0x3f, 0xff, 0xff, 0xff, 0xff,
    0xff, 0xfe, 0xcb, 0x9b, 0xff, 0xf4, 0x1f, 0xff,
    0xec, 0xa9, 0x75, 0x42, 0x0, 0x0, 0x1, 0xff,
    0xfb, 0x3, 0x10, 0x0, 0x0, 0x0, 0x0, 0x0,
    0x0, 0x0, 0xae, 0x71, 0x0, 0x0, 0x0, 0x0,
    0x0, 0x0, 0x0, 0x0, 0x0, 0x10, 0x0,

    /* U+30E1 "メ" */
    0x0, 0x0, 0x0, 0x0, 0x0, 0x0, 0x0, 0x59,
    0x30, 0x0, 0x0, 0x0, 0x0, 0x0, 0x0, 0x0,
    0x0, 0xaf, 0xfe, 0x0, 0x0, 0x0, 0x0, 0x0,
    0x0, 0x0, 0x0, 0xff, 0xfa, 0x0, 0x0, 0x0,
    0x1, 0x0, 0x0, 0x0, 0x5, 0xff, 0xf3, 0x0,
    0x0, 0x0, 0xae, 0x60, 0x0, 0x0, 0xb, 0xff,
    0xd0, 0x0, 0x0, 0x7, 0xff, 0xfb, 0x10, 0x0,
    0x2f, 0xff, 0x60, 0x0, 0x0, 0x7, 0xff, 0xff,
    0xe5, 0x0, 0xaf, 0xfe, 0x0, 0x0, 0x0, 0x0,
    0x2c, 0xff, 0xff, 0xa4, 0xff, 0xf7, 0x0, 0x0,
    0x0, 0x0, 0x0, 0x7f, 0xff, 0xff, 0xff, 0xe0,
    0x0, 0x0, 0x0, 0x0, 0x0, 0x3, 0xef, 0xff,
    0xff, 0x50, 0x0, 0x0, 0x0, 0x0, 0x0, 0x0,
    0x1d, 0xff, 0xff, 0x80, 0x0, 0x0, 0x0, 0x0,
    0x0, 0x0, 0x4f, 0xff, 0xff, 0xfa, 0x0, 0x0,
    0x0, 0x0, 0x0, 0x3, 0xff, 0xff, 0xff, 0xff,
    0xc1, 0x0, 0x0, 0x0, 0x0, 0x4f, 0xff, 0xf6,
    0x4f, 0xff, 0xfd, 0x10, 0x0, 0x0, 0x6, 0xff,
    0xff, 0x70, 0x3, 0xef, 0xff, 0xd1, 0x0, 0x1,
    0xaf, 0xff, 0xf7, 0x0, 0x0, 0x3e, 0xff, 0xf8,
    0x0, 0x5e, 0xff, 0xff, 0x60, 0x0, 0x0, 0x3,
    0xff, 0xb0, 0x3c, 0xff, 0xff, 0xe3, 0x0, 0x0,
    0x0, 0x0, 0x4c, 0x0, 0x1c, 0xff, 0xfb, 0x10,
    0x0, 0x0, 0x0, 0x0, 0x0, 0x0, 0x0, 0xbe,
    0x50, 0x0, 0x0, 0x0, 0x0, 0x0, 0x0, 0x0,
    0x0, 0x0, 0x0, 0x0, 0x0, 0x0, 0x0, 0x0,
    0x0, 0x0,

    /* U+30E2 "モ" */
    0x0, 0xbc, 0xbb, 0xbb, 0xbb, 0xbb, 0xbb, 0xbb,
    0xbc, 0x20, 0x0, 0xef, 0xff, 0xff, 0xff, 0xff,
    0xff, 0xff, 0xff, 0x20, 0x0, 0xef, 0xff, 0xff,
    0xff, 0xff, 0xff, 0xff, 0xff, 0x20, 0x0, 0x11,
    0x11, 0x1f, 0xff, 0x61, 0x11, 0x11, 0x11, 0x0,
    0x0, 0x0, 0x0, 0xe, 0xff, 0x50, 0x0, 0x0,
    0x0, 0x0, 0x0, 0x0, 0x0, 0xe, 0xff, 0x50,
    0x0, 0x0, 0x0, 0x0, 0x0, 0x0, 0x0, 0xe,
    0xff, 0x50, 0x0, 0x0, 0x0, 0x0, 0x7e, 0xdd,
    0xdd, 0xdf, 0xff, 0xed, 0xdd, 0xdd, 0xdd, 0xed,
    0x7f, 0xff, 0xff, 0xff, 0xff, 0xff, 0xff, 0xff,
    0xff, 0xff, 0x7f, 0xff, 0xff, 0xff, 0xff, 0xff,
    0xff, 0xff, 0xff, 0xff, 0x11, 0x10, 0x0, 0xe,
    0xff, 0x60, 0x0, 0x0, 0x0, 0x1, 0x0, 0x0,
    0x0, 0xe, 0xff, 0x50, 0x0, 0x0, 0x0, 0x0,
    0x0, 0x0, 0x0, 0xe, 0xff, 0x50, 0x0, 0x0,
    0x0, 0x0, 0x0, 0x0, 0x0, 0xe, 0xff, 0x50,
    0x0, 0x0, 0x0, 0x0, 0x0, 0x0, 0x0, 0xe,
    0xff, 0x60, 0x0, 0x0, 0x0, 0x0, 0x0, 0x0,
    0x0, 0xe, 0xff, 0xd4, 0x10, 0x11, 0x23, 0x51,
    0x0, 0x0, 0x0, 0xb, 0xff, 0xff, 0xff, 0xff,
    0xff, 0xf3, 0x0, 0x0, 0x0, 0x3, 0xff, 0xff,
    0xff, 0xff, 0xff, 0xf2, 0x0, 0x0, 0x0, 0x0,
    0x3a, 0xef, 0xff, 0xff, 0xff, 0xe1, 0x0, 0x0,
    0x0, 0x0, 0x0, 0x0, 0x0, 0x0, 0x0, 0x0,

    /* U+30E3 "ャ" */
    0x0, 0x0, 0x0, 0x10, 0x0, 0x0, 0x0, 0x0,
    0x0, 0x0, 0x0, 0x4b, 0xfc, 0x0, 0x0, 0x0,
    0x0, 0x0, 0x0, 0x0, 0x3, 0xff, 0xf0, 0x0,
    0x0, 0x0, 0x0, 0x0, 0x0, 0x0, 0xd, 0xff,
    0x40, 0x0, 0x0, 0x36, 0xaa, 0x10, 0x0, 0x0,
    0x9f, 0xf9, 0x37, 0xad, 0xff, 0xff, 0xfe, 0x0,
    0x2, 0x5a, 0xff, 0xff, 0xff, 0xff, 0xff, 0xff,
    0x90, 0xaf, 0xff, 0xff, 0xff, 0xff, 0xfc, 0x99,
    0xff, 0xe1, 0x7, 0xff, 0xff, 0xff, 0xfa, 0x30,
    0x0, 0xdf, 0xf5, 0x0, 0x3e, 0xb7, 0x48, 0xff,
    0x90, 0x0, 0xaf, 0xfa, 0x0, 0x0, 0x0, 0x0,
    0x3f, 0xfe, 0x0, 0x7f, 0xfe, 0x10, 0x0, 0x0,
    0x0, 0x0, 0xff, 0xf2, 0x4f, 0xff, 0x30, 0x0,
    0x0, 0x0, 0x0, 0xb, 0xff, 0x70, 0x3b, 0x60,
    0x0, 0x0, 0x0, 0x0, 0x0, 0x6f, 0xfc, 0x0,
    0x0, 0x0, 0x0, 0x0, 0x0, 0x0, 0x2, 0xff,
    0xf0, 0x0, 0x0, 0x0, 0x0, 0x0, 0x0, 0x0,
    0xe, 0xff, 0x50, 0x0, 0x0, 0x0, 0x0, 0x0,
    0x0, 0x0, 0xaf, 0xf9, 0x0, 0x0, 0x0, 0x0,
    0x0, 0x0, 0x0, 0x5, 0xff, 0xe0, 0x0, 0x0,
    0x0, 0x0, 0x0, 0x0, 0x0, 0x1f, 0xfe, 0x20,
    0x0, 0x0, 0x0, 0x0, 0x0, 0x0, 0x0, 0x62,
    0x0, 0x0, 0x0, 0x0, 0x0,

    /* U+30E4 "ヤ" */
    0x0, 0x0, 0x1, 0x55, 0x0, 0x0, 0x0, 0x0,
    0x0, 0x0, 0x0, 0x0, 0x0, 0xbf, 0xfc, 0x0,
    0x0, 0x0, 0x0, 0x0, 0x0, 0x0, 0x0, 0x0,
    0x6f, 0xff, 0x0, 0x0, 0x0, 0x0, 0x0, 0x0,
    0x0, 0x0, 0x0, 0x1f, 0xff, 0x50, 0x0, 0x0,
    0x0, 0x14, 0x89, 0x10, 0x0, 0x0, 0xc, 0xff,
    0x90, 0x1, 0x47, 0xad, 0xff, 0xff, 0xe3, 0x0,
    0x0, 0x8, 0xff, 0xeb, 0xef, 0xff, 0xff, 0xff,
    0xff, 0xf3, 0x25, 0x79, 0xcf, 0xff, 0xff, 0xff,
    0xff, 0xff, 0xef, 0xff, 0xa0, 0xaf, 0xff, 0xff,
    0xff, 0xff, 0xfe, 0xa7, 0x41, 0x8f, 0xff, 0x10,
    0x6f, 0xff, 0xff, 0xff, 0xfc, 0x10, 0x0, 0x4,
    0xff, 0xf6, 0x0, 0x2f, 0xb8, 0x51, 0x6f, 0xff,
    0x0, 0x0, 0x1e, 0xff, 0xb0, 0x0, 0x0, 0x0,
    0x0, 0x2f, 0xff, 0x40, 0x1, 0xdf, 0xfe, 0x10,
    0x0, 0x0, 0x0, 0x0, 0xe, 0xff, 0x80, 0x1c,
    0xff, 0xf4, 0x0, 0x0, 0x0, 0x0, 0x0, 0xa,
    0xff, 0xd0, 0x2a, 0xff, 0x70, 0x0, 0x0, 0x0,
    0x0, 0x0, 0x5, 0xff, 0xf1, 0x0, 0x26, 0x0,
    0x0, 0x0, 0x0, 0x0, 0x0, 0x1, 0xff, 0xf6,
    0x0, 0x0, 0x0, 0x0, 0x0, 0x0, 0x0, 0x0,
    0x0, 0xdf, 0xfa, 0x0, 0x0, 0x0, 0x0, 0x0,
    0x0, 0x0, 0x0, 0x0, 0x8f, 0xfe, 0x0, 0x0,
    0x0, 0x0, 0x0, 0x0, 0x0, 0x0, 0x0, 0x4f,
    0xff, 0x30, 0x0, 0x0, 0x0, 0x0, 0x0, 0x0,
    0x0, 0x0, 0xf, 0xff, 0x80, 0x0, 0x0, 0x0,
    0x0, 0x0, 0x0, 0x0, 0x0, 0xc, 0xff, 0xd0,
    0x0, 0x0, 0x0, 0x0, 0x0, 0x0, 0x0, 0x0,
    0x8, 0xff, 0xe1, 0x0, 0x0, 0x0, 0x0, 0x0,
    0x0, 0x0, 0x0, 0x3, 0x52, 0x0, 0x0, 0x0,
    0x0, 0x0,

    /* U+30E5 "ュ" */
    0x0, 0x2, 0x11, 0x11, 0x11, 0x11, 0x32, 0x0,
    0x0, 0x0, 0x3f, 0xff, 0xff, 0xff, 0xff, 0xff,
    0xb2, 0x0, 0x0, 0x3f, 0xff, 0xff, 0xff, 0xff,
    0xff, 0xf4, 0x0, 0x0, 0x2d, 0xdd, 0xdd, 0xdd,
    0xdd, 0xff, 0xf1, 0x0, 0x0, 0x0, 0x0, 0x0,
    0x0, 0x5, 0xff, 0xe0, 0x0, 0x0, 0x0, 0x0,
    0x0, 0x0, 0x7, 0xff, 0xc0, 0x0, 0x0, 0x0,
    0x0, 0x0, 0x0, 0xa, 0xff, 0xa0, 0x0, 0x0,
    0x0, 0x0, 0x0, 0x0, 0xc, 0xff, 0x70, 0x0,
    0x0, 0x0, 0x0, 0x0, 0x0, 0xf, 0xff, 0x40,
    0x0, 0x0, 0x0, 0x0, 0x0, 0x0, 0x2f, 0xff,
    0x20, 0x0, 0x5e, 0xdd, 0xdd, 0xdd, 0xdd, 0xdf,
    0xff, 0xdd, 0xdc, 0x6f, 0xff, 0xff, 0xff, 0xff,
    0xff, 0xff, 0xff, 0xfe, 0x6f, 0xff, 0xff, 0xff,
    0xff, 0xff, 0xff, 0xff, 0xfe, 0x12, 0x11, 0x11,
    0x11, 0x11, 0x11, 0x11, 0x11, 0x12,

    /* U+30E6 "ユ" */
    0x0, 0x3, 0x65, 0x44, 0x44, 0x44, 0x44, 0x57,
    0x60, 0x0, 0x0, 0x0, 0x7, 0xff, 0xff, 0xff,
    0xff, 0xff, 0xff, 0xfd, 0x40, 0x0, 0x0, 0x7,
    0xff, 0xff, 0xff, 0xff, 0xff, 0xff, 0xff, 0x50,
    0x0, 0x0, 0x6, 0xdc, 0xcc, 0xcc, 0xcc, 0xcc,
    0xef, 0xff, 0x30, 0x0, 0x0, 0x0, 0x0, 0x0,
    0x0, 0x0, 0x0, 0x8f, 0xff, 0x10, 0x0, 0x0,
    0x0, 0x0, 0x0, 0x0, 0x0, 0x0, 0xaf, 0xfe,
    0x0, 0x0, 0x0, 0x0, 0x0, 0x0, 0x0, 0x0,
    0x0, 0xcf, 0xfc, 0x0, 0x0, 0x0, 0x0, 0x0,
    0x0, 0x0, 0x0, 0x0, 0xef, 0xf9, 0x0, 0x0,
    0x0, 0x0, 0x0, 0x0, 0x0, 0x0, 0x0, 0xff,
    0xf7, 0x0, 0x0, 0x0, 0x0, 0x0, 0x0, 0x0,
    0x0, 0x3, 0xff, 0xf4, 0x0, 0x0, 0x0, 0x0,
    0x0, 0x0, 0x0, 0x0, 0x5, 0xff, 0xf2, 0x0,
    0x0, 0x0, 0x0, 0x0, 0x0, 0x0, 0x0, 0x8,
    0xff, 0xf0, 0x0, 0x0, 0x2, 0x0, 0x0, 0x0,
    0x0, 0x0, 0xb, 0xff, 0xd0, 0x0, 0x11, 0x1f,
    0xff, 0xff, 0xff, 0xff, 0xff, 0xff, 0xff, 0xff,
    0xff, 0xf8, 0x1f, 0xff, 0xff, 0xff, 0xff, 0xff,
    0xff, 0xff, 0xff, 0xff, 0xf8, 0x1f, 0xff, 0xff,
    0xff, 0xff, 0xff, 0xff, 0xff, 0xff, 0xff, 0xf8,
    0x4, 0x32, 0x22, 0x22, 0x22, 0x22, 0x22, 0x22,
    0x22, 0x22, 0x32,

    /* U+30E7 "ョ" */
    0xa, 0xba, 0xaa, 0xaa, 0xaa, 0xaa, 0xaa, 0xa0,
    0xe, 0xff, 0xff, 0xff, 0xff, 0xff, 0xff, 0xf0,
    0xe, 0xff, 0xff, 0xff, 0xff, 0xff, 0xff, 0xf0,
    0x1, 0x0, 0x0, 0x0, 0x0, 0x0, 0xff, 0xf0,
    0x0, 0x0, 0x0, 0x0, 0x0, 0x0, 0xff, 0xf0,
    0x0, 0x0, 0x0, 0x0, 0x0, 0x0, 0xff, 0xf0,
    0x3, 0xdc, 0xcc, 0xcc, 0xcc, 0xcc, 0xff, 0xf0,
    0x4, 0xff, 0xff, 0xff, 0xff, 0xff, 0xff, 0xf0,
    0x4, 0xfe, 0xee, 0xee, 0xee, 0xee, 0xff, 0xf0,
    0x0, 0x0, 0x0, 0x0, 0x0, 0x0, 0xff, 0xf0,
    0x0, 0x0, 0x0, 0x0, 0x0, 0x0, 0xff, 0xf0,
    0x0, 0x0, 0x0, 0x0, 0x0, 0x0, 0xff, 0xf0,
    0x2f, 0xff, 0xff, 0xff, 0xff, 0xff, 0xff, 0xf0,
    0x2f, 0xff, 0xff, 0xff, 0xff, 0xff, 0xff, 0xf0,
    0x2e, 0xdd, 0xdd, 0xdd, 0xdd, 0xdd, 0xff, 0xf0,
    0x0, 0x0, 0x0, 0x0, 0x0, 0x0, 0xff, 0xf0,

    /* U+30E8 "ヨ" */
    0x2, 0x11, 0x11, 0x11, 0x11, 0x11, 0x11, 0x11,
    0x10, 0x4f, 0xff, 0xff, 0xff, 0xff, 0xff, 0xff,
    0xff, 0xf5, 0x4f, 0xff, 0xff, 0xff, 0xff, 0xff,
    0xff, 0xff, 0xf5, 0x3e, 0xdd, 0xdd, 0xdd, 0xdd,
    0xdd, 0xdd, 0xff, 0xf5, 0x0, 0x0, 0x0, 0x0,
    0x0, 0x0, 0x0, 0xef, 0xf5, 0x0, 0x0, 0x0,
    0x0, 0x0, 0x0, 0x0, 0xef, 0xf5, 0x0, 0x0,
    0x0, 0x0, 0x0, 0x0, 0x0, 0xef, 0xf5, 0x5,
    0xbb, 0xbb, 0xbb, 0xbb, 0xbb, 0xbb, 0xff, 0xf5,
    0x7, 0xff, 0xff, 0xff, 0xff, 0xff, 0xff, 0xff,
    0xf5, 0x7, 0xff, 0xff, 0xff, 0xff, 0xff, 0xff,
    0xff, 0xf5, 0x1, 0x44, 0x44, 0x44, 0x44, 0x44,
    0x44, 0xef, 0xf5, 0x0, 0x0, 0x0, 0x0, 0x0,
    0x0, 0x0, 0xef, 0xf5, 0x0, 0x0, 0x0, 0x0,
    0x0, 0x0, 0x0, 0xef, 0xf5, 0x0, 0x0, 0x0,
    0x0, 0x0, 0x0, 0x0, 0xef, 0xf5, 0x12, 0x22,
    0x22, 0x22, 0x22, 0x22, 0x22, 0xef, 0xf5, 0x9f,
    0xff, 0xff, 0xff, 0xff, 0xff, 0xff, 0xff, 0xf5,
    0x9f, 0xff, 0xff, 0xff, 0xff, 0xff, 0xff, 0xff,
    0xf5, 0x8e, 0xee, 0xee, 0xee, 0xee, 0xee, 0xee,
    0xff, 0xf5, 0x0, 0x0, 0x0, 0x0, 0x0, 0x0,
    0x0, 0xef, 0xf6, 0x0, 0x0, 0x0, 0x0, 0x0,
    0x0, 0x0, 0x11, 0x10,

    /* U+30E9 "ラ" */
    0x0, 0x11, 0x11, 0x11, 0x11, 0x11, 0x11, 0x11,
    0x20, 0x0, 0x6, 0xff, 0xff, 0xff, 0xff, 0xff,
    0xff, 0xfe, 0x0, 0x0, 0x6f, 0xff, 0xff, 0xff,
    0xff, 0xff, 0xff, 0xe0, 0x0, 0x6, 0xdd, 0xdd,
    0xdd, 0xdd, 0xdd, 0xdd, 0xdc, 0x0, 0x0, 0x0,
    0x0, 0x0, 0x0, 0x0, 0x0, 0x0, 0x0, 0x0,
    0x0, 0x0, 0x0, 0x0, 0x0, 0x0, 0x0, 0x0,
    0x0, 0x8d, 0xcc, 0xcc, 0xcc, 0xcc, 0xcc, 0xcc,
    0xcc, 0xe8, 0xa, 0xff, 0xff, 0xff, 0xff, 0xff,
    0xff, 0xff, 0xff, 0xfb, 0xaf, 0xff, 0xff, 0xff,
    0xff, 0xff, 0xff, 0xff, 0xff, 0x62, 0x21, 0x11,
    0x11, 0x11, 0x11, 0x11, 0x17, 0xff, 0xf1, 0x0,
    0x0, 0x0, 0x0, 0x0, 0x0, 0x0, 0xdf, 0xfa,
    0x0, 0x0, 0x0, 0x0, 0x0, 0x0, 0x0, 0x5f,
    0xff, 0x30, 0x0, 0x0, 0x0, 0x0, 0x0, 0x0,
    0x2e, 0xff, 0xb0, 0x0, 0x0, 0x0, 0x0, 0x0,
    0x0, 0x1d, 0xff, 0xf1, 0x0, 0x0, 0x0, 0x0,
    0x0, 0x0, 0x4e, 0xff, 0xf5, 0x0, 0x0, 0x0,
    0x0, 0x0, 0x1, 0x9f, 0xff, 0xf6, 0x0, 0x0,
    0x0, 0x0, 0x0, 0x3a, 0xff, 0xff, 0xf6, 0x0,
    0x0, 0x0, 0x0, 0x8, 0xef, 0xff, 0xff, 0xd3,
    0x0, 0x0, 0x0, 0x0, 0x0, 0x2f, 0xff, 0xfe,
    0x70, 0x0, 0x0, 0x0, 0x0, 0x0, 0x0, 0x4f,
    0xc6, 0x0, 0x0, 0x0, 0x0, 0x0, 0x0, 0x0,
    0x0, 0x0, 0x0, 0x0, 0x0, 0x0, 0x0, 0x0,

    /* U+30EA "リ" */
    0x2a, 0xaa, 0x10, 0x0, 0x0, 0x4, 0xdd, 0xd3,
    0x3f, 0xff, 0x10, 0x0, 0x0, 0x3, 0xff, 0xf3,
    0x3f, 0xff, 0x10, 0x0, 0x0, 0x3, 0xff, 0xf2,
    0x3f, 0xff, 0x10, 0x0, 0x0, 0x3, 0xff, 0xf2,
    0x3f, 0xff, 0x10, 0x0, 0x0, 0x3, 0xff, 0xf2,
    0x3f, 0xff, 0x10, 0x0, 0x0, 0x3, 0xff, 0xf2,
    0x3f, 0xff, 0x10, 0x0, 0x0, 0x3, 0xff, 0xf2,
    0x3f, 0xff, 0x10, 0x0, 0x0, 0x3, 0xff, 0xf2,
    0x3f, 0xff, 0x10, 0x0, 0x0, 0x3, 0xff, 0xf2,
    0x3f, 0xff, 0x10, 0x0, 0x0, 0x4, 0xff, 0xf1,
    0x3f, 0xff, 0x10, 0x0, 0x0, 0x6, 0xff, 0xf0,
    0x4f, 0xff, 0x10, 0x0, 0x0, 0x9, 0xff, 0xd0,
    0x26, 0x66, 0x0, 0x0, 0x0, 0xe, 0xff, 0xa0,
    0x0, 0x0, 0x0, 0x0, 0x0, 0x7f, 0xff, 0x50,
    0x0, 0x0, 0x0, 0x0, 0x4, 0xff, 0xfd, 0x0,
    0x0, 0x0, 0x0, 0x0, 0x6f, 0xff, 0xf4, 0x0,
    0x0, 0x0, 0x0, 0x4c, 0xff, 0xff, 0x80, 0x0,
    0x0, 0x0, 0x7e, 0xff, 0xff, 0xf7, 0x0, 0x0,
    0x0, 0x0, 0x1e, 0xff, 0xfd, 0x40, 0x0, 0x0,
    0x0, 0x0, 0x2, 0xec, 0x50, 0x0, 0x0, 0x0,
    0x0, 0x0, 0x0, 0x0, 0x0, 0x0, 0x0, 0x0,

    /* U+30EB "ル" */
    0x0, 0x0, 0x2, 0x55, 0x50, 0x0, 0x55, 0x52,
    0x0, 0x0, 0x0, 0x0, 0x0, 0x0, 0x5, 0xff,
    0xf0, 0x0, 0xff, 0xf5, 0x0, 0x0, 0x0, 0x0,
    0x0, 0x0, 0x4, 0xff, 0xe0, 0x0, 0xef, 0xf4,
    0x0, 0x0, 0x0, 0x0, 0x0, 0x0, 0x4, 0xff,
    0xe0, 0x0, 0xef, 0xf4, 0x0, 0x0, 0x0, 0x0,
    0x0, 0x0, 0x4, 0xff, 0xd0, 0x0, 0xef, 0xf4,
    0x0, 0x0, 0x0, 0x0, 0x0, 0x0, 0x4, 0xff,
    0xd0, 0x0, 0xef, 0xf4, 0x0, 0x0, 0x0, 0x0,
    0x0, 0x0, 0x4, 0xff, 0xd0, 0x0, 0xef, 0xf4,
    0x0, 0x0, 0x0, 0x0, 0x0, 0x0, 0x5, 0xff,
    0xc0, 0x0, 0xef, 0xf4, 0x0, 0x0, 0x0, 0x0,
    0x0, 0x0, 0x6, 0xff, 0xb0, 0x0, 0xef, 0xf4,
    0x0, 0x0, 0x0, 0x0, 0x0, 0x0, 0x7, 0xff,
    0xa0, 0x0, 0xef, 0xf4, 0x0, 0x0, 0x0, 0x0,
    0x0, 0x0, 0x9, 0xff, 0x90, 0x0, 0xef, 0xf4,
    0x0, 0x0, 0x15, 0x0, 0x0, 0x0, 0xb, 0xff,
    0x70, 0x0, 0xef, 0xf4, 0x0, 0x0, 0xcf, 0x20,
    0x0, 0x0, 0xf, 0xff, 0x40, 0x0, 0xef, 0xf4,
    0x0, 0xb, 0xff, 0xc0, 0x0, 0x0, 0x6f, 0xff,
    0x10, 0x0, 0xef, 0xf4, 0x1, 0xcf, 0xff, 0x80,
    0x0, 0x0, 0xdf, 0xfb, 0x0, 0x0, 0xef, 0xf4,
    0x5e, 0xff, 0xf9, 0x0, 0x0, 0x7, 0xff, 0xf4,
    0x0, 0x0, 0xef, 0xfe, 0xff, 0xff, 0x80, 0x0,
    0x0, 0x4f, 0xff, 0xc0, 0x0, 0x0, 0xef, 0xff,
    0xff, 0xf6, 0x0, 0x0, 0x5, 0xff, 0xff, 0x20,
    0x0, 0x0, 0xff, 0xff, 0xfd, 0x20, 0x0, 0x0,
    0x7, 0xff, 0xf6, 0x0, 0x0, 0x0, 0xef, 0xff,
    0x80, 0x0, 0x0, 0x0, 0x0, 0x2c, 0x70, 0x0,
    0x0, 0x0, 0x1c, 0xa2, 0x0, 0x0, 0x0, 0x0,
    0x0, 0x0, 0x0, 0x0, 0x0, 0x0, 0x0, 0x0,
    0x0, 0x0, 0x0, 0x0,

    /* U+30EC "レ" */
    0x14, 0x44, 0x20, 0x0, 0x0, 0x0, 0x0, 0x0,
    0x0, 0x2, 0xff, 0xf6, 0x0, 0x0, 0x0, 0x0,
    0x0, 0x0, 0x0, 0xf, 0xff, 0x40, 0x0, 0x0,
    0x0, 0x0, 0x0, 0x0, 0x0, 0xff, 0xf4, 0x0,
    0x0, 0x0, 0x0, 0x0, 0x0, 0x0, 0xf, 0xff,
    0x40, 0x0, 0x0, 0x0, 0x0, 0x0, 0x0, 0x0,
    0xff, 0xf4, 0x0, 0x0, 0x0, 0x0, 0x0, 0x0,
    0x0, 0xf, 0xff, 0x40, 0x0, 0x0, 0x0, 0x0,
    0x0, 0x0, 0x0, 0xff, 0xf4, 0x0, 0x0, 0x0,
    0x0, 0x0, 0x0, 0x0, 0xf, 0xff, 0x40, 0x0,
    0x0, 0x0, 0x0, 0x0, 0xa0, 0x0, 0xff, 0xf4,
    0x0, 0x0, 0x0, 0x0, 0x0, 0xbf, 0x80, 0xf,
    0xff, 0x40, 0x0, 0x0, 0x0, 0x1, 0xcf, 0xff,
    0x10, 0xff, 0xf4, 0x0, 0x0, 0x0, 0x3, 0xef,
    0xff, 0x90, 0xf, 0xff, 0x40, 0x0, 0x0, 0x8,
    0xff, 0xff, 0x90, 0x0, 0xff, 0xf4, 0x0, 0x0,
    0x4d, 0xff, 0xff, 0x80, 0x0, 0xf, 0xff, 0x40,
    0x4, 0xcf, 0xff, 0xfe, 0x40, 0x0, 0x0, 0xff,
    0xf6, 0x7d, 0xff, 0xff, 0xfa, 0x10, 0x0, 0x0,
    0xf, 0xff, 0xff, 0xff, 0xff, 0xc3, 0x0, 0x0,
    0x0, 0x2, 0xff, 0xff, 0xff, 0xfc, 0x40, 0x0,
    0x0, 0x0, 0x0, 0xb, 0xff, 0xfe, 0x92, 0x0,
    0x0, 0x0, 0x0, 0x0, 0x0, 0x9, 0xb5, 0x0,
    0x0, 0x0, 0x0, 0x0, 0x0, 0x0, 0x0, 0x0,
    0x0, 0x0, 0x0, 0x0, 0x0, 0x0, 0x0, 0x0,

    /* U+30ED "ロ" */
    0x0, 0x0, 0x0, 0x0, 0x0, 0x0, 0x0, 0x0,
    0x0, 0x2, 0xff, 0xff, 0xff, 0xff, 0xff, 0xff,
    0xff, 0xff, 0xff, 0x2f, 0xff, 0xff, 0xff, 0xff,
    0xff, 0xff, 0xff, 0xff, 0xf2, 0xff, 0xff, 0xff,
    0xff, 0xff, 0xff, 0xff, 0xff, 0xff, 0x2f, 0xff,
    0x21, 0x11, 0x11, 0x11, 0x11, 0x15, 0xff, 0xf2,
    0xff, 0xf1, 0x0, 0x0, 0x0, 0x0, 0x0, 0x4f,
    0xff, 0x2f, 0xff, 0x10, 0x0, 0x0, 0x0, 0x0,
    0x4, 0xff, 0xf2, 0xff, 0xf1, 0x0, 0x0, 0x0,
    0x0, 0x0, 0x4f, 0xff, 0x2f, 0xff, 0x10, 0x0,
    0x0, 0x0, 0x0, 0x4, 0xff, 0xf2, 0xff, 0xf1,
    0x0, 0x0, 0x0, 0x0, 0x0, 0x4f, 0xff, 0x2f,
    0xff, 0x10, 0x0, 0x0, 0x0, 0x0, 0x4, 0xff,
    0xf2, 0xff, 0xf1, 0x0, 0x0, 0x0, 0x0, 0x0,
    0x4f, 0xff, 0x2f, 0xff, 0x10, 0x0, 0x0, 0x0,
    0x0, 0x4, 0xff, 0xf2, 0xff, 0xf1, 0x0, 0x0,
    0x0, 0x0, 0x0, 0x4f, 0xff, 0x2f, 0xff, 0xff,
    0xff, 0xff, 0xff, 0xff, 0xff, 0xff, 0xf2, 0xff,
    0xff, 0xff, 0xff, 0xff, 0xff, 0xff, 0xff, 0xff,
    0x2f, 0xff, 0xff, 0xff, 0xff, 0xff, 0xff, 0xff,
    0xff, 0xf2, 0xff, 0xf3, 0x11, 0x11, 0x11, 0x11,
    0x11, 0x6f, 0xff, 0x16, 0x66, 0x0, 0x0, 0x0,
    0x0, 0x0, 0x2, 0x66, 0x60,

    /* U+30EE "ヮ" */
    0x1, 0x10, 0x0, 0x0, 0x0, 0x0, 0x0, 0x11,
    0x0, 0xf, 0xff, 0xff, 0xff, 0xff, 0xff, 0xff,
    0xff, 0x70, 0xe, 0xff, 0xff, 0xff, 0xff, 0xff,
    0xff, 0xff, 0xf4, 0xe, 0xff, 0xcb, 0xbb, 0xbb,
    0xbb, 0xbd, 0xff, 0xf0, 0xe, 0xff, 0x30, 0x0,
    0x0, 0x0, 0x8, 0xff, 0xc0, 0xe, 0xff, 0x30,
    0x0, 0x0, 0x0, 0xb, 0xff, 0x90, 0xe, 0xff,
    0x30, 0x0, 0x0, 0x0, 0xf, 0xff, 0x50, 0xf,
    0xff, 0x30, 0x0, 0x0, 0x0, 0x5f, 0xff, 0x10,
    0x7, 0x77, 0x10, 0x0, 0x0, 0x0, 0xcf, 0xfb,
    0x0, 0x0, 0x0, 0x0, 0x0, 0x0, 0x6, 0xff,
    0xf4, 0x0, 0x0, 0x0, 0x0, 0x0, 0x0, 0x4f,
    0xff, 0xc0, 0x0, 0x0, 0x0, 0x0, 0x0, 0x5,
    0xff, 0xff, 0x20, 0x0, 0x0, 0x0, 0x0, 0x2,
    0xaf, 0xff, 0xf4, 0x0, 0x0, 0x0, 0x0, 0x4,
    0xaf, 0xff, 0xff, 0x40, 0x0, 0x0, 0x0, 0x0,
    0x5f, 0xff, 0xff, 0xc2, 0x0, 0x0, 0x0, 0x0,
    0x0, 0x6, 0xff, 0xe6, 0x0, 0x0, 0x0, 0x0,
    0x0, 0x0, 0x0, 0x55, 0x0, 0x0, 0x0, 0x0,
    0x0,

    /* U+30EF "ワ" */
    0x13, 0x22, 0x22, 0x22, 0x22, 0x22, 0x22, 0x22,
    0x32, 0x0, 0x4f, 0xff, 0xff, 0xff, 0xff, 0xff,
    0xff, 0xff, 0xff, 0x90, 0x3f, 0xff, 0xff, 0xff,
    0xff, 0xff, 0xff, 0xff, 0xff, 0xf8, 0x3f, 0xff,
    0xdd, 0xdd, 0xdd, 0xdd, 0xdd, 0xde, 0xff, 0xf4,
    0x3f, 0xff, 0x10, 0x0, 0x0, 0x0, 0x0, 0x8,
    0xff, 0xf1, 0x3f, 0xff, 0x10, 0x0, 0x0, 0x0,
    0x0, 0xa, 0xff, 0xe0, 0x3f, 0xff, 0x10, 0x0,
    0x0, 0x0, 0x0, 0xd, 0xff, 0xb0, 0x3f, 0xff,
    0x10, 0x0, 0x0, 0x0, 0x0, 0x1f, 0xff, 0x70,
    0x4f, 0xff, 0x10, 0x0, 0x0, 0x0, 0x0, 0x6f,
    0xff, 0x30, 0x4c, 0xcc, 0x10, 0x0, 0x0, 0x0,
    0x0, 0xcf, 0xfe, 0x0, 0x0, 0x0, 0x0, 0x0,
    0x0, 0x0, 0x4, 0xff, 0xf8, 0x0, 0x0, 0x0,
    0x0, 0x0, 0x0, 0x0, 0x1e, 0xff, 0xf1, 0x0,
    0x0, 0x0, 0x0, 0x0, 0x0, 0x0, 0xbf, 0xff,
    0x70, 0x0, 0x0, 0x0, 0x0, 0x0, 0x0, 0x1b,
    0xff, 0xfc, 0x0, 0x0, 0x0, 0x0, 0x0, 0x0,
    0x4, 0xef, 0xff, 0xd1, 0x0, 0x0, 0x0, 0x0,
    0x0, 0x3, 0xbf, 0xff, 0xfd, 0x20, 0x0, 0x0,
    0x0, 0x0, 0x17, 0xdf, 0xff, 0xff, 0xb1, 0x0,
    0x0, 0x0, 0x0, 0x0, 0xb, 0xff, 0xff, 0xf7,
    0x0, 0x0, 0x0, 0x0, 0x0, 0x0, 0x0, 0xbf,
    0xf9, 0x10, 0x0, 0x0, 0x0, 0x0, 0x0, 0x0,
    0x0, 0x6, 0x10, 0x0, 0x0, 0x0, 0x0, 0x0,

    /* U+30F0 "ヰ" */
    0x0, 0x0, 0x0, 0x0, 0x0, 0x0, 0x1, 0x10,
    0x0, 0x0, 0x0, 0x0, 0x0, 0x0, 0x0, 0x0,
    0xd, 0xff, 0x60, 0x0, 0x0, 0x0, 0x0, 0x0,
    0x0, 0x0, 0x0, 0xcf, 0xf5, 0x0, 0x0, 0x0,
    0x0, 0x0, 0x0, 0x0, 0x0, 0xc, 0xff, 0x50,
    0x0, 0x0, 0x9, 0x87, 0x77, 0x77, 0x77, 0x77,
    0xef, 0xfa, 0x77, 0x86, 0x0, 0xff, 0xff, 0xff,
    0xff, 0xff, 0xff, 0xff, 0xff, 0xff, 0xa0, 0xf,
    0xff, 0xff, 0xff, 0xff, 0xff, 0xff, 0xff, 0xff,
    0xfa, 0x0, 0x66, 0x67, 0xff, 0xf6, 0x66, 0x6d,
    0xff, 0x96, 0x66, 0x40, 0x0, 0x0, 0x2f, 0xfe,
    0x0, 0x0, 0xcf, 0xf5, 0x0, 0x0, 0x0, 0x0,
    0x2, 0xff, 0xe0, 0x0, 0xc, 0xff, 0x50, 0x0,
    0x0, 0x0, 0x0, 0x2f, 0xfe, 0x0, 0x0, 0xcf,
    0xf5, 0x0, 0x0, 0x0, 0x0, 0x2, 0xff, 0xe0,
    0x0, 0xc, 0xff, 0x50, 0x0, 0x0, 0x0, 0x0,
    0x2f, 0xfe, 0x0, 0x0, 0xcf, 0xf5, 0x0, 0x0,
    0xb, 0xcb, 0xbc, 0xff, 0xfb, 0xbb, 0xbf, 0xff,
    0xdb, 0xbb, 0xd3, 0xdf, 0xff, 0xff, 0xff, 0xff,
    0xff, 0xff, 0xff, 0xff, 0xff, 0x3d, 0xff, 0xff,
    0xff, 0xff, 0xff, 0xff, 0xff, 0xff, 0xff, 0xf3,
    0x33, 0x33, 0x33, 0x33, 0x33, 0x33, 0xdf, 0xf7,
    0x33, 0x33, 0x10, 0x0, 0x0, 0x0, 0x0, 0x0,
    0xc, 0xff, 0x50, 0x0, 0x0, 0x0, 0x0, 0x0,
    0x0, 0x0, 0x0, 0xcf, 0xf5, 0x0, 0x0, 0x0,
    0x0, 0x0, 0x0, 0x0, 0x0, 0xc, 0xff, 0x50,
    0x0, 0x0, 0x0, 0x0, 0x0, 0x0, 0x0, 0x0,
    0xdf, 0xf6, 0x0, 0x0, 0x0, 0x0, 0x0, 0x0,
    0x0, 0x0, 0x1, 0x22, 0x10, 0x0, 0x0,

    /* U+30F1 "ヱ" */
    0x0, 0x10, 0x0, 0x0, 0x0, 0x0, 0x0, 0x0,
    0x0, 0x11, 0x0, 0x0, 0xef, 0xff, 0xff, 0xff,
    0xff, 0xff, 0xff, 0xff, 0xff, 0x70, 0x0, 0xef,
    0xff, 0xff, 0xff, 0xff, 0xff, 0xff, 0xff, 0xff,
    0xf2, 0x0, 0xef, 0xff, 0xff, 0xff, 0xff, 0xff,
    0xff, 0xff, 0xff, 0x80, 0x0, 0x10, 0x0, 0x0,
    0x0, 0x0, 0x0, 0x0, 0x9f, 0xfe, 0x10, 0x0,
    0x0, 0x0, 0x0, 0x4, 0x44, 0x10, 0x5, 0xff,
    0xf5, 0x0, 0x0, 0x0, 0x0, 0x0, 0x1f, 0xff,
    0x50, 0x3f, 0xff, 0xa0, 0x0, 0x0, 0x0, 0x0,
    0x0, 0xf, 0xff, 0x44, 0xff, 0xfd, 0x0, 0x0,
    0x0, 0x0, 0x0, 0x0, 0xf, 0xff, 0x42, 0xcf,
    0xe2, 0x0, 0x0, 0x0, 0x0, 0x0, 0x0, 0xf,
    0xff, 0x40, 0x7, 0x30, 0x0, 0x0, 0x0, 0x0,
    0x0, 0x0, 0xf, 0xff, 0x40, 0x0, 0x0, 0x0,
    0x0, 0x0, 0x0, 0x0, 0x0, 0xf, 0xff, 0x40,
    0x0, 0x0, 0x0, 0x0, 0x0, 0x0, 0x0, 0x0,
    0xf, 0xff, 0x40, 0x0, 0x0, 0x0, 0x0, 0x0,
    0x0, 0x0, 0x0, 0xf, 0xff, 0x40, 0x0, 0x0,
    0x0, 0x0, 0x2a, 0x88, 0x88, 0x88, 0x8f, 0xff,
    0xa8, 0x88, 0x88, 0x88, 0x94, 0x3f, 0xff, 0xff,
    0xff, 0xff, 0xff, 0xff, 0xff, 0xff, 0xff, 0xf7,
    0x3f, 0xff, 0xff, 0xff, 0xff, 0xff, 0xff, 0xff,
    0xff, 0xff, 0xf7, 0x2c, 0xbb, 0xbb, 0xbb, 0xbb,
    0xbb, 0xbb, 0xbb, 0xbb, 0xbb, 0xc5,

    /* U+30F2 "ヲ" */
    0x0, 0x0, 0x0, 0x0, 0x0, 0x0, 0x0, 0x0,
    0x0, 0x7, 0xed, 0xdd, 0xdd, 0xdd, 0xdd, 0xdd,
    0xdd, 0xee, 0x40, 0x7f, 0xff, 0xff, 0xff, 0xff,
    0xff, 0xff, 0xff, 0xff, 0x77, 0xff, 0xff, 0xff,
    0xff, 0xff, 0xff, 0xff, 0xff, 0xf5, 0x23, 0x22,
    0x22, 0x22, 0x22, 0x22, 0x22, 0x6f, 0xff, 0x20,
    0x0, 0x0, 0x0, 0x0, 0x0, 0x0, 0x8, 0xff,
    0xe0, 0x0, 0x0, 0x0, 0x0, 0x0, 0x0, 0x0,
    0xbf, 0xfa, 0x0, 0x10, 0x0, 0x0, 0x0, 0x0,
    0x0, 0xe, 0xff, 0x60, 0xd, 0xff, 0xff, 0xff,
    0xff, 0xff, 0xff, 0xff, 0xf2, 0x0, 0xdf, 0xff,
    0xff, 0xff, 0xff, 0xff, 0xff, 0xfd, 0x0, 0xb,
    0xcc, 0xcc, 0xcc, 0xcc, 0xcc, 0xdf, 0xff, 0x70,
    0x0, 0x0, 0x0, 0x0, 0x0, 0x0, 0x9, 0xff,
    0xf1, 0x0, 0x0, 0x0, 0x0, 0x0, 0x0, 0x4,
    0xff, 0xf8, 0x0, 0x0, 0x0, 0x0, 0x0, 0x0,
    0x3, 0xff, 0xfd, 0x0, 0x0, 0x0, 0x0, 0x0,
    0x0, 0x5, 0xff, 0xff, 0x20, 0x0, 0x0, 0x0,
    0x0, 0x0, 0x9, 0xff, 0xff, 0x40, 0x0, 0x0,
    0x0, 0x0, 0x0, 0x6e, 0xff, 0xff, 0x50, 0x0,
    0x0, 0x0, 0x0, 0x49, 0xef, 0xff, 0xfd, 0x30,
    0x0, 0x0, 0x0, 0x0, 0x1d, 0xff, 0xff, 0xf9,
    0x0, 0x0, 0x0, 0x0, 0x0, 0x0, 0x1d, 0xff,
    0xa2, 0x0, 0x0, 0x0, 0x0, 0x0, 0x0, 0x0,
    0x17, 0x10, 0x0, 0x0, 0x0, 0x0, 0x0, 0x0,

    /* U+30F3 "ン" */
    0x0, 0x1, 0x0, 0x0, 0x0, 0x0, 0x0, 0x0,
    0x0, 0x0, 0x0, 0x1, 0xdb, 0x10, 0x0, 0x0,
    0x0, 0x0, 0x0, 0x0, 0x0, 0x0, 0xcf, 0xfe,
    0x30, 0x0, 0x0, 0x0, 0x0, 0x0, 0x0, 0x0,
    0x2d, 0xff, 0xff, 0x60, 0x0, 0x0, 0x0, 0x0,
    0x0, 0x0, 0x0, 0xa, 0xff, 0xff, 0x80, 0x0,
    0x0, 0x0, 0x0, 0x40, 0x0, 0x0, 0x8, 0xff,
    0xff, 0x90, 0x0, 0x0, 0x0, 0xe, 0x60, 0x0,
    0x0, 0x6, 0xff, 0xf5, 0x0, 0x0, 0x0, 0x9,
    0xfe, 0x0, 0x0, 0x0, 0x5, 0xf5, 0x0, 0x0,
    0x0, 0x4, 0xff, 0xf6, 0x0, 0x0, 0x0, 0x1,
    0x0, 0x0, 0x0, 0x2, 0xef, 0xff, 0x10, 0x0,
    0x0, 0x0, 0x0, 0x0, 0x0, 0x1, 0xdf, 0xff,
    0x60, 0x0, 0x0, 0x0, 0x0, 0x0, 0x0, 0x1,
    0xdf, 0xff, 0xa0, 0x0, 0x0, 0x0, 0x0, 0x0,
    0x0, 0x3, 0xef, 0xff, 0xc0, 0x0, 0x0, 0x0,
    0x0, 0x0, 0x0, 0x6, 0xff, 0xff, 0xc0, 0x0,
    0x0, 0x0, 0x0, 0x0, 0x0, 0x2b, 0xff, 0xff,
    0xb0, 0x0, 0x0, 0x0, 0x0, 0x0, 0x2, 0xaf,
    0xff, 0xff, 0x90, 0x0, 0x0, 0x0, 0x0, 0x1,
    0x6c, 0xff, 0xff, 0xff, 0x50, 0x0, 0x0, 0x0,
    0x6, 0x8c, 0xff, 0xff, 0xff, 0xfa, 0x10, 0x0,
    0x0, 0x0, 0x0, 0xbf, 0xff, 0xff, 0xff, 0xb3,
    0x0, 0x0, 0x0, 0x0, 0x0, 0x2, 0xff, 0xff,
    0xe9, 0x20, 0x0, 0x0, 0x0, 0x0, 0x0, 0x0,
    0x7, 0xc8, 0x40, 0x0, 0x0, 0x0, 0x0, 0x0,
    0x0, 0x0,

    /* U+30F4 "ヴ" */
    0x0, 0x0, 0x0, 0x0, 0x0, 0x0, 0x0, 0x0,
    0x0, 0x42, 0x0, 0x0, 0x0, 0x0, 0x0, 0x11,
    0x10, 0x0, 0x6, 0x37, 0xfc, 0x0, 0x0, 0x0,
    0x0, 0x8, 0xff, 0xf0, 0x0, 0x8f, 0xd1, 0xef,
    0x60, 0x0, 0x0, 0x0, 0x7, 0xff, 0xf0, 0x0,
    0xe, 0xf6, 0x6f, 0xd0, 0x0, 0x0, 0x0, 0x7,
    0xff, 0xe0, 0x0, 0x6, 0xfc, 0x5, 0x0, 0x11,
    0x0, 0x0, 0x7, 0xff, 0xe0, 0x0, 0x1, 0x61,
    0x0, 0x0, 0xff, 0xff, 0xff, 0xff, 0xff, 0xff,
    0xff, 0xff, 0xfe, 0x60, 0x0, 0xef, 0xff, 0xff,
    0xff, 0xff, 0xff, 0xff, 0xff, 0xff, 0xf0, 0x0,
    0xef, 0xfd, 0xdd, 0xdd, 0xdd, 0xdd, 0xdd, 0xdf,
    0xff, 0xc0, 0x0, 0xef, 0xf3, 0x0, 0x0, 0x0,
    0x0, 0x0, 0xf, 0xff, 0x80, 0x0, 0xef, 0xf3,
    0x0, 0x0, 0x0, 0x0, 0x0, 0x2f, 0xff, 0x50,
    0x0, 0xef, 0xf3, 0x0, 0x0, 0x0, 0x0, 0x0,
    0x7f, 0xff, 0x10, 0x0, 0xef, 0xf3, 0x0, 0x0,
    0x0, 0x0, 0x0, 0xcf, 0xfc, 0x0, 0x0, 0xff,
    0xf4, 0x0, 0x0, 0x0, 0x0, 0x2, 0xff, 0xf6,
    0x0, 0x0, 0x11, 0x10, 0x0, 0x0, 0x0, 0x0,
    0xb, 0xff, 0xf1, 0x0, 0x0, 0x0, 0x0, 0x0,
    0x0, 0x0, 0x0, 0x6f, 0xff, 0x80, 0x0, 0x0,
    0x0, 0x0, 0x0, 0x0, 0x0, 0x5, 0xff, 0xfe,
    0x0, 0x0, 0x0, 0x0, 0x0, 0x0, 0x0, 0x0,
    0x8f, 0xff, 0xf4, 0x0, 0x0, 0x0, 0x0, 0x0,
    0x0, 0x0, 0x5d, 0xff, 0xff, 0x60, 0x0, 0x0,
    0x0, 0x0, 0x0, 0x4, 0x9e, 0xff, 0xff, 0xf5,
    0x0, 0x0, 0x0, 0x0, 0x0, 0x0, 0x6f, 0xff,
    0xff, 0xfc, 0x20, 0x0, 0x0, 0x0, 0x0, 0x0,
    0x0, 0x9, 0xff, 0xfd, 0x60, 0x0, 0x0, 0x0,
    0x0, 0x0, 0x0, 0x0, 0x0, 0xaa, 0x40, 0x0,
    0x0, 0x0, 0x0, 0x0, 0x0,

    /* U+30F5 "ヵ" */
    0x0, 0x0, 0x0, 0x13, 0x32, 0x0, 0x0, 0x0,
    0x0, 0x0, 0x0, 0x4, 0xff, 0xc0, 0x0, 0x0,
    0x0, 0x0, 0x0, 0x0, 0x3f, 0xfb, 0x0, 0x0,
    0x0, 0x0, 0x0, 0x0, 0x3, 0xff, 0xb0, 0x0,
    0x0, 0x0, 0x9, 0xbb, 0xbb, 0xcf, 0xfe, 0xbb,
    0xbb, 0xc8, 0x10, 0xcf, 0xff, 0xff, 0xff, 0xff,
    0xff, 0xff, 0xfc, 0xc, 0xff, 0xff, 0xff, 0xff,
    0xff, 0xff, 0xff, 0xa0, 0x0, 0x0, 0x8, 0xff,
    0x50, 0x0, 0x3f, 0xfa, 0x0, 0x0, 0x0, 0xbf,
    0xf3, 0x0, 0x3, 0xff, 0x90, 0x0, 0x0, 0xf,
    0xff, 0x0, 0x0, 0x4f, 0xf8, 0x0, 0x0, 0x4,
    0xff, 0xb0, 0x0, 0x5, 0xff, 0x70, 0x0, 0x0,
    0xcf, 0xf6, 0x0, 0x0, 0x6f, 0xf6, 0x0, 0x0,
    0x5f, 0xff, 0x0, 0x0, 0x8, 0xff, 0x40, 0x0,
    0x2e, 0xff, 0x80, 0x0, 0x0, 0xbf, 0xf2, 0x0,
    0x1d, 0xff, 0xd0, 0x0, 0x0, 0x1f, 0xff, 0x0,
    0x4e, 0xff, 0xf3, 0x0, 0xfd, 0xbd, 0xff, 0xc0,
    0x2e, 0xff, 0xf4, 0x0, 0xe, 0xff, 0xff, 0xf6,
    0x0, 0x2d, 0xe4, 0x0, 0x0, 0xbf, 0xff, 0xf9,
    0x0, 0x0, 0x1, 0x0, 0x0, 0x0, 0x0, 0x0,
    0x0, 0x0,

    /* U+30F6 "ヶ" */
    0x0, 0x0, 0x1, 0x10, 0x0, 0x0, 0x0, 0x0,
    0x0, 0x0, 0x0, 0x0, 0x6f, 0xda, 0x0, 0x0,
    0x0, 0x0, 0x0, 0x0, 0x0, 0xa, 0xff, 0xa0,
    0x0, 0x0, 0x0, 0x0, 0x0, 0x0, 0x0, 0xef,
    0xf4, 0x0, 0x0, 0x0, 0x0, 0x0, 0x0, 0x0,
    0x5f, 0xff, 0x99, 0x99, 0x99, 0x99, 0x99, 0x80,
    0x0, 0xe, 0xff, 0xff, 0xff, 0xff, 0xff, 0xff,
    0xfc, 0x0, 0x9, 0xff, 0xff, 0xff, 0xff, 0xff,
    0xff, 0xff, 0xc0, 0x6, 0xff, 0xf5, 0x22, 0x27,
    0xff, 0xb2, 0x22, 0x22, 0x5, 0xff, 0xf9, 0x0,
    0x0, 0x8f, 0xf9, 0x0, 0x0, 0x4, 0xff, 0xfc,
    0x0, 0x0, 0xb, 0xff, 0x60, 0x0, 0x0, 0x5,
    0xde, 0x10, 0x0, 0x1, 0xff, 0xf2, 0x0, 0x0,
    0x0, 0x0, 0x10, 0x0, 0x0, 0x7f, 0xfe, 0x0,
    0x0, 0x0, 0x0, 0x0, 0x0, 0x0, 0x1f, 0xff,
    0x70, 0x0, 0x0, 0x0, 0x0, 0x0, 0x0, 0xc,
    0xff, 0xf1, 0x0, 0x0, 0x0, 0x0, 0x0, 0x0,
    0x1b, 0xff, 0xf6, 0x0, 0x0, 0x0, 0x0, 0x0,
    0x0, 0x4d, 0xff, 0xfa, 0x0, 0x0, 0x0, 0x0,
    0x0, 0x0, 0x1c, 0xff, 0xfb, 0x0, 0x0, 0x0,
    0x0, 0x0, 0x0, 0x0, 0x7, 0xf8, 0x0, 0x0,
    0x0, 0x0, 0x0, 0x0, 0x0, 0x0, 0x0, 0x0,
    0x0, 0x0, 0x0, 0x0, 0x0,

    /* U+30F7 "ヷ" */
    0x0, 0x0, 0x0, 0x0, 0x0, 0x0, 0x0, 0x0,
    0x0, 0x0, 0x0, 0x0, 0x0, 0x0, 0x0, 0x0,
    0x0, 0x0, 0x1, 0x40, 0x8d, 0x70, 0x0, 0x0,
    0x0, 0x0, 0x0, 0x0, 0x0, 0x3f, 0xf3, 0x7f,
    0xf1, 0x0, 0x0, 0x0, 0x0, 0x0, 0x0, 0x0,
    0xb, 0xfc, 0xe, 0xf6, 0x0, 0x0, 0x0, 0x0,
    0x0, 0x0, 0x0, 0x3, 0xd8, 0x3, 0x10, 0xe,
    0xed, 0xdd, 0xdd, 0xdd, 0xdd, 0xdd, 0xdd, 0xef,
    0x80, 0x0, 0xe, 0xff, 0xff, 0xff, 0xff, 0xff,
    0xff, 0xff, 0xff, 0xfd, 0x0, 0xe, 0xff, 0xff,
    0xff, 0xff, 0xff, 0xff, 0xff, 0xff, 0xfb, 0x0,
    0xe, 0xff, 0x82, 0x22, 0x22, 0x22, 0x22, 0x23,
    0xff, 0xf7, 0x0, 0xe, 0xff, 0x70, 0x0, 0x0,
    0x0, 0x0, 0x3, 0xff, 0xf4, 0x0, 0xe, 0xff,
    0x70, 0x0, 0x0, 0x0, 0x0, 0x6, 0xff, 0xf1,
    0x0, 0xe, 0xff, 0x70, 0x0, 0x0, 0x0, 0x0,
    0xa, 0xff, 0xe0, 0x0, 0xe, 0xff, 0x70, 0x0,
    0x0, 0x0, 0x0, 0xe, 0xff, 0xa0, 0x0, 0xf,
    0xff, 0x70, 0x0, 0x0, 0x0, 0x0, 0x5f, 0xff,
    0x50, 0x0, 0x1, 0x11, 0x0, 0x0, 0x0, 0x0,
    0x0, 0xcf, 0xff, 0x0, 0x0, 0x0, 0x0, 0x0,
    0x0, 0x0, 0x0, 0x5, 0xff, 0xf8, 0x0, 0x0,
    0x0, 0x0, 0x0, 0x0, 0x0, 0x0, 0x2f, 0xff,
    0xe1, 0x0, 0x0, 0x0, 0x0, 0x0, 0x0, 0x0,
    0x2, 0xef, 0xff, 0x50, 0x0, 0x0, 0x0, 0x0,
    0x0, 0x0, 0x0, 0x6f, 0xff, 0xf9, 0x0, 0x0,
    0x0, 0x0, 0x0, 0x0, 0x0, 0x3b, 0xff, 0xff,
    0xa0, 0x0, 0x0, 0x0, 0x0, 0x0, 0x0, 0x5b,
    0xff, 0xff, 0xf9, 0x0, 0x0, 0x0, 0x0, 0x0,
    0x0, 0xa, 0xff, 0xff, 0xfe, 0x50, 0x0, 0x0,
    0x0, 0x0, 0x0, 0x0, 0x0, 0xaf, 0xff, 0x91,
    0x0, 0x0, 0x0, 0x0, 0x0, 0x0, 0x0, 0x0,
    0x9, 0x81, 0x0, 0x0, 0x0, 0x0, 0x0, 0x0,

    /* U+30F8 "ヸ" */
    0x0, 0x0, 0x0, 0x0, 0x0, 0x0, 0x0, 0x0,
    0x0, 0x2, 0x60, 0x0, 0x0, 0x0, 0x0, 0x0,
    0x0, 0x0, 0x11, 0x1, 0x86, 0x9f, 0x40, 0x0,
    0x0, 0x0, 0x0, 0x0, 0x0, 0x4f, 0xff, 0xe,
    0xe2, 0xfb, 0x0, 0x0, 0x0, 0x0, 0x0, 0x0,
    0x3, 0xff, 0xe0, 0x9f, 0x4b, 0xc0, 0x0, 0x0,
    0x0, 0x0, 0x0, 0x0, 0x3f, 0xfe, 0x3, 0xb3,
    0x0, 0x0, 0x68, 0x77, 0x77, 0x77, 0x77, 0x79,
    0xff, 0xf7, 0x77, 0x82, 0x0, 0xa, 0xff, 0xff,
    0xff, 0xff, 0xff, 0xff, 0xff, 0xff, 0xff, 0x40,
    0x0, 0xaf, 0xff, 0xff, 0xff, 0xff, 0xff, 0xff,
    0xff, 0xff, 0xf4, 0x0, 0x4, 0x66, 0x6e, 0xff,
    0x86, 0x66, 0x8f, 0xff, 0x66, 0x66, 0x10, 0x0,
    0x0, 0x0, 0xdf, 0xf3, 0x0, 0x3, 0xff, 0xe0,
    0x0, 0x0, 0x0, 0x0, 0x0, 0xd, 0xff, 0x30,
    0x0, 0x3f, 0xfe, 0x0, 0x0, 0x0, 0x0, 0x0,
    0x0, 0xdf, 0xf3, 0x0, 0x3, 0xff, 0xe0, 0x0,
    0x0, 0x0, 0x0, 0x0, 0xd, 0xff, 0x30, 0x0,
    0x3f, 0xfe, 0x0, 0x0, 0x0, 0x0, 0x0, 0x0,
    0xdf, 0xf3, 0x0, 0x3, 0xff, 0xe0, 0x0, 0x0,
    0x0, 0x7c, 0xbb, 0xbf, 0xff, 0xcb, 0xbb, 0xcf,
    0xff, 0xbb, 0xbc, 0xa0, 0x8, 0xff, 0xff, 0xff,
    0xff, 0xff, 0xff, 0xff, 0xff, 0xff, 0xfc, 0x0,
    0x8f, 0xff, 0xff, 0xff, 0xff, 0xff, 0xff, 0xff,
    0xff, 0xff, 0xc0, 0x2, 0x33, 0x33, 0x33, 0x33,
    0x33, 0x36, 0xff, 0xe3, 0x33, 0x33, 0x0, 0x0,
    0x0, 0x0, 0x0, 0x0, 0x0, 0x3f, 0xfe, 0x0,
    0x0, 0x0, 0x0, 0x0, 0x0, 0x0, 0x0, 0x0,
    0x3, 0xff, 0xe0, 0x0, 0x0, 0x0, 0x0, 0x0,
    0x0, 0x0, 0x0, 0x0, 0x3f, 0xfe, 0x0, 0x0,
    0x0, 0x0, 0x0, 0x0, 0x0, 0x0, 0x0, 0x4,
    0xff, 0xf0, 0x0, 0x0, 0x0, 0x0, 0x0, 0x0,
    0x0, 0x0, 0x0, 0x2, 0x22, 0x0, 0x0, 0x0,
    0x0,

    /* U+30F9 "ヹ" */
    0x0, 0x0, 0x0, 0x0, 0x0, 0x0, 0x0, 0x0,
    0x0, 0x3, 0x20, 0x0, 0x0, 0x0, 0x0, 0x0,
    0x0, 0x0, 0x3, 0x82, 0x8f, 0xd0, 0x0, 0x0,
    0x0, 0x0, 0x0, 0x0, 0x0, 0xb, 0xfa, 0x1f,
    0xf6, 0x0, 0x0, 0x0, 0x0, 0x0, 0x0, 0x0,
    0x3, 0xff, 0x38, 0xc5, 0x0, 0x31, 0x11, 0x11,
    0x11, 0x11, 0x11, 0x11, 0xa8, 0x51, 0x0, 0x3,
    0xff, 0xff, 0xff, 0xff, 0xff, 0xff, 0xff, 0xff,
    0xfe, 0x50, 0x3, 0xff, 0xff, 0xff, 0xff, 0xff,
    0xff, 0xff, 0xff, 0xff, 0xa0, 0x3, 0xfe, 0xee,
    0xee, 0xee, 0xee, 0xee, 0xee, 0xff, 0xff, 0x20,
    0x0, 0x0, 0x0, 0x0, 0x0, 0x0, 0x0, 0x1,
    0xef, 0xf8, 0x0, 0x0, 0x0, 0x0, 0x0, 0x5b,
    0xbb, 0x0, 0x1d, 0xff, 0xc0, 0x0, 0x0, 0x0,
    0x0, 0x0, 0x6f, 0xff, 0x1, 0xcf, 0xff, 0x20,
    0x0, 0x0, 0x0, 0x0, 0x0, 0x6f, 0xff, 0xb,
    0xff, 0xf4, 0x0, 0x0, 0x0, 0x0, 0x0, 0x0,
    0x6f, 0xff, 0x0, 0x9f, 0x50, 0x0, 0x0, 0x0,
    0x0, 0x0, 0x0, 0x6f, 0xff, 0x0, 0x1, 0x0,
    0x0, 0x0, 0x0, 0x0, 0x0, 0x0, 0x6f, 0xff,
    0x0, 0x0, 0x0, 0x0, 0x0, 0x0, 0x0, 0x0,
    0x0, 0x6f, 0xff, 0x0, 0x0, 0x0, 0x0, 0x0,
    0x0, 0x0, 0x0, 0x0, 0x6f, 0xff, 0x0, 0x0,
    0x0, 0x0, 0x0, 0x0, 0x0, 0x0, 0x0, 0x6f,
    0xff, 0x0, 0x0, 0x0, 0x0, 0x10, 0x8f, 0xff,
    0xff, 0xff, 0xff, 0xff, 0xff, 0xff, 0xff, 0xff,
    0xf1, 0x8f, 0xff, 0xff, 0xff, 0xff, 0xff, 0xff,
    0xff, 0xff, 0xff, 0xf1, 0x8f, 0xff, 0xff, 0xff,
    0xff, 0xff, 0xff, 0xff, 0xff, 0xff, 0xf1, 0x34,
    0x33, 0x33, 0x33, 0x33, 0x33, 0x33, 0x33, 0x33,
    0x34, 0x50,

    /* U+30FA "ヺ" */
    0x0, 0x0, 0x0, 0x0, 0x0, 0x0, 0x0, 0x2,
    0x4, 0xa7, 0x0, 0x0, 0x0, 0x0, 0x0, 0x0,
    0x0, 0x1e, 0xf4, 0x7f, 0xf2, 0x0, 0x0, 0x0,
    0x0, 0x0, 0x0, 0x0, 0xaf, 0xd0, 0xef, 0x90,
    0x0, 0x0, 0x0, 0x0, 0x0, 0x0, 0x2, 0xfb,
    0x14, 0x50, 0x7f, 0xfe, 0xee, 0xee, 0xee, 0xee,
    0xee, 0xef, 0xf7, 0x0, 0x7, 0xff, 0xff, 0xff,
    0xff, 0xff, 0xff, 0xff, 0xff, 0xf9, 0x0, 0x7f,
    0xff, 0xff, 0xff, 0xff, 0xff, 0xff, 0xff, 0xff,
    0x50, 0x0, 0x10, 0x0, 0x0, 0x0, 0x0, 0x0,
    0x5, 0xff, 0xf2, 0x0, 0x0, 0x0, 0x0, 0x0,
    0x0, 0x0, 0x0, 0x7f, 0xfe, 0x0, 0x0, 0x0,
    0x0, 0x0, 0x0, 0x0, 0x0, 0xb, 0xff, 0xa0,
    0x0, 0xa, 0xcb, 0xbb, 0xbb, 0xbb, 0xbb, 0xbb,
    0xff, 0xf5, 0x0, 0x0, 0xdf, 0xff, 0xff, 0xff,
    0xff, 0xff, 0xff, 0xff, 0x10, 0x0, 0xd, 0xff,
    0xff, 0xff, 0xff, 0xff, 0xff, 0xff, 0xb0, 0x0,
    0x0, 0x22, 0x11, 0x11, 0x11, 0x11, 0x14, 0xff,
    0xf5, 0x0, 0x0, 0x0, 0x0, 0x0, 0x0, 0x0,
    0x0, 0xdf, 0xfd, 0x0, 0x0, 0x0, 0x0, 0x0,
    0x0, 0x0, 0x0, 0xaf, 0xff, 0x40, 0x0, 0x0,
    0x0, 0x0, 0x0, 0x0, 0x0, 0xaf, 0xff, 0x80,
    0x0, 0x0, 0x0, 0x0, 0x0, 0x0, 0x2, 0xcf,
    0xff, 0xb0, 0x0, 0x0, 0x0, 0x0, 0x0, 0x0,
    0x18, 0xff, 0xff, 0xb0, 0x0, 0x0, 0x0, 0x0,
    0x0, 0x3, 0x9f, 0xff, 0xff, 0x90, 0x0, 0x0,
    0x0, 0x0, 0x0, 0x1d, 0xff, 0xff, 0xfe, 0x50,
    0x0, 0x0, 0x0, 0x0, 0x0, 0x0, 0x3f, 0xff,
    0xf8, 0x0, 0x0, 0x0, 0x0, 0x0, 0x0, 0x0,
    0x0, 0x4c, 0x60, 0x0, 0x0, 0x0, 0x0, 0x0,
    0x0, 0x0,

    /* U+30FB "・" */
    0x0, 0x2, 0x30, 0x0, 0x1, 0xdf, 0xfd, 0x10,
    0xb, 0xff, 0xff, 0xb0, 0xf, 0xff, 0xff, 0xf0,
    0xf, 0xff, 0xff, 0xf0, 0x9, 0xff, 0xff, 0x90,
    0x0, 0x9f, 0xf9, 0x0,

    /* U+30FC "ー" */
    0x10, 0x0, 0x0, 0x0, 0x0, 0x0, 0x0, 0x0,
    0x0, 0x0, 0xef, 0xff, 0xff, 0xff, 0xff, 0xff,
    0xff, 0xff, 0xff, 0xfa, 0xef, 0xff, 0xff, 0xff,
    0xff, 0xff, 0xff, 0xff, 0xff, 0xfa, 0xef, 0xff,
    0xff, 0xff, 0xff, 0xff, 0xff, 0xff, 0xff, 0xfa,
    0x99, 0x88, 0x88, 0x88, 0x88, 0x88, 0x88, 0x88,
    0x88, 0x96,

    /* U+30FD "ヽ" */
    0x0, 0x23, 0x0, 0x0, 0x0, 0x0, 0x0, 0x5f,
    0xf4, 0x0, 0x0, 0x0, 0x0, 0x6f, 0xff, 0xf4,
    0x0, 0x0, 0x0, 0x0, 0xaf, 0xff, 0xf4, 0x0,
    0x0, 0x0, 0x0, 0x9f, 0xff, 0xf4, 0x0, 0x0,
    0x0, 0x0, 0x9f, 0xff, 0xf3, 0x0, 0x0, 0x0,
    0x0, 0xaf, 0xff, 0xf2, 0x0, 0x0, 0x0, 0x0,
    0xbf, 0xff, 0xe1, 0x0, 0x0, 0x0, 0x0, 0xcf,
    0xff, 0xd0, 0x0, 0x0, 0x0, 0x1, 0xef, 0xff,
    0xb0, 0x0, 0x0, 0x0, 0x3, 0xff, 0xff, 0x60,
    0x0, 0x0, 0x0, 0x6, 0xff, 0xa0, 0x0, 0x0,
    0x0, 0x0, 0xa, 0x60, 0x0, 0x0, 0x0, 0x0,
    0x0, 0x0, 0x0,

    /* U+30FE "ヾ" */
    0x0, 0x0, 0x0, 0x0, 0x0, 0x2, 0x70, 0x0,
    0x0, 0x0, 0x0, 0x3, 0x43, 0xff, 0x50, 0x0,
    0x0, 0x0, 0x6, 0xff, 0x1a, 0xfe, 0x0, 0x0,
    0x30, 0x0, 0xd, 0xfa, 0x1f, 0xf7, 0x0, 0xaf,
    0x70, 0x0, 0x5f, 0xf3, 0x79, 0x21, 0xdf, 0xff,
    0x80, 0x0, 0xb8, 0x10, 0x0, 0x7, 0xff, 0xff,
    0x80, 0x0, 0x0, 0x0, 0x0, 0x6, 0xff, 0xff,
    0x70, 0x0, 0x0, 0x0, 0x0, 0x6, 0xff, 0xff,
    0x60, 0x0, 0x0, 0x0, 0x0, 0x6, 0xff, 0xff,
    0x60, 0x0, 0x0, 0x0, 0x0, 0x7, 0xff, 0xff,
    0x40, 0x0, 0x0, 0x0, 0x0, 0x9, 0xff, 0xff,
    0x20, 0x0, 0x0, 0x0, 0x0, 0xb, 0xff, 0xfe,
    0x10, 0x0, 0x0, 0x0, 0x0, 0xd, 0xff, 0xfb,
    0x0, 0x0, 0x0, 0x0, 0x0, 0x2f, 0xff, 0x50,
    0x0, 0x0, 0x0, 0x0, 0x0, 0x6d, 0x20, 0x0,
    0x0, 0x0, 0x0, 0x0, 0x0, 0x0, 0x0, 0x0,

    /* U+30FF "ヿ" */
    0x6e, 0xee, 0xee, 0xee, 0xee, 0xee, 0xee, 0xe2,
    0x7f, 0xff, 0xff, 0xff, 0xff, 0xff, 0xff, 0xf2,
    0x7f, 0xff, 0xff, 0xff, 0xff, 0xff, 0xff, 0xf2,
    0x0, 0x0, 0x0, 0x0, 0x0, 0x0, 0xff, 0xf2,
    0x0, 0x0, 0x0, 0x0, 0x0, 0x0, 0xff, 0xf2,
    0x0, 0x0, 0x0, 0x0, 0x0, 0x0, 0xff, 0xf2,
    0x0, 0x0, 0x0, 0x0, 0x0, 0x0, 0xff, 0xf2,
    0x0, 0x0, 0x0, 0x0, 0x0, 0x0, 0xff, 0xf2,
    0x0, 0x0, 0x0, 0x0, 0x0, 0x0, 0xff, 0xf2,
    0x0, 0x0, 0x0, 0x0, 0x0, 0x0, 0xff, 0xf2,
    0x0, 0x0, 0x0, 0x0, 0x0, 0x0, 0xff, 0xf2,
    0x0, 0x0, 0x0, 0x0, 0x0, 0x0, 0xff, 0xf2,
    0x0, 0x0, 0x0, 0x0, 0x0, 0x0, 0xff, 0xf2,
    0x0, 0x0, 0x0, 0x0, 0x0, 0x0, 0xff, 0xf2,
    0x0, 0x0, 0x0, 0x0, 0x0, 0x0, 0xff, 0xf2,
    0x0, 0x0, 0x0, 0x0, 0x0, 0x0, 0xff, 0xf2,
    0x0, 0x0, 0x0, 0x0, 0x0, 0x0, 0xff, 0xf2,
    0x0, 0x0, 0x0, 0x0, 0x0, 0x0, 0xff, 0xf2,
    0x0, 0x0, 0x0, 0x0, 0x0, 0x0, 0xff, 0xf2,
    0x0, 0x0, 0x0, 0x0, 0x0, 0x0, 0xff, 0xf2,
    0x0, 0x0, 0x0, 0x0, 0x0, 0x0, 0x45, 0x50
};


/*---------------------
 *  GLYPH DESCRIPTION
 *--------------------*/

static const lv_font_fmt_txt_glyph_dsc_t glyph_dsc[] = {
    {.bitmap_index = 0, .adv_w = 0, .box_w = 0, .box_h = 0, .ofs_x = 0, .ofs_y = 0} /* id = 0 reserved */,
    {.bitmap_index = 0, .adv_w = 87, .box_w = 0, .box_h = 0, .ofs_x = 0, .ofs_y = 0},
    {.bitmap_index = 0, .adv_w = 142, .box_w = 5, .box_h = 18, .ofs_x = 2, .ofs_y = 0},
    {.bitmap_index = 45, .adv_w = 220, .box_w = 10, .box_h = 9, .ofs_x = 2, .ofs_y = 10},
    {.bitmap_index = 90, .adv_w = 227, .box_w = 14, .box_h = 18, .ofs_x = 0, .ofs_y = 0},
    {.bitmap_index = 216, .adv_w = 227, .box_w = 12, .box_h = 24, .ofs_x = 1, .ofs_y = -3},
    {.bitmap_index = 360, .adv_w = 370, .box_w = 23, .box_h = 18, .ofs_x = 0, .ofs_y = 0},
    {.bitmap_index = 567, .adv_w = 284, .box_w = 18, .box_h = 18, .ofs_x = 0, .ofs_y = 0},
    {.bitmap_index = 729, .adv_w = 125, .box_w = 4, .box_h = 9, .ofs_x = 2, .ofs_y = 10},
    {.bitmap_index = 747, .adv_w = 145, .box_w = 6, .box_h = 26, .ofs_x = 2, .ofs_y = -5},
    {.bitmap_index = 825, .adv_w = 145, .box_w = 7, .box_h = 26, .ofs_x = 1, .ofs_y = -5},
    {.bitmap_index = 916, .adv_w = 195, .box_w = 10, .box_h = 10, .ofs_x = 1, .ofs_y = 9},
    {.bitmap_index = 966, .adv_w = 227, .box_w = 14, .box_h = 13, .ofs_x = 0, .ofs_y = 3},
    {.bitmap_index = 1057, .adv_w = 125, .box_w = 6, .box_h = 11, .ofs_x = 1, .ofs_y = -6},
    {.bitmap_index = 1090, .adv_w = 142, .box_w = 7, .box_h = 3, .ofs_x = 1, .ofs_y = 6},
    {.bitmap_index = 1101, .adv_w = 125, .box_w = 6, .box_h = 5, .ofs_x = 1, .ofs_y = 0},
    {.bitmap_index = 1116, .adv_w = 149, .box_w = 9, .box_h = 24, .ofs_x = 0, .ofs_y = -5},
    {.bitmap_index = 1224, .adv_w = 227, .box_w = 13, .box_h = 18, .ofs_x = 1, .ofs_y = 0},
    {.bitmap_index = 1341, .adv_w = 227, .box_w = 12, .box_h = 18, .ofs_x = 1, .ofs_y = 0},
    {.bitmap_index = 1449, .adv_w = 227, .box_w = 13, .box_h = 18, .ofs_x = 0, .ofs_y = 0},
    {.bitmap_index = 1566, .adv_w = 227, .box_w = 13, .box_h = 18, .ofs_x = 0, .ofs_y = 0},
    {.bitmap_index = 1683, .adv_w = 227, .box_w = 14, .box_h = 18, .ofs_x = 0, .ofs_y = 0},
    {.bitmap_index = 1809, .adv_w = 227, .box_w = 13, .box_h = 18, .ofs_x = 0, .ofs_y = 0},
    {.bitmap_index = 1926, .adv_w = 227, .box_w = 13, .box_h = 18, .ofs_x = 1, .ofs_y = 0},
    {.bitmap_index = 2043, .adv_w = 227, .box_w = 13, .box_h = 18, .ofs_x = 1, .ofs_y = 0},
    {.bitmap_index = 2160, .adv_w = 227, .box_w = 13, .box_h = 18, .ofs_x = 1, .ofs_y = 0},
    {.bitmap_index = 2277, .adv_w = 227, .box_w = 13, .box_h = 18, .ofs_x = 0, .ofs_y = 0},
    {.bitmap_index = 2394, .adv_w = 125, .box_w = 6, .box_h = 14, .ofs_x = 1, .ofs_y = 0},
    {.bitmap_index = 2436, .adv_w = 125, .box_w = 6, .box_h = 20, .ofs_x = 1, .ofs_y = -6},
    {.bitmap_index = 2496, .adv_w = 227, .box_w = 14, .box_h = 13, .ofs_x = 0, .ofs_y = 3},
    {.bitmap_index = 2587, .adv_w = 227, .box_w = 14, .box_h = 9, .ofs_x = 0, .ofs_y = 5},
    {.bitmap_index = 2650, .adv_w = 227, .box_w = 14, .box_h = 13, .ofs_x = 0, .ofs_y = 3},
    {.bitmap_index = 2741, .adv_w = 197, .box_w = 11, .box_h = 18, .ofs_x = 1, .ofs_y = 0},
    {.bitmap_index = 2840, .adv_w = 387, .box_w = 22, .box_h = 23, .ofs_x = 1, .ofs_y = -5},
    {.bitmap_index = 3093, .adv_w = 246, .box_w = 17, .box_h = 18, .ofs_x = -1, .ofs_y = 0},
    {.bitmap_index = 3246, .adv_w = 262, .box_w = 14, .box_h = 18, .ofs_x = 2, .ofs_y = 0},
    {.bitmap_index = 3372, .adv_w = 252, .box_w = 15, .box_h = 18, .ofs_x = 1, .ofs_y = 0},
    {.bitmap_index = 3507, .adv_w = 274, .box_w = 14, .box_h = 18, .ofs_x = 2, .ofs_y = 0},
    {.bitmap_index = 3633, .adv_w = 236, .box_w = 12, .box_h = 18, .ofs_x = 2, .ofs_y = 0},
    {.bitmap_index = 3741, .adv_w = 225, .box_w = 12, .box_h = 18, .ofs_x = 2, .ofs_y = 0},
    {.bitmap_index = 3849, .adv_w = 275, .box_w = 15, .box_h = 18, .ofs_x = 1, .ofs_y = 0},
    {.bitmap_index = 3984, .adv_w = 291, .box_w = 14, .box_h = 18, .ofs_x = 2, .ofs_y = 0},
    {.bitmap_index = 4110, .adv_w = 127, .box_w = 4, .box_h = 18, .ofs_x = 2, .ofs_y = 0},
    {.bitmap_index = 4146, .adv_w = 218, .box_w = 12, .box_h = 18, .ofs_x = 0, .ofs_y = 0},
    {.bitmap_index = 4254, .adv_w = 263, .box_w = 15, .box_h = 18, .ofs_x = 2, .ofs_y = 0},
    {.bitmap_index = 4389, .adv_w = 222, .box_w = 11, .box_h = 18, .ofs_x = 2, .ofs_y = 0},
    {.bitmap_index = 4488, .adv_w = 328, .box_w = 17, .box_h = 18, .ofs_x = 2, .ofs_y = 0},
    {.bitmap_index = 4641, .adv_w = 288, .box_w = 14, .box_h = 18, .ofs_x = 2, .ofs_y = 0},
    {.bitmap_index = 4767, .adv_w = 296, .box_w = 17, .box_h = 18, .ofs_x = 1, .ofs_y = 0},
    {.bitmap_index = 4920, .adv_w = 256, .box_w = 13, .box_h = 18, .ofs_x = 2, .ofs_y = 0},
    {.bitmap_index = 5037, .adv_w = 296, .box_w = 17, .box_h = 23, .ofs_x = 1, .ofs_y = -5},
    {.bitmap_index = 5233, .adv_w = 262, .box_w = 14, .box_h = 18, .ofs_x = 2, .ofs_y = 0},
    {.bitmap_index = 5359, .adv_w = 240, .box_w = 14, .box_h = 18, .ofs_x = 1, .ofs_y = 0},
    {.bitmap_index = 5485, .adv_w = 240, .box_w = 15, .box_h = 18, .ofs_x = 0, .ofs_y = 0},
    {.bitmap_index = 5620, .adv_w = 287, .box_w = 14, .box_h = 18, .ofs_x = 2, .ofs_y = 0},
    {.bitmap_index = 5746, .adv_w = 238, .box_w = 16, .box_h = 18, .ofs_x = -1, .ofs_y = 0},
    {.bitmap_index = 5890, .adv_w = 351, .box_w = 22, .box_h = 18, .ofs_x = 0, .ofs_y = 0},
    {.bitmap_index = 6088, .adv_w = 241, .box_w = 15, .box_h = 18, .ofs_x = 0, .ofs_y = 0},
    {.bitmap_index = 6223, .adv_w = 223, .box_w = 16, .box_h = 18, .ofs_x = -1, .ofs_y = 0},
    {.bitmap_index = 6367, .adv_w = 235, .box_w = 13, .box_h = 18, .ofs_x = 1, .ofs_y = 0},
    {.bitmap_index = 6484, .adv_w = 145, .box_w = 6, .box_h = 24, .ofs_x = 2, .ofs_y = -5},
    {.bitmap_index = 6556, .adv_w = 149, .box_w = 9, .box_h = 24, .ofs_x = 0, .ofs_y = -5},
    {.bitmap_index = 6664, .adv_w = 145, .box_w = 6, .box_h = 24, .ofs_x = 1, .ofs_y = -5},
    {.bitmap_index = 6736, .adv_w = 227, .box_w = 12, .box_h = 11, .ofs_x = 1, .ofs_y = 8},
    {.bitmap_index = 6802, .adv_w = 218, .box_w = 14, .box_h = 3, .ofs_x = 0, .ofs_y = -4},
    {.bitmap_index = 6823, .adv_w = 240, .box_w = 8, .box_h = 8, .ofs_x = 2, .ofs_y = 15},
    {.bitmap_index = 6855, .adv_w = 227, .box_w = 12, .box_h = 14, .ofs_x = 1, .ofs_y = 0},
    {.bitmap_index = 6939, .adv_w = 247, .box_w = 14, .box_h = 19, .ofs_x = 1, .ofs_y = 0},
    {.bitmap_index = 7072, .adv_w = 202, .box_w = 11, .box_h = 14, .ofs_x = 1, .ofs_y = 0},
    {.bitmap_index = 7149, .adv_w = 247, .box_w = 13, .box_h = 19, .ofs_x = 1, .ofs_y = 0},
    {.bitmap_index = 7273, .adv_w = 223, .box_w = 12, .box_h = 14, .ofs_x = 1, .ofs_y = 0},
    {.bitmap_index = 7357, .adv_w = 143, .box_w = 10, .box_h = 19, .ofs_x = 0, .ofs_y = 0},
    {.bitmap_index = 7452, .adv_w = 229, .box_w = 13, .box_h = 19, .ofs_x = 1, .ofs_y = -5},
    {.bitmap_index = 7576, .adv_w = 246, .box_w = 13, .box_h = 19, .ofs_x = 1, .ofs_y = 0},
    {.bitmap_index = 7700, .adv_w = 117, .box_w = 5, .box_h = 19, .ofs_x = 1, .ofs_y = 0},
    {.bitmap_index = 7748, .adv_w = 118, .box_w = 8, .box_h = 24, .ofs_x = -2, .ofs_y = -5},
    {.bitmap_index = 7844, .adv_w = 232, .box_w = 14, .box_h = 19, .ofs_x = 1, .ofs_y = 0},
    {.bitmap_index = 7977, .adv_w = 121, .box_w = 7, .box_h = 19, .ofs_x = 1, .ofs_y = 0},
    {.bitmap_index = 8044, .adv_w = 370, .box_w = 21, .box_h = 14, .ofs_x = 1, .ofs_y = 0},
    {.bitmap_index = 8191, .adv_w = 246, .box_w = 13, .box_h = 14, .ofs_x = 1, .ofs_y = 0},
    {.bitmap_index = 8282, .adv_w = 240, .box_w = 13, .box_h = 14, .ofs_x = 1, .ofs_y = 0},
    {.bitmap_index = 8373, .adv_w = 247, .box_w = 14, .box_h = 19, .ofs_x = 1, .ofs_y = -5},
    {.bitmap_index = 8506, .adv_w = 247, .box_w = 13, .box_h = 19, .ofs_x = 1, .ofs_y = -5},
    {.bitmap_index = 8630, .adv_w = 168, .box_w = 10, .box_h = 14, .ofs_x = 1, .ofs_y = 0},
    {.bitmap_index = 8700, .adv_w = 190, .box_w = 12, .box_h = 14, .ofs_x = 0, .ofs_y = 0},
    {.bitmap_index = 8784, .adv_w = 162, .box_w = 10, .box_h = 18, .ofs_x = 0, .ofs_y = 0},
    {.bitmap_index = 8874, .adv_w = 245, .box_w = 13, .box_h = 14, .ofs_x = 1, .ofs_y = 0},
    {.bitmap_index = 8965, .adv_w = 221, .box_w = 14, .box_h = 14, .ofs_x = 0, .ofs_y = 0},
    {.bitmap_index = 9063, .adv_w = 331, .box_w = 21, .box_h = 14, .ofs_x = 0, .ofs_y = 0},
    {.bitmap_index = 9210, .adv_w = 216, .box_w = 14, .box_h = 14, .ofs_x = 0, .ofs_y = 0},
    {.bitmap_index = 9308, .adv_w = 220, .box_w = 14, .box_h = 19, .ofs_x = 0, .ofs_y = -5},
    {.bitmap_index = 9441, .adv_w = 196, .box_w = 12, .box_h = 14, .ofs_x = 0, .ofs_y = 0},
    {.bitmap_index = 9525, .adv_w = 145, .box_w = 8, .box_h = 24, .ofs_x = 0, .ofs_y = -5},
    {.bitmap_index = 9621, .adv_w = 114, .box_w = 3, .box_h = 28, .ofs_x = 2, .ofs_y = -7},
    {.bitmap_index = 9663, .adv_w = 145, .box_w = 8, .box_h = 24, .ofs_x = 1, .ofs_y = -5},
    {.bitmap_index = 9759, .adv_w = 227, .box_w = 14, .box_h = 5, .ofs_x = 0, .ofs_y = 7},
    {.bitmap_index = 9794, .adv_w = 384, .box_w = 18, .box_h = 19, .ofs_x = 3, .ofs_y = -2},
    {.bitmap_index = 9965, .adv_w = 384, .box_w = 21, .box_h = 22, .ofs_x = 2, .ofs_y = -2},
    {.bitmap_index = 10196, .adv_w = 384, .box_w = 18, .box_h = 16, .ofs_x = 4, .ofs_y = -2},
    {.bitmap_index = 10340, .adv_w = 384, .box_w = 21, .box_h = 19, .ofs_x = 2, .ofs_y = -1},
    {.bitmap_index = 10540, .adv_w = 384, .box_w = 15, .box_h = 18, .ofs_x = 5, .ofs_y = -2},
    {.bitmap_index = 10675, .adv_w = 384, .box_w = 17, .box_h = 22, .ofs_x = 3, .ofs_y = -2},
    {.bitmap_index = 10862, .adv_w = 384, .box_w = 17, .box_h = 19, .ofs_x = 4, .ofs_y = -3},
    {.bitmap_index = 11024, .adv_w = 384, .box_w = 21, .box_h = 22, .ofs_x = 2, .ofs_y = -2},
    {.bitmap_index = 11255, .adv_w = 384, .box_w = 19, .box_h = 18, .ofs_x = 3, .ofs_y = -2},
    {.bitmap_index = 11426, .adv_w = 384, .box_w = 23, .box_h = 22, .ofs_x = 1, .ofs_y = -2},
    {.bitmap_index = 11679, .adv_w = 384, .box_w = 23, .box_h = 22, .ofs_x = 1, .ofs_y = -2},
    {.bitmap_index = 11932, .adv_w = 384, .box_w = 23, .box_h = 23, .ofs_x = 1, .ofs_y = -2},
    {.bitmap_index = 12197, .adv_w = 384, .box_w = 18, .box_h = 22, .ofs_x = 3, .ofs_y = -2},
    {.bitmap_index = 12395, .adv_w = 384, .box_w = 22, .box_h = 23, .ofs_x = 2, .ofs_y = -2},
    {.bitmap_index = 12648, .adv_w = 384, .box_w = 15, .box_h = 22, .ofs_x = 4, .ofs_y = -2},
    {.bitmap_index = 12813, .adv_w = 384, .box_w = 18, .box_h = 22, .ofs_x = 3, .ofs_y = -2},
    {.bitmap_index = 13011, .adv_w = 384, .box_w = 21, .box_h = 21, .ofs_x = 2, .ofs_y = -2},
    {.bitmap_index = 13232, .adv_w = 384, .box_w = 23, .box_h = 24, .ofs_x = 1, .ofs_y = -3},
    {.bitmap_index = 13508, .adv_w = 384, .box_w = 18, .box_h = 20, .ofs_x = 3, .ofs_y = -2},
    {.bitmap_index = 13688, .adv_w = 384, .box_w = 21, .box_h = 23, .ofs_x = 3, .ofs_y = -2},
    {.bitmap_index = 13930, .adv_w = 384, .box_w = 18, .box_h = 22, .ofs_x = 3, .ofs_y = -2},
    {.bitmap_index = 14128, .adv_w = 384, .box_w = 21, .box_h = 23, .ofs_x = 3, .ofs_y = -2},
    {.bitmap_index = 14370, .adv_w = 384, .box_w = 18, .box_h = 21, .ofs_x = 4, .ofs_y = -2},
    {.bitmap_index = 14559, .adv_w = 384, .box_w = 18, .box_h = 21, .ofs_x = 4, .ofs_y = -2},
    {.bitmap_index = 14748, .adv_w = 384, .box_w = 21, .box_h = 22, .ofs_x = 2, .ofs_y = -2},
    {.bitmap_index = 14979, .adv_w = 384, .box_w = 23, .box_h = 24, .ofs_x = 1, .ofs_y = -3},
    {.bitmap_index = 15255, .adv_w = 384, .box_w = 22, .box_h = 20, .ofs_x = 1, .ofs_y = -1},
    {.bitmap_index = 15475, .adv_w = 384, .box_w = 24, .box_h = 22, .ofs_x = 0, .ofs_y = -2},
    {.bitmap_index = 15739, .adv_w = 384, .box_w = 20, .box_h = 23, .ofs_x = 2, .ofs_y = -3},
    {.bitmap_index = 15969, .adv_w = 384, .box_w = 22, .box_h = 23, .ofs_x = 1, .ofs_y = -3},
    {.bitmap_index = 16222, .adv_w = 384, .box_w = 22, .box_h = 22, .ofs_x = 1, .ofs_y = -2},
    {.bitmap_index = 16464, .adv_w = 384, .box_w = 23, .box_h = 22, .ofs_x = 1, .ofs_y = -2},
    {.bitmap_index = 16717, .adv_w = 384, .box_w = 19, .box_h = 22, .ofs_x = 2, .ofs_y = -2},
    {.bitmap_index = 16926, .adv_w = 384, .box_w = 23, .box_h = 23, .ofs_x = 1, .ofs_y = -2},
    {.bitmap_index = 17191, .adv_w = 384, .box_w = 18, .box_h = 14, .ofs_x = 3, .ofs_y = -1},
    {.bitmap_index = 17317, .adv_w = 384, .box_w = 22, .box_h = 18, .ofs_x = 1, .ofs_y = -1},
    {.bitmap_index = 17515, .adv_w = 384, .box_w = 24, .box_h = 22, .ofs_x = 0, .ofs_y = -1},
    {.bitmap_index = 17779, .adv_w = 384, .box_w = 21, .box_h = 20, .ofs_x = 1, .ofs_y = -2},
    {.bitmap_index = 17989, .adv_w = 384, .box_w = 22, .box_h = 20, .ofs_x = 1, .ofs_y = -2},
    {.bitmap_index = 18209, .adv_w = 384, .box_w = 17, .box_h = 22, .ofs_x = 4, .ofs_y = -2},
    {.bitmap_index = 18396, .adv_w = 384, .box_w = 21, .box_h = 23, .ofs_x = 3, .ofs_y = -2},
    {.bitmap_index = 18638, .adv_w = 384, .box_w = 22, .box_h = 22, .ofs_x = 1, .ofs_y = -2},
    {.bitmap_index = 18880, .adv_w = 384, .box_w = 20, .box_h = 20, .ofs_x = 2, .ofs_y = -1},
    {.bitmap_index = 19080, .adv_w = 384, .box_w = 23, .box_h = 21, .ofs_x = 1, .ofs_y = -1},
    {.bitmap_index = 19322, .adv_w = 384, .box_w = 23, .box_h = 22, .ofs_x = 1, .ofs_y = -2},
    {.bitmap_index = 19575, .adv_w = 384, .box_w = 22, .box_h = 20, .ofs_x = 1, .ofs_y = -2},
    {.bitmap_index = 19795, .adv_w = 384, .box_w = 21, .box_h = 21, .ofs_x = 2, .ofs_y = -2},
    {.bitmap_index = 20016, .adv_w = 384, .box_w = 23, .box_h = 23, .ofs_x = 1, .ofs_y = -2},
    {.bitmap_index = 20281, .adv_w = 384, .box_w = 23, .box_h = 23, .ofs_x = 1, .ofs_y = -2},
    {.bitmap_index = 20546, .adv_w = 384, .box_w = 22, .box_h = 20, .ofs_x = 2, .ofs_y = -2},
    {.bitmap_index = 20766, .adv_w = 384, .box_w = 23, .box_h = 23, .ofs_x = 1, .ofs_y = -2},
    {.bitmap_index = 21031, .adv_w = 384, .box_w = 23, .box_h = 23, .ofs_x = 1, .ofs_y = -2},
    {.bitmap_index = 21296, .adv_w = 384, .box_w = 24, .box_h = 22, .ofs_x = 0, .ofs_y = -2},
    {.bitmap_index = 21560, .adv_w = 384, .box_w = 24, .box_h = 22, .ofs_x = 0, .ofs_y = -2},
    {.bitmap_index = 21824, .adv_w = 384, .box_w = 24, .box_h = 21, .ofs_x = 0, .ofs_y = -2},
    {.bitmap_index = 22076, .adv_w = 384, .box_w = 24, .box_h = 17, .ofs_x = 0, .ofs_y = 0},
    {.bitmap_index = 22280, .adv_w = 384, .box_w = 24, .box_h = 18, .ofs_x = 0, .ofs_y = 0},
    {.bitmap_index = 22496, .adv_w = 384, .box_w = 24, .box_h = 18, .ofs_x = 0, .ofs_y = 0},
    {.bitmap_index = 22712, .adv_w = 384, .box_w = 22, .box_h = 21, .ofs_x = 2, .ofs_y = -2},
    {.bitmap_index = 22943, .adv_w = 384, .box_w = 24, .box_h = 23, .ofs_x = 1, .ofs_y = -2},
    {.bitmap_index = 23219, .adv_w = 384, .box_w = 24, .box_h = 23, .ofs_x = 1, .ofs_y = -2},
    {.bitmap_index = 23495, .adv_w = 384, .box_w = 18, .box_h = 22, .ofs_x = 3, .ofs_y = -2},
    {.bitmap_index = 23693, .adv_w = 384, .box_w = 23, .box_h = 21, .ofs_x = 1, .ofs_y = -2},
    {.bitmap_index = 23935, .adv_w = 384, .box_w = 22, .box_h = 22, .ofs_x = 1, .ofs_y = -2},
    {.bitmap_index = 24177, .adv_w = 384, .box_w = 22, .box_h = 22, .ofs_x = 1, .ofs_y = -2},
    {.bitmap_index = 24419, .adv_w = 384, .box_w = 20, .box_h = 22, .ofs_x = 2, .ofs_y = -2},
    {.bitmap_index = 24639, .adv_w = 384, .box_w = 19, .box_h = 18, .ofs_x = 2, .ofs_y = -2},
    {.bitmap_index = 24810, .adv_w = 384, .box_w = 23, .box_h = 22, .ofs_x = 0, .ofs_y = -2},
    {.bitmap_index = 25063, .adv_w = 384, .box_w = 17, .box_h = 19, .ofs_x = 4, .ofs_y = -3},
    {.bitmap_index = 25225, .adv_w = 384, .box_w = 21, .box_h = 22, .ofs_x = 2, .ofs_y = -2},
    {.bitmap_index = 25456, .adv_w = 384, .box_w = 16, .box_h = 18, .ofs_x = 4, .ofs_y = -2},
    {.bitmap_index = 25600, .adv_w = 384, .box_w = 20, .box_h = 22, .ofs_x = 2, .ofs_y = -2},
    {.bitmap_index = 25820, .adv_w = 384, .box_w = 18, .box_h = 22, .ofs_x = 3, .ofs_y = -2},
    {.bitmap_index = 26018, .adv_w = 384, .box_w = 16, .box_h = 22, .ofs_x = 4, .ofs_y = -2},
    {.bitmap_index = 26194, .adv_w = 384, .box_w = 20, .box_h = 21, .ofs_x = 1, .ofs_y = -2},
    {.bitmap_index = 26404, .adv_w = 384, .box_w = 23, .box_h = 22, .ofs_x = 1, .ofs_y = -2},
    {.bitmap_index = 26657, .adv_w = 384, .box_w = 19, .box_h = 21, .ofs_x = 2, .ofs_y = -2},
    {.bitmap_index = 26857, .adv_w = 384, .box_w = 19, .box_h = 18, .ofs_x = 3, .ofs_y = -2},
    {.bitmap_index = 27028, .adv_w = 384, .box_w = 22, .box_h = 22, .ofs_x = 1, .ofs_y = -2},
    {.bitmap_index = 27270, .adv_w = 384, .box_w = 21, .box_h = 21, .ofs_x = 1, .ofs_y = -2},
    {.bitmap_index = 27491, .adv_w = 384, .box_w = 22, .box_h = 22, .ofs_x = 1, .ofs_y = -2},
    {.bitmap_index = 27733, .adv_w = 384, .box_w = 21, .box_h = 22, .ofs_x = 1, .ofs_y = -2},
    {.bitmap_index = 27964, .adv_w = 384, .box_w = 23, .box_h = 22, .ofs_x = 1, .ofs_y = -2},
    {.bitmap_index = 28217, .adv_w = 384, .box_w = 22, .box_h = 22, .ofs_x = 2, .ofs_y = -2},
    {.bitmap_index = 28459, .adv_w = 384, .box_w = 20, .box_h = 19, .ofs_x = 3, .ofs_y = -3},
    {.bitmap_index = 28649, .adv_w = 384, .box_w = 17, .box_h = 18, .ofs_x = 4, .ofs_y = -3},
    {.bitmap_index = 28802, .adv_w = 0, .box_w = 8, .box_h = 6, .ofs_x = -7, .ofs_y = 16},
    {.bitmap_index = 28826, .adv_w = 0, .box_w = 7, .box_h = 7, .ofs_x = -6, .ofs_y = 15},
    {.bitmap_index = 28851, .adv_w = 384, .box_w = 8, .box_h = 7, .ofs_x = 0, .ofs_y = 14},
    {.bitmap_index = 28879, .adv_w = 384, .box_w = 7, .box_h = 6, .ofs_x = 0, .ofs_y = 14},
    {.bitmap_index = 28900, .adv_w = 384, .box_w = 12, .box_h = 16, .ofs_x = 7, .ofs_y = 0},
    {.bitmap_index = 28996, .adv_w = 384, .box_w = 14, .box_h = 19, .ofs_x = 6, .ofs_y = 0},
    {.bitmap_index = 29129, .adv_w = 384, .box_w = 21, .box_h = 23, .ofs_x = 1, .ofs_y = -2},
    {.bitmap_index = 29371, .adv_w = 384, .box_w = 12, .box_h = 6, .ofs_x = 6, .ofs_y = 6},
    {.bitmap_index = 29407, .adv_w = 384, .box_w = 19, .box_h = 17, .ofs_x = 3, .ofs_y = -3},
    {.bitmap_index = 29569, .adv_w = 384, .box_w = 21, .box_h = 21, .ofs_x = 2, .ofs_y = -2},
    {.bitmap_index = 29790, .adv_w = 384, .box_w = 18, .box_h = 18, .ofs_x = 2, .ofs_y = -2},
    {.bitmap_index = 29952, .adv_w = 384, .box_w = 21, .box_h = 22, .ofs_x = 1, .ofs_y = -2},
    {.bitmap_index = 30183, .adv_w = 384, .box_w = 18, .box_h = 19, .ofs_x = 3, .ofs_y = -3},
    {.bitmap_index = 30354, .adv_w = 384, .box_w = 20, .box_h = 22, .ofs_x = 2, .ofs_y = -2},
    {.bitmap_index = 30574, .adv_w = 384, .box_w = 18, .box_h = 14, .ofs_x = 3, .ofs_y = -1},
    {.bitmap_index = 30700, .adv_w = 384, .box_w = 22, .box_h = 17, .ofs_x = 1, .ofs_y = 0},
    {.bitmap_index = 30887, .adv_w = 384, .box_w = 18, .box_h = 19, .ofs_x = 3, .ofs_y = -3},
    {.bitmap_index = 31058, .adv_w = 384, .box_w = 21, .box_h = 22, .ofs_x = 1, .ofs_y = -2},
    {.bitmap_index = 31289, .adv_w = 384, .box_w = 20, .box_h = 22, .ofs_x = 2, .ofs_y = -2},
    {.bitmap_index = 31509, .adv_w = 384, .box_w = 23, .box_h = 23, .ofs_x = 1, .ofs_y = -2},
    {.bitmap_index = 31774, .adv_w = 384, .box_w = 20, .box_h = 22, .ofs_x = 2, .ofs_y = -2},
    {.bitmap_index = 31994, .adv_w = 384, .box_w = 23, .box_h = 23, .ofs_x = 1, .ofs_y = -2},
    {.bitmap_index = 32259, .adv_w = 384, .box_w = 21, .box_h = 22, .ofs_x = 1, .ofs_y = -2},
    {.bitmap_index = 32490, .adv_w = 384, .box_w = 24, .box_h = 24, .ofs_x = 0, .ofs_y = -3},
    {.bitmap_index = 32778, .adv_w = 384, .box_w = 22, .box_h = 22, .ofs_x = 1, .ofs_y = -2},
    {.bitmap_index = 33020, .adv_w = 384, .box_w = 24, .box_h = 23, .ofs_x = 0, .ofs_y = -2},
    {.bitmap_index = 33296, .adv_w = 384, .box_w = 18, .box_h = 19, .ofs_x = 3, .ofs_y = -1},
    {.bitmap_index = 33467, .adv_w = 384, .box_w = 22, .box_h = 23, .ofs_x = 2, .ofs_y = -2},
    {.bitmap_index = 33720, .adv_w = 384, .box_w = 22, .box_h = 21, .ofs_x = 1, .ofs_y = -2},
    {.bitmap_index = 33951, .adv_w = 384, .box_w = 23, .box_h = 22, .ofs_x = 1, .ofs_y = -2},
    {.bitmap_index = 34204, .adv_w = 384, .box_w = 22, .box_h = 22, .ofs_x = 1, .ofs_y = -2},
    {.bitmap_index = 34446, .adv_w = 384, .box_w = 23, .box_h = 22, .ofs_x = 1, .ofs_y = -2},
    {.bitmap_index = 34699, .adv_w = 384, .box_w = 22, .box_h = 20, .ofs_x = 1, .ofs_y = -2},
    {.bitmap_index = 34919, .adv_w = 384, .box_w = 23, .box_h = 23, .ofs_x = 1, .ofs_y = -2},
    {.bitmap_index = 35184, .adv_w = 384, .box_w = 21, .box_h = 20, .ofs_x = 1, .ofs_y = -1},
    {.bitmap_index = 35394, .adv_w = 384, .box_w = 24, .box_h = 23, .ofs_x = 0, .ofs_y = -2},
    {.bitmap_index = 35670, .adv_w = 384, .box_w = 20, .box_h = 21, .ofs_x = 2, .ofs_y = -2},
    {.bitmap_index = 35880, .adv_w = 384, .box_w = 23, .box_h = 23, .ofs_x = 1, .ofs_y = -2},
    {.bitmap_index = 36145, .adv_w = 384, .box_w = 21, .box_h = 23, .ofs_x = 1, .ofs_y = -2},
    {.bitmap_index = 36387, .adv_w = 384, .box_w = 24, .box_h = 24, .ofs_x = 0, .ofs_y = -3},
    {.bitmap_index = 36675, .adv_w = 384, .box_w = 22, .box_h = 21, .ofs_x = 1, .ofs_y = -2},
    {.bitmap_index = 36906, .adv_w = 384, .box_w = 23, .box_h = 21, .ofs_x = 1, .ofs_y = -2},
    {.bitmap_index = 37148, .adv_w = 384, .box_w = 18, .box_h = 18, .ofs_x = 3, .ofs_y = -3},
    {.bitmap_index = 37310, .adv_w = 384, .box_w = 22, .box_h = 21, .ofs_x = 1, .ofs_y = -2},
    {.bitmap_index = 37541, .adv_w = 384, .box_w = 23, .box_h = 23, .ofs_x = 1, .ofs_y = -2},
    {.bitmap_index = 37806, .adv_w = 384, .box_w = 21, .box_h = 21, .ofs_x = 2, .ofs_y = -2},
    {.bitmap_index = 38027, .adv_w = 384, .box_w = 23, .box_h = 23, .ofs_x = 1, .ofs_y = -2},
    {.bitmap_index = 38292, .adv_w = 384, .box_w = 14, .box_h = 21, .ofs_x = 7, .ofs_y = -2},
    {.bitmap_index = 38439, .adv_w = 384, .box_w = 16, .box_h = 22, .ofs_x = 6, .ofs_y = -2},
    {.bitmap_index = 38615, .adv_w = 384, .box_w = 21, .box_h = 22, .ofs_x = 2, .ofs_y = -2},
    {.bitmap_index = 38846, .adv_w = 384, .box_w = 20, .box_h = 17, .ofs_x = 2, .ofs_y = 0},
    {.bitmap_index = 39016, .adv_w = 384, .box_w = 19, .box_h = 20, .ofs_x = 2, .ofs_y = -2},
    {.bitmap_index = 39206, .adv_w = 384, .box_w = 23, .box_h = 22, .ofs_x = 1, .ofs_y = -2},
    {.bitmap_index = 39459, .adv_w = 384, .box_w = 19, .box_h = 20, .ofs_x = 2, .ofs_y = -1},
    {.bitmap_index = 39649, .adv_w = 384, .box_w = 22, .box_h = 19, .ofs_x = 1, .ofs_y = -1},
    {.bitmap_index = 39858, .adv_w = 384, .box_w = 24, .box_h = 22, .ofs_x = 0, .ofs_y = -1},
    {.bitmap_index = 40122, .adv_w = 384, .box_w = 24, .box_h = 22, .ofs_x = 0, .ofs_y = -1},
    {.bitmap_index = 40386, .adv_w = 384, .box_w = 17, .box_h = 21, .ofs_x = 4, .ofs_y = -1},
    {.bitmap_index = 40565, .adv_w = 384, .box_w = 20, .box_h = 23, .ofs_x = 3, .ofs_y = -2},
    {.bitmap_index = 40795, .adv_w = 384, .box_w = 20, .box_h = 22, .ofs_x = 3, .ofs_y = -2},
    {.bitmap_index = 41015, .adv_w = 384, .box_w = 19, .box_h = 20, .ofs_x = 3, .ofs_y = -2},
    {.bitmap_index = 41205, .adv_w = 384, .box_w = 22, .box_h = 23, .ofs_x = 2, .ofs_y = -2},
    {.bitmap_index = 41458, .adv_w = 384, .box_w = 22, .box_h = 23, .ofs_x = 2, .ofs_y = -2},
    {.bitmap_index = 41711, .adv_w = 384, .box_w = 23, .box_h = 17, .ofs_x = 1, .ofs_y = 0},
    {.bitmap_index = 41907, .adv_w = 384, .box_w = 23, .box_h = 18, .ofs_x = 0, .ofs_y = 0},
    {.bitmap_index = 42114, .adv_w = 384, .box_w = 23, .box_h = 18, .ofs_x = 0, .ofs_y = 0},
    {.bitmap_index = 42321, .adv_w = 384, .box_w = 22, .box_h = 21, .ofs_x = 1, .ofs_y = -2},
    {.bitmap_index = 42552, .adv_w = 384, .box_w = 23, .box_h = 23, .ofs_x = 1, .ofs_y = -2},
    {.bitmap_index = 42817, .adv_w = 384, .box_w = 22, .box_h = 23, .ofs_x = 1, .ofs_y = -2},
    {.bitmap_index = 43070, .adv_w = 384, .box_w = 21, .box_h = 20, .ofs_x = 2, .ofs_y = -2},
    {.bitmap_index = 43280, .adv_w = 384, .box_w = 17, .box_h = 21, .ofs_x = 3, .ofs_y = -2},
    {.bitmap_index = 43459, .adv_w = 384, .box_w = 22, .box_h = 21, .ofs_x = 1, .ofs_y = -2},
    {.bitmap_index = 43690, .adv_w = 384, .box_w = 20, .box_h = 21, .ofs_x = 2, .ofs_y = -2},
    {.bitmap_index = 43900, .adv_w = 384, .box_w = 20, .box_h = 20, .ofs_x = 2, .ofs_y = -2},
    {.bitmap_index = 44100, .adv_w = 384, .box_w = 19, .box_h = 19, .ofs_x = 3, .ofs_y = -3},
    {.bitmap_index = 44281, .adv_w = 384, .box_w = 22, .box_h = 22, .ofs_x = 1, .ofs_y = -2},
    {.bitmap_index = 44523, .adv_w = 384, .box_w = 18, .box_h = 14, .ofs_x = 3, .ofs_y = -1},
    {.bitmap_index = 44649, .adv_w = 384, .box_w = 22, .box_h = 17, .ofs_x = 1, .ofs_y = 0},
    {.bitmap_index = 44836, .adv_w = 384, .box_w = 16, .box_h = 16, .ofs_x = 4, .ofs_y = -2},
    {.bitmap_index = 44964, .adv_w = 384, .box_w = 18, .box_h = 20, .ofs_x = 3, .ofs_y = -2},
    {.bitmap_index = 45144, .adv_w = 384, .box_w = 19, .box_h = 21, .ofs_x = 3, .ofs_y = -2},
    {.bitmap_index = 45344, .adv_w = 384, .box_w = 16, .box_h = 21, .ofs_x = 4, .ofs_y = -2},
    {.bitmap_index = 45512, .adv_w = 384, .box_w = 24, .box_h = 21, .ofs_x = 0, .ofs_y = -2},
    {.bitmap_index = 45764, .adv_w = 384, .box_w = 19, .box_h = 21, .ofs_x = 4, .ofs_y = -2},
    {.bitmap_index = 45964, .adv_w = 384, .box_w = 19, .box_h = 19, .ofs_x = 2, .ofs_y = -1},
    {.bitmap_index = 46145, .adv_w = 384, .box_w = 18, .box_h = 17, .ofs_x = 3, .ofs_y = -3},
    {.bitmap_index = 46298, .adv_w = 384, .box_w = 20, .box_h = 20, .ofs_x = 2, .ofs_y = -2},
    {.bitmap_index = 46498, .adv_w = 384, .box_w = 21, .box_h = 22, .ofs_x = 2, .ofs_y = -2},
    {.bitmap_index = 46729, .adv_w = 384, .box_w = 22, .box_h = 18, .ofs_x = 1, .ofs_y = 0},
    {.bitmap_index = 46927, .adv_w = 384, .box_w = 19, .box_h = 21, .ofs_x = 3, .ofs_y = -2},
    {.bitmap_index = 47127, .adv_w = 384, .box_w = 21, .box_h = 20, .ofs_x = 2, .ofs_y = -1},
    {.bitmap_index = 47337, .adv_w = 384, .box_w = 22, .box_h = 23, .ofs_x = 2, .ofs_y = -2},
    {.bitmap_index = 47590, .adv_w = 384, .box_w = 17, .box_h = 19, .ofs_x = 3, .ofs_y = -3},
    {.bitmap_index = 47752, .adv_w = 384, .box_w = 19, .box_h = 19, .ofs_x = 2, .ofs_y = -3},
    {.bitmap_index = 47933, .adv_w = 384, .box_w = 22, .box_h = 24, .ofs_x = 1, .ofs_y = -2},
    {.bitmap_index = 48197, .adv_w = 384, .box_w = 23, .box_h = 23, .ofs_x = 1, .ofs_y = -2},
    {.bitmap_index = 48462, .adv_w = 384, .box_w = 22, .box_h = 22, .ofs_x = 1, .ofs_y = -1},
    {.bitmap_index = 48704, .adv_w = 384, .box_w = 21, .box_h = 23, .ofs_x = 2, .ofs_y = -2},
    {.bitmap_index = 48946, .adv_w = 384, .box_w = 8, .box_h = 7, .ofs_x = 8, .ofs_y = 6},
    {.bitmap_index = 48974, .adv_w = 384, .box_w = 20, .box_h = 5, .ofs_x = 2, .ofs_y = 7},
    {.bitmap_index = 49024, .adv_w = 384, .box_w = 13, .box_h = 14, .ofs_x = 6, .ofs_y = 1},
    {.bitmap_index = 49115, .adv_w = 384, .box_w = 15, .box_h = 17, .ofs_x = 5, .ofs_y = 1},
    {.bitmap_index = 49243, .adv_w = 384, .box_w = 16, .box_h = 21, .ofs_x = 4, .ofs_y = -2}
};

/*---------------------
 *  CHARACTER MAPPING
 *--------------------*/



/*Collect the unicode lists and glyph_id offsets*/
static const lv_font_fmt_txt_cmap_t cmaps[] =
{
    {
        .range_start = 32, .range_length = 95, .glyph_id_start = 1,
        .unicode_list = NULL, .glyph_id_ofs_list = NULL, .list_length = 0, .type = LV_FONT_FMT_TXT_CMAP_FORMAT0_TINY
    },
    {
        .range_start = 12353, .range_length = 86, .glyph_id_start = 96,
        .unicode_list = NULL, .glyph_id_ofs_list = NULL, .list_length = 0, .type = LV_FONT_FMT_TXT_CMAP_FORMAT0_TINY
    },
    {
        .range_start = 12441, .range_length = 103, .glyph_id_start = 182,
        .unicode_list = NULL, .glyph_id_ofs_list = NULL, .list_length = 0, .type = LV_FONT_FMT_TXT_CMAP_FORMAT0_TINY
    }
};

/*-----------------
 *    KERNING
 *----------------*/


/*Pair left and right glyphs for kerning*/
static const uint16_t kern_pair_glyph_ids[] =
{
    3, 13,
    3, 15,
    3, 34,
    3, 43,
    3, 52,
    3, 57,
    3, 68,
    3, 69,
    3, 70,
    3, 80,
    3, 82,
    3, 84,
    8, 13,
    8, 15,
    8, 34,
    8, 43,
    8, 52,
    8, 57,
    8, 68,
    8, 69,
    8, 70,
    8, 80,
    8, 82,
    8, 84,
    9, 43,
    9, 75,
    13, 3,
    13, 8,
    13, 11,
    13, 53,
    13, 54,
    13, 55,
    13, 56,
    13, 58,
    13, 68,
    13, 69,
    13, 70,
    13, 75,
    13, 80,
    13, 82,
    13, 85,
    13, 87,
    13, 88,
    13, 90,
    14, 43,
    14, 52,
    14, 53,
    14, 55,
    14, 56,
    14, 57,
    14, 58,
    14, 59,
    14, 85,
    14, 87,
    14, 89,
    15, 3,
    15, 8,
    15, 11,
    15, 53,
    15, 54,
    15, 55,
    15, 56,
    15, 58,
    15, 68,
    15, 69,
    15, 70,
    15, 75,
    15, 80,
    15, 82,
    15, 85,
    15, 87,
    15, 88,
    15, 90,
    16, 34,
    16, 36,
    16, 40,
    16, 43,
    16, 48,
    16, 50,
    16, 66,
    16, 68,
    16, 69,
    16, 70,
    16, 72,
    16, 74,
    16, 75,
    16, 80,
    16, 82,
    16, 85,
    16, 86,
    27, 11,
    27, 58,
    27, 75,
    28, 11,
    28, 58,
    28, 75,
    34, 3,
    34, 8,
    34, 11,
    34, 32,
    34, 34,
    34, 36,
    34, 40,
    34, 48,
    34, 50,
    34, 53,
    34, 54,
    34, 55,
    34, 57,
    34, 58,
    34, 59,
    34, 61,
    34, 66,
    34, 71,
    34, 84,
    34, 85,
    34, 86,
    34, 87,
    34, 88,
    34, 89,
    34, 90,
    35, 11,
    35, 43,
    35, 52,
    35, 53,
    35, 55,
    35, 56,
    35, 57,
    35, 58,
    35, 59,
    35, 85,
    35, 87,
    35, 88,
    35, 89,
    35, 90,
    36, 14,
    36, 36,
    36, 40,
    36, 43,
    36, 48,
    36, 50,
    36, 52,
    36, 53,
    36, 54,
    36, 55,
    36, 56,
    36, 57,
    36, 58,
    36, 59,
    36, 72,
    36, 85,
    36, 86,
    36, 87,
    36, 88,
    36, 90,
    37, 11,
    37, 16,
    37, 34,
    37, 43,
    37, 53,
    37, 55,
    37, 56,
    37, 57,
    37, 58,
    37, 59,
    37, 89,
    37, 91,
    38, 68,
    38, 69,
    38, 70,
    38, 80,
    38, 82,
    38, 85,
    38, 87,
    38, 89,
    38, 90,
    39, 13,
    39, 15,
    39, 16,
    39, 34,
    39, 36,
    39, 40,
    39, 43,
    39, 48,
    39, 50,
    39, 52,
    39, 55,
    39, 56,
    39, 57,
    39, 58,
    39, 59,
    39, 66,
    39, 68,
    39, 69,
    39, 70,
    39, 72,
    39, 78,
    39, 79,
    39, 80,
    39, 81,
    39, 82,
    39, 83,
    39, 84,
    39, 85,
    39, 86,
    39, 87,
    39, 88,
    39, 89,
    39, 90,
    39, 91,
    40, 11,
    40, 34,
    40, 53,
    40, 55,
    40, 56,
    43, 13,
    43, 15,
    43, 43,
    44, 3,
    44, 8,
    44, 11,
    44, 14,
    44, 32,
    44, 34,
    44, 36,
    44, 40,
    44, 48,
    44, 50,
    44, 52,
    44, 53,
    44, 54,
    44, 55,
    44, 56,
    44, 58,
    44, 68,
    44, 69,
    44, 70,
    44, 75,
    44, 80,
    44, 82,
    44, 85,
    44, 86,
    44, 87,
    44, 88,
    44, 89,
    44, 90,
    44, 91,
    45, 3,
    45, 8,
    45, 11,
    45, 14,
    45, 32,
    45, 34,
    45, 36,
    45, 40,
    45, 48,
    45, 50,
    45, 52,
    45, 53,
    45, 54,
    45, 55,
    45, 56,
    45, 58,
    45, 61,
    45, 68,
    45, 69,
    45, 70,
    45, 71,
    45, 72,
    45, 80,
    45, 82,
    45, 85,
    45, 86,
    45, 87,
    45, 88,
    45, 90,
    48, 11,
    48, 16,
    48, 34,
    48, 43,
    48, 53,
    48, 55,
    48, 56,
    48, 57,
    48, 58,
    48, 59,
    48, 89,
    48, 91,
    49, 13,
    49, 14,
    49, 15,
    49, 16,
    49, 34,
    49, 43,
    49, 52,
    49, 53,
    49, 57,
    49, 58,
    49, 59,
    49, 66,
    49, 68,
    49, 69,
    49, 70,
    49, 72,
    49, 80,
    49, 82,
    49, 84,
    49, 89,
    49, 91,
    50, 11,
    50, 16,
    50, 34,
    50, 43,
    50, 53,
    50, 55,
    50, 56,
    50, 57,
    50, 58,
    50, 59,
    50, 89,
    50, 91,
    51, 11,
    51, 14,
    51, 34,
    51, 43,
    51, 52,
    51, 53,
    51, 55,
    51, 56,
    51, 57,
    51, 58,
    51, 59,
    51, 66,
    51, 68,
    51, 69,
    51, 70,
    51, 72,
    51, 80,
    51, 82,
    51, 89,
    51, 91,
    52, 11,
    52, 14,
    52, 43,
    52, 52,
    52, 53,
    52, 58,
    52, 85,
    52, 91,
    53, 13,
    53, 14,
    53, 15,
    53, 16,
    53, 27,
    53, 28,
    53, 34,
    53, 36,
    53, 40,
    53, 43,
    53, 48,
    53, 50,
    53, 52,
    53, 57,
    53, 58,
    53, 59,
    53, 66,
    53, 68,
    53, 69,
    53, 70,
    53, 71,
    53, 72,
    53, 78,
    53, 79,
    53, 80,
    53, 81,
    53, 82,
    53, 83,
    53, 84,
    53, 85,
    53, 86,
    53, 87,
    53, 88,
    53, 89,
    53, 90,
    53, 91,
    54, 13,
    54, 15,
    54, 16,
    54, 34,
    54, 43,
    54, 52,
    54, 55,
    54, 57,
    54, 58,
    54, 66,
    54, 72,
    54, 84,
    54, 89,
    55, 13,
    55, 14,
    55, 15,
    55, 16,
    55, 34,
    55, 36,
    55, 40,
    55, 43,
    55, 48,
    55, 50,
    55, 52,
    55, 54,
    55, 55,
    55, 59,
    55, 66,
    55, 68,
    55, 69,
    55, 70,
    55, 72,
    55, 78,
    55, 79,
    55, 80,
    55, 81,
    55, 82,
    55, 83,
    55, 84,
    55, 86,
    55, 87,
    55, 88,
    55, 89,
    55, 90,
    55, 91,
    56, 13,
    56, 14,
    56, 15,
    56, 16,
    56, 36,
    56, 40,
    56, 43,
    56, 48,
    56, 50,
    56, 52,
    56, 59,
    56, 66,
    56, 72,
    56, 91,
    57, 3,
    57, 8,
    57, 11,
    57, 14,
    57, 34,
    57, 36,
    57, 40,
    57, 43,
    57, 48,
    57, 50,
    57, 52,
    57, 53,
    57, 54,
    57, 66,
    57, 68,
    57, 69,
    57, 70,
    57, 71,
    57, 80,
    57, 82,
    57, 85,
    57, 86,
    57, 87,
    57, 88,
    57, 89,
    57, 90,
    57, 91,
    58, 13,
    58, 14,
    58, 15,
    58, 16,
    58, 27,
    58, 28,
    58, 32,
    58, 34,
    58, 36,
    58, 40,
    58, 43,
    58, 48,
    58, 50,
    58, 52,
    58, 53,
    58, 54,
    58, 59,
    58, 66,
    58, 68,
    58, 69,
    58, 70,
    58, 72,
    58, 78,
    58, 79,
    58, 80,
    58, 81,
    58, 82,
    58, 83,
    58, 84,
    58, 85,
    58, 86,
    58, 87,
    58, 88,
    58, 89,
    58, 90,
    58, 91,
    59, 14,
    59, 34,
    59, 36,
    59, 40,
    59, 43,
    59, 48,
    59, 50,
    59, 52,
    59, 54,
    59, 55,
    59, 56,
    59, 58,
    59, 59,
    59, 66,
    59, 68,
    59, 69,
    59, 70,
    59, 71,
    59, 72,
    59, 80,
    59, 82,
    59, 85,
    59, 86,
    59, 87,
    59, 88,
    59, 89,
    59, 90,
    60, 43,
    60, 75,
    61, 53,
    61, 54,
    61, 55,
    61, 56,
    61, 58,
    61, 72,
    61, 75,
    61, 87,
    61, 88,
    61, 90,
    66, 11,
    66, 32,
    66, 53,
    66, 55,
    66, 56,
    66, 58,
    66, 85,
    67, 3,
    67, 8,
    67, 11,
    67, 13,
    67, 14,
    67, 15,
    67, 32,
    67, 53,
    67, 55,
    67, 57,
    67, 58,
    67, 61,
    67, 66,
    67, 71,
    67, 84,
    67, 85,
    67, 87,
    67, 88,
    67, 89,
    67, 90,
    67, 91,
    68, 14,
    68, 53,
    68, 55,
    68, 58,
    68, 66,
    68, 68,
    68, 69,
    68, 70,
    68, 72,
    68, 80,
    68, 82,
    68, 85,
    68, 87,
    68, 88,
    68, 89,
    68, 90,
    70, 11,
    70, 14,
    70, 32,
    70, 43,
    70, 52,
    70, 53,
    70, 55,
    70, 56,
    70, 58,
    70, 61,
    70, 66,
    70, 71,
    70, 72,
    70, 85,
    70, 87,
    70, 88,
    70, 89,
    70, 90,
    70, 91,
    71, 2,
    71, 3,
    71, 8,
    71, 10,
    71, 13,
    71, 14,
    71, 15,
    71, 16,
    71, 32,
    71, 53,
    71, 55,
    71, 56,
    71, 57,
    71, 58,
    71, 61,
    71, 62,
    71, 66,
    71, 68,
    71, 69,
    71, 70,
    71, 72,
    71, 75,
    71, 80,
    71, 82,
    71, 84,
    71, 87,
    71, 89,
    71, 91,
    71, 94,
    72, 10,
    72, 11,
    72, 16,
    72, 32,
    72, 53,
    72, 58,
    72, 62,
    72, 66,
    72, 68,
    72, 69,
    72, 70,
    72, 75,
    72, 80,
    72, 82,
    72, 87,
    72, 88,
    72, 90,
    72, 91,
    72, 94,
    73, 11,
    73, 32,
    73, 53,
    73, 55,
    73, 58,
    76, 11,
    76, 13,
    76, 14,
    76, 15,
    76, 27,
    76, 28,
    76, 32,
    76, 53,
    76, 58,
    76, 66,
    76, 68,
    76, 69,
    76, 70,
    76, 72,
    76, 75,
    76, 80,
    76, 82,
    76, 85,
    76, 86,
    76, 89,
    76, 91,
    77, 75,
    78, 11,
    78, 32,
    78, 53,
    78, 55,
    78, 58,
    79, 11,
    79, 32,
    79, 53,
    79, 55,
    79, 58,
    80, 3,
    80, 8,
    80, 11,
    80, 13,
    80, 14,
    80, 15,
    80, 32,
    80, 53,
    80, 55,
    80, 57,
    80, 58,
    80, 61,
    80, 66,
    80, 71,
    80, 84,
    80, 85,
    80, 87,
    80, 88,
    80, 89,
    80, 90,
    80, 91,
    81, 3,
    81, 8,
    81, 11,
    81, 13,
    81, 14,
    81, 15,
    81, 32,
    81, 53,
    81, 55,
    81, 57,
    81, 58,
    81, 61,
    81, 66,
    81, 71,
    81, 84,
    81, 85,
    81, 87,
    81, 88,
    81, 89,
    81, 90,
    81, 91,
    82, 11,
    82, 53,
    82, 55,
    82, 58,
    83, 13,
    83, 14,
    83, 15,
    83, 16,
    83, 27,
    83, 28,
    83, 34,
    83, 43,
    83, 59,
    83, 61,
    83, 66,
    83, 68,
    83, 69,
    83, 70,
    83, 72,
    83, 80,
    83, 82,
    83, 84,
    83, 87,
    83, 88,
    83, 90,
    83, 91,
    84, 11,
    84, 14,
    84, 32,
    84, 53,
    84, 55,
    84, 58,
    84, 85,
    85, 13,
    85, 14,
    85, 15,
    85, 16,
    85, 27,
    85, 28,
    85, 32,
    85, 53,
    85, 58,
    85, 66,
    85, 68,
    85, 69,
    85, 70,
    85, 72,
    85, 80,
    85, 82,
    85, 84,
    85, 85,
    85, 89,
    86, 11,
    86, 53,
    86, 55,
    86, 58,
    87, 11,
    87, 13,
    87, 14,
    87, 15,
    87, 16,
    87, 34,
    87, 43,
    87, 53,
    87, 55,
    87, 58,
    87, 59,
    87, 66,
    87, 68,
    87, 69,
    87, 70,
    87, 75,
    87, 80,
    87, 82,
    87, 91,
    88, 11,
    88, 13,
    88, 15,
    88, 16,
    88, 34,
    88, 43,
    88, 53,
    88, 55,
    88, 57,
    88, 58,
    88, 66,
    88, 68,
    88, 69,
    88, 70,
    88, 75,
    88, 80,
    88, 82,
    88, 91,
    89, 2,
    89, 11,
    89, 13,
    89, 14,
    89, 15,
    89, 28,
    89, 36,
    89, 40,
    89, 48,
    89, 50,
    89, 52,
    89, 53,
    89, 55,
    89, 57,
    89, 58,
    89, 66,
    89, 68,
    89, 69,
    89, 70,
    89, 80,
    89, 82,
    89, 85,
    89, 90,
    90, 13,
    90, 15,
    90, 16,
    90, 43,
    90, 53,
    90, 55,
    90, 57,
    90, 58,
    90, 66,
    90, 68,
    90, 69,
    90, 70,
    90, 75,
    90, 80,
    90, 82,
    90, 89,
    90, 91,
    91, 14,
    91, 53,
    91, 58,
    91, 66,
    91, 68,
    91, 69,
    91, 70,
    91, 72,
    91, 80,
    91, 82,
    91, 86,
    91, 87,
    91, 90,
    92, 43,
    92, 75,
    97, 133,
    97, 134,
    97, 218,
    97, 219,
    97, 242,
    98, 133,
    98, 134,
    99, 133,
    99, 134,
    99, 167,
    101, 242,
    101, 243,
    101, 244,
    103, 108,
    103, 109,
    103, 110,
    103, 111,
    103, 131,
    103, 132,
    103, 133,
    103, 134,
    103, 151,
    103, 152,
    103, 153,
    103, 170,
    103, 210,
    103, 242,
    103, 243,
    103, 245,
    103, 246,
    103, 247,
    106, 142,
    106, 167,
    107, 167,
    108, 98,
    108, 100,
    108, 101,
    108, 102,
    108, 104,
    108, 130,
    108, 170,
    109, 98,
    109, 100,
    109, 102,
    109, 104,
    109, 110,
    109, 111,
    109, 130,
    109, 162,
    109, 164,
    109, 166,
    110, 101,
    110, 133,
    110, 134,
    110, 158,
    110, 170,
    111, 101,
    111, 133,
    111, 134,
    111, 158,
    111, 170,
    114, 120,
    114, 121,
    114, 130,
    115, 120,
    115, 121,
    115, 133,
    115, 134,
    117, 167,
    118, 120,
    118, 121,
    118, 131,
    118, 132,
    118, 133,
    118, 134,
    118, 163,
    118, 210,
    120, 98,
    120, 100,
    120, 102,
    120, 104,
    120, 130,
    120, 133,
    120, 134,
    120, 148,
    120, 149,
    120, 150,
    120, 151,
    120, 152,
    120, 153,
    120, 162,
    120, 204,
    120, 235,
    120, 245,
    120, 246,
    120, 247,
    121, 127,
    121, 151,
    121, 152,
    121, 153,
    121, 235,
    121, 245,
    121, 246,
    121, 247,
    123, 120,
    123, 121,
    123, 133,
    123, 134,
    123, 151,
    123, 152,
    123, 153,
    126, 157,
    126, 172,
    127, 157,
    127, 172,
    130, 133,
    130, 141,
    133, 97,
    133, 105,
    133, 108,
    133, 109,
    133, 110,
    133, 111,
    133, 124,
    133, 125,
    133, 130,
    133, 131,
    133, 132,
    133, 142,
    133, 143,
    133, 144,
    133, 157,
    133, 161,
    133, 177,
    134, 97,
    134, 111,
    135, 110,
    135, 120,
    135, 121,
    135, 124,
    135, 125,
    135, 130,
    135, 131,
    135, 132,
    135, 133,
    135, 134,
    135, 137,
    135, 141,
    135, 151,
    135, 152,
    135, 153,
    136, 108,
    136, 109,
    136, 110,
    136, 111,
    136, 114,
    136, 115,
    136, 116,
    136, 117,
    136, 124,
    136, 125,
    136, 131,
    136, 132,
    136, 133,
    136, 134,
    136, 137,
    136, 151,
    136, 152,
    136, 153,
    136, 158,
    138, 107,
    138, 110,
    138, 111,
    138, 114,
    138, 115,
    138, 116,
    138, 117,
    138, 120,
    138, 121,
    138, 124,
    138, 125,
    139, 108,
    139, 109,
    139, 128,
    139, 145,
    139, 146,
    139, 147,
    141, 108,
    142, 126,
    142, 127,
    143, 106,
    144, 106,
    145, 135,
    145, 136,
    148, 128,
    148, 129,
    149, 128,
    149, 129,
    150, 128,
    150, 129,
    151, 133,
    151, 134,
    151, 135,
    151, 136,
    152, 133,
    152, 134,
    152, 136,
    153, 133,
    153, 134,
    153, 135,
    153, 136,
    156, 150,
    157, 122,
    157, 123,
    157, 130,
    161, 99,
    161, 101,
    161, 124,
    161, 125,
    161, 131,
    161, 133,
    161, 134,
    161, 135,
    161, 136,
    165, 148,
    165, 149,
    165, 150,
    167, 100,
    167, 130,
    167, 169,
    167, 170,
    168, 120,
    168, 121,
    168, 122,
    168, 123,
    168, 133,
    168, 134,
    169, 131,
    170, 131,
    170, 132,
    170, 225,
    170, 226,
    170, 251,
    171, 131,
    171, 132,
    171, 133,
    171, 134,
    171, 148,
    171, 149,
    171, 150,
    174, 171,
    178, 120,
    178, 133,
    178, 134,
    178, 136,
    191, 135,
    191, 136,
    191, 148,
    191, 149,
    191, 150,
    191, 193,
    191, 204,
    191, 205,
    191, 212,
    191, 213,
    191, 216,
    191, 217,
    191, 222,
    191, 231,
    191, 232,
    191, 235,
    191, 236,
    191, 237,
    191, 238,
    191, 245,
    191, 246,
    191, 247,
    191, 252,
    191, 253,
    191, 254,
    191, 264,
    191, 272,
    191, 281,
    193, 148,
    193, 149,
    193, 150,
    193, 197,
    193, 204,
    193, 205,
    193, 214,
    193, 215,
    193, 220,
    193, 221,
    193, 227,
    193, 231,
    193, 236,
    193, 237,
    193, 238,
    193, 253,
    193, 257,
    193, 259,
    199, 204,
    199, 205,
    199, 253,
    202, 214,
    202, 235,
    202, 272,
    203, 235,
    204, 196,
    204, 204,
    204, 205,
    204, 214,
    204, 215,
    204, 220,
    204, 221,
    204, 235,
    204, 236,
    204, 237,
    204, 238,
    204, 253,
    204, 254,
    204, 264,
    204, 280,
    205, 204,
    205, 205,
    205, 219,
    205, 235,
    205, 253,
    206, 193,
    206, 227,
    206, 228,
    206, 235,
    206, 236,
    206, 237,
    206, 238,
    206, 245,
    206, 246,
    206, 247,
    206, 252,
    206, 253,
    206, 254,
    206, 265,
    206, 272,
    207, 192,
    207, 193,
    207, 196,
    207, 235,
    207, 236,
    207, 237,
    207, 238,
    207, 252,
    207, 253,
    207, 254,
    208, 195,
    209, 214,
    209, 215,
    210, 214,
    210, 235,
    210, 236,
    210, 237,
    210, 238,
    210, 253,
    211, 214,
    211, 235,
    211, 253,
    212, 236,
    212, 237,
    212, 238,
    213, 220,
    213, 221,
    213, 235,
    213, 236,
    213, 237,
    213, 238,
    213, 256,
    213, 258,
    214, 245,
    214, 246,
    214, 247,
    214, 251,
    216, 245,
    216, 254,
    217, 235,
    217, 245,
    218, 235,
    218, 253,
    219, 235,
    220, 235,
    220, 254,
    221, 212,
    221, 213,
    221, 235,
    221, 254,
    222, 235,
    222, 253,
    222, 256,
    223, 196,
    223, 235,
    225, 253,
    226, 235,
    226, 253,
    227, 192,
    227, 235,
    227, 236,
    227, 253,
    228, 192,
    228, 253,
    230, 235,
    231, 235,
    231, 253,
    233, 235,
    234, 208,
    234, 209,
    235, 190,
    235, 192,
    235, 194,
    235, 196,
    235, 198,
    235, 220,
    235, 224,
    235, 258,
    236, 193,
    236, 229,
    237, 229,
    237, 230,
    237, 272,
    238, 229,
    238, 230,
    238, 272,
    240, 192,
    242, 192,
    242, 207,
    242, 253,
    242, 272,
    243, 192,
    244, 192,
    244, 258,
    246, 214,
    246, 215,
    251, 235,
    253, 242,
    253, 243,
    253, 244,
    253, 262,
    257, 193,
    257, 235,
    257, 236,
    257, 237,
    257, 238,
    257, 253,
    257, 254,
    258, 191,
    258, 265,
    261, 148,
    261, 149,
    261, 150,
    262, 212,
    262, 213,
    262, 214,
    262, 215,
    262, 235,
    262, 236,
    262, 237,
    262, 238,
    262, 253,
    262, 254,
    264, 200,
    264, 201,
    264, 208,
    264, 209,
    264, 253,
    264, 272,
    265, 253,
    268, 192,
    268, 235,
    268, 236,
    268, 237,
    268, 238,
    269, 235,
    272, 214,
    272, 215,
    272, 234,
    272, 235,
    272, 242,
    272, 243,
    272, 244,
    272, 253,
    272, 254,
    279, 149,
    281, 133,
    281, 134,
    281, 148,
    281, 149,
    281, 150,
    281, 191,
    281, 192,
    281, 210,
    281, 211,
    281, 212,
    281, 213,
    281, 214,
    281, 215,
    281, 225,
    281, 226,
    281, 235,
    281, 236,
    281, 237,
    281, 238,
    281, 242,
    281, 243,
    281, 244,
    281, 253,
    281, 254,
    281, 272
};

/* Kerning between the respective left and right glyphs
 * 4.4 format which needs to scaled with `kern_scale`*/
static const int8_t kern_pair_values[] =
{
    -58, -58, -31, -49, -7, -7, -11, -11,
    -11, -11, -11, -11, -58, -58, -31, -49,
    -7, -7, -11, -11, -11, -11, -11, -11,
    -11, 33, -53, -53, -71, -45, -13, -34,
    -18, -48, -7, -7, -7, 12, -7, -7,
    -27, -25, -16, -11, -11, -13, -26, -11,
    -7, -17, -34, -11, -12, -8, -10, -53,
    -53, -71, -45, -13, -34, -18, -48, -7,
    -7, -7, 12, -7, -7, -27, -25, -16,
    -11, -20, -7, -7, -37, -7, -7, -14,
    -12, -12, -12, -7, 3, 3, -12, -12,
    -3, -11, -18, -17, 0, -18, -17, 0,
    -31, -31, -40, -17, -3, -7, -7, -7,
    -7, -31, -8, -10, -4, -10, -3, -20,
    5, -7, 5, -10, -3, -8, -5, -5,
    -8, -15, -10, -10, -14, -7, -5, -5,
    -10, -5, -7, -10, -7, -7, -10, -17,
    -17, -17, -7, -17, -17, -14, -8, -10,
    -5, -5, -5, -8, -7, -11, -17, -7,
    -10, -7, -10, -14, -8, -7, -24, -14,
    -7, -3, -13, -11, -11, -10, -8, -7,
    -7, -7, -7, -7, -14, -7, -20, -7,
    -40, -40, -26, -19, -7, -7, -61, -7,
    -7, -13, -4, -4, -14, -6, -15, -18,
    -10, -10, -10, -14, -11, -11, -10, -11,
    -10, -11, -13, -7, -10, -15, -12, -17,
    -12, -22, -12, -5, -11, -10, -5, -14,
    -14, -20, -16, -16, -20, -22, -8, -7,
    -13, -13, -13, -13, -10, -13, -10, -9,
    -7, -12, -8, -8, -8, -7, -8, -8,
    -22, -8, -15, -12, -12, -15, -10, -55,
    -55, -74, -23, -22, -4, -17, -17, -17,
    -17, -14, -54, -17, -36, -27, -38, -37,
    -8, -8, -8, -10, -5, -8, -8, -13,
    -7, -23, -18, -23, -14, -8, -7, -24,
    -14, -7, -3, -13, -11, -11, -10, -8,
    -57, -13, -57, -29, -24, -65, -7, -10,
    -14, -7, -30, -18, -12, -12, -12, -11,
    -12, -12, -7, -10, -11, -14, -8, -7,
    -24, -14, -7, -3, -13, -11, -11, -10,
    -8, -7, -13, -5, -8, -8, -10, -5,
    -1, -5, -7, -7, -5, -7, -7, -7,
    -5, -7, -7, -8, -8, -8, 5, -10,
    -10, -11, -10, -14, -7, -51, -31, -51,
    -35, -11, -11, -20, -14, -14, -56, -14,
    -14, -15, -11, -10, -23, -31, -34, -34,
    -34, -8, -31, -21, -21, -34, -21, -34,
    -21, -28, -8, -21, -13, -14, -15, -13,
    -31, -12, -12, -12, -8, -26, -7, -5,
    -7, -10, -5, -7, -5, -8, -34, -11,
    -34, -17, -10, -7, -7, -31, -7, -7,
    -7, -7, 2, -11, -16, -10, -10, -10,
    -11, -11, -11, -10, -11, -10, -11, -9,
    -15, -7, -7, -10, -7, -12, -18, -7,
    -18, -9, -3, -3, -26, -3, -3, -3,
    -3, -8, -5, -7, -7, -7, -7, -17,
    -4, -13, -13, -7, -13, -13, -10, -11,
    -7, -7, -8, -8, -8, -12, -8, -8,
    -12, -7, -12, -10, -7, -12, -10, -48,
    -34, -48, -26, -17, -17, -8, -10, -10,
    -10, -46, -10, -10, -10, -10, -7, -12,
    -34, -25, -25, -25, -28, -20, -20, -25,
    -20, -25, -20, -25, -22, -18, -10, -14,
    -18, -10, -26, -14, -3, -11, -11, -13,
    -11, -11, -15, -7, -3, -3, -10, -8,
    -8, -9, -9, -9, -11, -8, -9, -9,
    -10, -9, -8, -8, -14, -8, -11, 33,
    -34, -11, -22, -11, -31, 9, 26, -11,
    -7, 1, -23, -13, -14, -12, -5, -14,
    -10, -11, -11, -8, -7, -1, -7, -13,
    -28, -11, -5, -25, -17, -8, -4, -4,
    -13, -5, -5, -13, -5, -7, -15, -11,
    -10, -14, -7, -13, -13, -13, -7, -13,
    -13, -7, -1, -1, -3, -1, -14, 2,
    -8, -11, -11, -14, -12, -7, -17, -15,
    -8, -4, -7, -7, -3, -3, -8, -3,
    -5, 1, 15, 15, 15, -28, -10, -28,
    -5, 8, 17, 25, 17, 9, 19, 16,
    15, -11, -7, -7, -7, -8, -7, -7,
    -7, -5, 1, -5, -10, 15, 1, -13,
    13, -21, -17, -10, 1, -10, -10, -10,
    -10, 17, -10, -10, -5, -5, 1, -10,
    1, -14, -8, -14, -7, -12, -11, 1,
    -32, 1, 1, 1, -13, -23, -9, -7,
    -13, -13, -13, -7, -7, -13, -13, -16,
    -10, -8, -8, 2, -14, -8, -14, -7,
    -12, -14, -8, -14, -7, -12, -11, -11,
    -8, -7, -1, -7, -13, -28, -11, -5,
    -25, -17, -8, -4, -4, -13, -5, -5,
    -13, -5, -7, -11, -11, -8, -7, -1,
    -7, -13, -28, -11, -5, -25, -17, -8,
    -4, -4, -13, -5, -5, -13, -5, -7,
    -10, -11, -10, -15, -36, -14, -36, -14,
    3, 3, -10, -31, -7, 1, -14, -7,
    -7, -7, -7, -7, -7, -5, 3, 2,
    3, -5, -18, 2, -12, -14, -7, -11,
    -11, -5, -17, -5, -3, 1, 1, -17,
    -10, -5, -11, -10, -10, -10, -7, -10,
    -10, -7, -11, -8, -10, -11, -10, -15,
    -7, -25, -8, -25, -11, -8, -20, -11,
    -7, -10, -7, -11, -5, -5, -5, -7,
    -5, -5, -14, -7, -31, -31, -3, -5,
    -15, -14, -7, -10, -14, -7, -5, -5,
    -5, -7, -5, -5, -13, -10, -12, 4,
    -10, -8, 4, -7, -7, -7, -7, -5,
    -13, -10, -7, -18, -7, -13, -13, -13,
    -13, -13, -14, -7, -25, -25, -5, -20,
    -11, -5, -5, -8, -11, -5, -5, -5,
    -7, -5, -5, -10, -14, -12, -12, -11,
    -9, -7, -7, -7, -3, -7, -7, -7,
    -5, -5, -11, 33, -8, -8, -4, -4,
    -8, -8, -8, -12, -12, -8, -8, -8,
    -8, -12, -12, -12, -12, -12, -12, -19,
    -12, -27, -27, -27, -12, -12, -8, -8,
    -8, -8, -8, -15, -19, -19, -15, -15,
    -8, -12, -12, -15, -8, -8, -12, -8,
    -15, 8, 8, -15, -8, -12, -19, -8,
    -12, -12, 15, -8, -8, 4, 4, 12,
    -8, -8, -8, -27, 4, 4, 4, 4,
    -15, -8, -8, -23, -23, -12, -12, -4,
    -8, -8, -12, -15, -8, -15, 4, 4,
    -8, -8, -8, -27, -27, -27, -8, -12,
    -23, -35, -27, -35, -4, -19, -19, -19,
    -27, -27, -27, -27, 8, 8, 12, 12,
    -19, -19, -19, -12, -23, -8, -23, -19,
    12, -12, -12, -12, -12, -12, -12, -12,
    -12, -23, -8, -8, -8, -8, -8, -19,
    -19, -8, -4, 8, -12, -12, -12, -12,
    -12, -12, -15, -15, -12, -12, -12, -4,
    -19, -19, -19, -12, -12, -12, -12, -12,
    -12, -12, -12, -12, -12, -12, -12, -8,
    -8, -8, -19, -19, -19, -12, -8, -8,
    -8, -8, -8, -8, -8, 4, 4, -8,
    -8, -8, -8, -12, -8, -8, -8, -12,
    -8, -8, 8, 8, -12, -12, -12, -12,
    4, 4, 4, 4, -27, -27, -19, -19,
    -15, -15, -15, -15, -15, -15, -15, 4,
    -12, -12, -15, -8, -12, -8, -8, -15,
    -15, -15, -8, -8, -8, -12, -12, -15,
    -12, -8, -12, -8, -8, -8, -8, -12,
    -12, 4, -15, -15, -8, -8, -15, -8,
    -8, -12, -12, 4, 4, 4, -19, -8,
    -19, -19, -12, -8, -12, -12, -8, -8,
    -19, -19, -19, -15, -15, -8, -8, -8,
    -8, -8, -35, -15, -15, -8, -8, -8,
    -8, -8, -27, -19, -4, -15, -23, -4,
    -4, -4, -4, -8, -8, -12, -12, -15,
    -15, -8, -8, -8, -8, -8, -8, -12,
    -8, -8, -8, -12, -12, -27, -12, -15,
    -4, -15, -15, -12, -8, -15, -15, -23,
    -19, -19, -19, -31, -15, -12, -8, -8,
    -8, 4, -8, -8, -8, -8, -8, -23,
    -15, -15, -15, -12, -12, -12, -12, -27,
    -12, -8, -12, -12, -8, -8, -12, -8,
    -8, -8, -4, -19, -12, -15, 8, 8,
    -8, -8, -15, -15, -15, -8, -4, -8,
    -8, -12, -12, -12, -8, -8, -8, -23,
    -23, -23, -19, -27, -27, -27, -27, -12,
    -8, -8, -12, -4, -12, -8, -12, -12,
    -12, 8, 8, -12, -12, -12, -8, -4,
    -8, -12, -8, -12, -8, -23, -12, -8,
    -12, -27, -8, -8, -19, -12, -8, -8,
    -8, -8, -15, -8, -8, -12, -8, -8,
    -8, -8, 12, 12, 12, 19, 12, 12,
    19, -8, -8, -4, -12, 8, -12, -12,
    -8, 8, 8, -12, -23, -23, -23, -19,
    -8, -31, -8, -8, -8, -12, -8, -8,
    -8, -8, -8, -8, -8, -8, -8, -8,
    -8, -4, -4, -4, -12, -12, -12, -12,
    -8, -8, -8, -8, -8, -12, -19, -4,
    -8, -8, -19, -8, -8, -8, -19, -12,
    -12, -12, -8, -12, -8, -23, -23, -15,
    -15, -15, -15, -15, -8, -8, -8, -8,
    -19, -19, -8, -8, -23, -8, -4, -4,
    -23, -23, -23, -12, -15, -19
};

/*Collect the kern pair's data in one place*/
static const lv_font_fmt_txt_kern_pair_t kern_pairs =
{
    .glyph_ids = kern_pair_glyph_ids,
    .values = kern_pair_values,
    .pair_cnt = 1398,
    .glyph_ids_size = 1
};

/*--------------------
 *  ALL CUSTOM DATA
 *--------------------*/

#if LVGL_VERSION_MAJOR == 8
/*Store all the custom data of the font*/
static  lv_font_fmt_txt_glyph_cache_t cache;
#endif

#if LVGL_VERSION_MAJOR >= 8
static const lv_font_fmt_txt_dsc_t font_dsc = {
#else
static lv_font_fmt_txt_dsc_t font_dsc = {
#endif
    .glyph_bitmap = glyph_bitmap,
    .glyph_dsc = glyph_dsc,
    .cmaps = cmaps,
    .kern_dsc = &kern_pairs,
    .kern_scale = 16,
    .cmap_num = 3,
    .bpp = 4,
    .kern_classes = 0,
    .bitmap_format = 0,
#if LVGL_VERSION_MAJOR == 8
    .cache = &cache
#endif
};



/*-----------------
 *  PUBLIC FONT
 *----------------*/

/*Initialize a public general font descriptor*/
#if LVGL_VERSION_MAJOR >= 8
const lv_font_t ui_font_FontJepang24 = {
#else
lv_font_t ui_font_FontJepang24 = {
#endif
    .get_glyph_dsc = lv_font_get_glyph_dsc_fmt_txt,    /*Function pointer to get glyph's data*/
    .get_glyph_bitmap = lv_font_get_bitmap_fmt_txt,    /*Function pointer to get glyph's bitmap*/
    .line_height = 30,          /*The maximum line height required by the font*/
    .base_line = 7,             /*Baseline measured from the bottom of the line*/
#if !(LVGL_VERSION_MAJOR == 6 && LVGL_VERSION_MINOR == 0)
    .subpx = LV_FONT_SUBPX_NONE,
#endif
#if LV_VERSION_CHECK(7, 4, 0) || LVGL_VERSION_MAJOR >= 8
    .underline_position = -3,
    .underline_thickness = 1,
#endif
    .dsc = &font_dsc,          /*The custom font data. Will be accessed by `get_glyph_bitmap/dsc` */
#if LV_VERSION_CHECK(8, 2, 0) || LVGL_VERSION_MAJOR >= 9
    .fallback = NULL,
#endif
    .user_data = NULL,
};



#endif /*#if UI_FONT_FONTJEPANG24*/

